"Date","Queue","Caller","Position","Disconnection","Wait","Extension","Agent","Duration"
"2026-07-24 09:03:31","1001 - Tamil","0776636688","1","Caller","00:00:43","11","Oshadi","00:00:16"
"2026-07-24 09:07:00","1000 - Sinhala","0777921161","1","Agent","00:00:18","10","Praveena","00:01:55"
"2026-07-24 09:14:12","1000 - Sinhala","0751871797","1","Agent","00:00:04","10","Praveena","00:01:32"
"2026-07-24 09:23:53","1000 - Sinhala","0729714443","1","Agent","00:04:09","10","Praveena","00:03:36"
"2026-07-24 09:35:19","1000 - Sinhala","0704423245","1","Agent","00:01:28","11","Oshadi","00:00:46"
"2026-07-24 09:35:59","1000 - Sinhala","0711967747","2","Agent","00:00:08","11","Oshadi","00:00:19"
"2026-07-24 09:42:35","1000 - Sinhala","0729188140","2","Caller","00:02:54","11","Oshadi","00:01:13"
"2026-07-24 09:46:51","1000 - Sinhala","0729188140","1","Agent","00:01:58","10","Praveena","00:01:45"
"2026-07-24 09:48:28","1000 - Sinhala","0766677699","3","Caller","00:04:08","11","Oshadi","00:00:06"
"2026-07-24 09:48:53","1000 - Sinhala","0766003656","2","Caller","00:04:08","11","Oshadi","00:00:46"
"2026-07-24 09:51:43","1000 - Sinhala","0760376331","1","Caller","00:00:09","10","Praveena","00:01:54"
"2026-07-24 09:55:24","1000 - Sinhala","0702647076","1","Caller","00:01:27","10","Praveena","00:02:48"
"2026-07-24 10:02:22","1000 - Sinhala","0761706033","1","Caller","00:00:08","10","Praveena","00:01:36"
"2026-07-24 10:06:33","1000 - Sinhala","0761706033","1","Caller","00:00:03","10","Praveena","00:03:50"
"2026-07-24 10:09:09","1000 - Sinhala","0760376331","1","Agent","00:00:05","10","Praveena","00:02:20"
"2026-07-24 10:10:06","1001 - Tamil","0778950519","1","Agent","00:00:22","11","Oshadi","00:00:44"
"2026-07-24 10:15:25","1000 - Sinhala","0787845846","1","Agent","00:00:04","10","Praveena","00:01:54"
"2026-07-24 10:22:49","1000 - Sinhala","0778950519","1","Caller","00:00:17","11","Oshadi","00:01:40"
"2026-07-24 10:26:23","1000 - Sinhala","0761706033","1","Caller","00:00:04","10","Praveena","00:01:48"
"2026-07-24 10:27:46","1001 - Tamil","0718883591","1","Caller","00:00:12","11","Oshadi","00:01:26"
"2026-07-24 10:32:32","1000 - Sinhala","0707755997","1","Caller","00:00:03","10","Praveena","00:00:16"
"2026-07-24 10:33:42","1001 - Tamil","0718883591","1","Agent","00:00:07","11","Oshadi","00:01:31"
"2026-07-24 10:34:11","1000 - Sinhala","0707755997","1","Caller","00:00:24","10","Praveena","00:00:58"
"2026-07-24 10:36:03","1000 - Sinhala","0707755997","1","Caller","00:01:13","10","Praveena","00:00:17"
"2026-07-24 10:36:56","1000 - Sinhala","0778950519","1","Caller","00:00:03","10","Praveena","00:00:19"
"2026-07-24 10:37:33","1000 - Sinhala","0778950519","1","Caller","00:00:04","10","Praveena","00:00:15"
"2026-07-24 10:39:15","1000 - Sinhala","0778950519","1","Caller","00:01:13","10","Praveena","00:00:14"
"2026-07-24 10:40:22","1000 - Sinhala","0762668628","1","Agent","00:00:07","11","Oshadi","00:00:42"
"2026-07-24 10:49:45","1000 - Sinhala","0707755997","3","Agent","00:00:48","11","Oshadi","00:01:01"
"2026-07-24 10:51:41","1000 - Sinhala","0707755997","1","Caller","00:00:06","10","Praveena","00:01:33"
"2026-07-24 11:00:30","1000 - Sinhala","0778950519","1","Agent","00:00:11","10","Praveena","00:00:42"
"2026-07-24 11:03:00","1000 - Sinhala","0778950519","2","Caller","00:00:56","10","Praveena","00:01:15"
"2026-07-24 11:06:13","1000 - Sinhala","0778950519","1","Caller","00:01:02","10","Praveena","00:00:15"
"2026-07-24 11:11:06","1000 - Sinhala","0777334494","2","Caller","00:02:24","10","Praveena","00:03:37"
"2026-07-24 11:14:22","1000 - Sinhala","0785983627","1","Agent","00:00:12","10","Praveena","00:02:17"
"2026-07-24 11:22:33","1000 - Sinhala","0711967747","1","Agent","00:00:03","10","Praveena","00:00:38"
"2026-07-24 11:22:54","1000 - Sinhala","0729714443","1","Agent","00:00:30","10","Praveena","00:00:19"
"2026-07-24 11:23:55","1000 - Sinhala","0711967747","1","Caller","00:00:14","10","Praveena","00:00:54"
"2026-07-24 11:25:58","1000 - Sinhala","0729714443","1","Agent","00:02:46","10","Praveena","00:00:03"
"2026-07-24 11:33:04","1000 - Sinhala","0710437184","4","Caller","00:01:28","10","Praveena","00:04:27"
"2026-07-24 11:44:02","1000 - Sinhala","0752492103","1","Caller","00:00:03","10","Praveena","00:03:14"
"2026-07-24 11:49:12","1000 - Sinhala","0770323748","1","Agent","00:00:09","10","Praveena","00:00:23"
"2026-07-24 11:52:24","1000 - Sinhala","0770323748","1","Agent","00:00:08","10","Praveena","00:02:55"
"2026-07-24 11:56:19","1000 - Sinhala","0777334494","2","Agent","00:01:44","10","Praveena","00:00:29"
"2026-07-24 11:58:41","1000 - Sinhala","0777334494","1","Agent","00:01:54","10","Praveena","00:00:20"
"2026-07-24 12:05:58","1000 - Sinhala","0777334494","1","Agent","00:00:06","10","Praveena","00:06:36"
"2026-07-24 12:11:20","1000 - Sinhala","0751656641","2","Agent","00:00:32","10","Praveena","00:03:10"
"2026-07-24 12:20:25","1000 - Sinhala","0729714443","1","Agent","00:03:01","10","Praveena","00:02:42"
"2026-07-24 12:31:45","1000 - Sinhala","0779469816","1","Agent","00:00:08","10","Praveena","00:02:11"
"2026-07-24 12:32:34","1001 - Tamil","0768046604","1","Agent","00:00:11","12","Harshika","00:01:48"
"2026-07-24 12:49:39","1000 - Sinhala","0778950519","1","Caller","00:00:05","10","Praveena","00:00:14"
"2026-07-24 12:50:28","1000 - Sinhala","0778950519","1","Caller","00:00:04","10","Praveena","00:00:12"
"2026-07-24 12:58:09","1000 - Sinhala","0778950519","1","Agent","00:00:03","11","Oshadi","00:03:36"
"2026-07-24 13:31:37","1001 - Tamil","0778950519","1","Caller","00:00:06","12","Harshika","00:01:19"
"2026-07-24 13:49:29","1001 - Tamil","0756869636","1","Agent","00:00:06","12","Harshika","00:00:51"
"2026-07-24 13:53:12","1001 - Tamil","0756869636","1","Caller","00:00:59","11","Oshadi","00:02:26"
"2026-07-24 14:03:15","1001 - Tamil","0756869636","1","Agent","00:00:13","11","Oshadi","00:02:29"
"2026-07-24 14:16:40","1000 - Sinhala","0769762677","1","Caller","00:00:04","11","Oshadi","00:02:45"
"2026-07-24 14:22:58","1000 - Sinhala","0778990486","1","Caller","00:03:01","11","Oshadi","00:01:40"
"2026-07-24 14:33:26","1000 - Sinhala","0722949836","2","Agent","00:01:44","11","Oshadi","00:02:38"
"2026-07-24 14:42:10","1000 - Sinhala","0761760421","2","Caller","00:00:58","11","Oshadi","00:01:22"
"2026-07-24 14:52:09","1000 - Sinhala","0705645944","2","Caller","00:02:06","11","Oshadi","00:01:53"
"2026-07-24 14:57:26","1001 - Tamil","0711510908","1","Caller","00:00:08","12","Harshika","00:00:45"
"2026-07-24 15:13:13","1000 - Sinhala","0761760421","1","Agent","00:00:08","11","Oshadi","00:03:50"
"2026-07-24 15:27:53","1000 - Sinhala","0729714443","1","Agent","00:00:09","11","Oshadi","00:06:54"
"2026-07-24 15:30:34","1001 - Tamil","0778950519","1","Caller","00:00:05","12","Harshika","00:02:18"
"2026-07-24 15:36:37","1001 - Tamil","0758008159","1","Agent","00:00:49","12","Harshika","00:02:20"
"2026-07-24 15:39:09","1000 - Sinhala","0767596551","1","Caller","00:00:15","11","Oshadi","00:04:05"
"2026-07-24 15:52:51","1000 - Sinhala","0770814447","1","Agent","00:00:10","10","Praveena","00:00:18"
"2026-07-24 16:11:24","1000 - Sinhala","0778950519","1","Caller","00:00:06","11","Oshadi","00:02:34"
"2026-07-24 16:22:23","1000 - Sinhala","0778950519","1","Caller","00:00:06","11","Oshadi","00:03:40"
"2026-07-24 16:46:22","1000 - Sinhala","0760522246","1","Agent","00:00:06","11","Oshadi","00:02:51"
"2026-07-24 17:05:24","1000 - Sinhala","0762620278","1","Agent","00:00:03","11","Oshadi","00:03:58"
"2026-07-24 17:24:52","1001 - Tamil","0763244740","1","Caller","00:00:09","11","Oshadi","00:02:13"
"2026-07-24 17:39:38","1000 - Sinhala","0755460363","1","Agent","00:00:06","11","Oshadi","00:02:05"
"2026-07-25 09:13:34","1000 - Sinhala","0718271763","1","Agent","00:00:07","11","Oshadi","00:03:39"
"2026-07-25 09:18:56","1001 - Tamil","0771059552","1","Caller","00:00:46","11","Oshadi","00:03:15"
"2026-07-25 09:26:03","1000 - Sinhala","0718271763","1","Agent","00:00:47","11","Oshadi","00:00:21"
"2026-07-25 09:37:58","1000 - Sinhala","0718271763","1","Agent","00:08:17","11","Oshadi","00:02:50"
"2026-07-25 09:41:35","1001 - Tamil","0763244740","1","Agent","00:00:20","12","Harshika","00:00:58"
"2026-07-25 09:53:46","1001 - Tamil","0752638907","1","Agent","00:01:59","12","Harshika","00:02:10"
"2026-07-25 09:55:10","1000 - Sinhala","0767596551","1","Caller","00:00:04","11","Oshadi","00:05:59"
"2026-07-25 10:10:09","1000 - Sinhala","0705884925","1","Agent","00:00:07","11","Oshadi","00:02:21"
"2026-07-25 10:19:27","1000 - Sinhala","0758311632","1","Agent","00:00:06","10","Praveena","00:05:51"
"2026-07-25 10:30:48","1001 - Tamil","0741987954","1","Caller","00:00:08","12","Harshika","00:01:11"
"2026-07-25 10:34:17","1000 - Sinhala","0743670746","1","Caller","00:00:05","10","Praveena","00:02:01"
"2026-07-25 10:41:48","1000 - Sinhala","0777327520","1","Agent","00:00:06","10","Praveena","00:05:56"
"2026-07-25 10:54:49","1000 - Sinhala","0767596551","1","Caller","00:00:07","10","Praveena","00:05:42"
"2026-07-25 11:01:21","1000 - Sinhala","0777402321","1","Agent","00:00:08","10","Praveena","00:02:25"
"2026-07-25 11:10:49","1000 - Sinhala","0777880779","1","Caller","00:00:08","10","Praveena","00:02:03"
"2026-07-25 11:19:21","1000 - Sinhala","0755460363","1","Agent","00:00:07","10","Praveena","00:02:37"
"2026-07-25 11:23:52","1001 - Tamil","0762571238","1","Agent","00:00:06","12","Harshika","00:00:34"
"2026-07-25 11:29:20","1000 - Sinhala","0779301760","2","Agent","00:00:53","10","Praveena","00:03:37"
"2026-07-25 11:40:13","1000 - Sinhala","0779301760","1","Caller","00:00:05","10","Praveena","00:02:59"
"2026-07-25 11:50:18","1000 - Sinhala","0710437184","1","Caller","00:00:40","10","Praveena","00:04:00"
"2026-07-25 11:57:04","1000 - Sinhala","0729188140","1","Agent","00:01:56","10","Praveena","00:01:45"
"2026-07-25 12:07:32","1000 - Sinhala","0721791373","1","Agent","00:00:08","10","Praveena","00:03:39"
"2026-07-25 12:09:27","1001 - Tamil","0773923074","1","Caller","00:00:11","12","Harshika","00:02:12"
"2026-07-25 12:17:17","1000 - Sinhala","0701366128","1","Agent","00:04:13","10","Praveena","00:02:14"
"2026-07-25 12:28:13","1000 - Sinhala","0760367385","2","Agent","00:01:07","10","Praveena","00:03:08"
"2026-07-25 12:41:54","1000 - Sinhala","0705645944","1","Caller","00:00:09","10","Praveena","00:02:51"
"2026-07-25 12:51:16","1000 - Sinhala","0722949836","1","Agent","00:00:10","10","Praveena","00:02:40"
"2026-07-25 12:56:43","1000 - Sinhala","0705126559","1","Agent","00:00:06","10","Praveena","00:01:27"
"2026-07-25 12:58:57","1000 - Sinhala","0702503991","1","Caller","00:00:04","10","Praveena","00:00:10"
"2026-07-25 13:52:35","1000 - Sinhala","0788821215","1","Agent","00:01:21","10","Praveena","00:01:36"
"2026-07-25 14:04:49","1000 - Sinhala","0751656641","2","Caller","00:04:07","10","Praveena","00:03:56"
"2026-07-25 14:10:36","1000 - Sinhala","0759824498","1","Agent","00:00:04","10","Praveena","00:02:16"
"2026-07-25 14:28:04","1000 - Sinhala","0770677525","1","Caller","00:00:08","10","Praveena","00:02:28"
"2026-07-25 14:44:28","1000 - Sinhala","0728876867","1","Agent","00:00:06","10","Praveena","00:03:08"
"2026-07-25 14:51:53","1001 - Tamil","0774206060","1","Agent","00:00:10","12","Harshika","00:00:29"
"2026-07-25 14:57:05","1001 - Tamil","0774206060","1","Agent","00:00:14","12","Harshika","00:02:16"
"2026-07-25 15:00:51","1001 - Tamil","0752116061","1","Agent","00:00:03","12","Harshika","00:03:06"
"2026-07-25 15:20:16","1001 - Tamil","0761328028","1","Caller","00:00:07","12","Harshika","00:04:50"
"2026-07-25 15:25:16","1000 - Sinhala","0760376331","2","Caller","00:01:43","10","Praveena","00:01:16"
"2026-07-25 16:05:48","1000 - Sinhala","0762213075","1","Agent","00:06:28","10","Praveena","00:02:21"
"2026-07-25 16:18:39","1000 - Sinhala","0777258664","1","Caller","00:00:05","10","Praveena","00:02:29"
"2026-07-25 16:28:51","1000 - Sinhala","0718271763","1","Agent","00:00:10","10","Praveena","00:01:48"
"2026-07-25 16:44:21","1000 - Sinhala","0767464982","1","Agent","00:00:04","10","Praveena","00:02:44"
"2026-07-25 17:01:54","1000 - Sinhala","0779923158","1","Agent","00:00:09","10","Praveena","00:02:50"
"2026-07-25 17:07:42","1000 - Sinhala","0769091637","1","Caller","00:00:06","10","Praveena","00:01:57"
"2026-07-25 17:19:50","1000 - Sinhala","0774639527","1","Agent","00:00:06","10","Praveena","00:02:27"
"2026-07-25 17:29:31","1000 - Sinhala","0714944329","1","Caller","00:00:05","10","Praveena","00:02:37"
"2026-07-27 09:10:59","1000 - Sinhala","0740594846","1","Agent","00:00:08","10","Praveena","00:03:44"
"2026-07-27 09:15:07","1001 - Tamil","0763244740","1","Caller","00:00:11","12","Harshika","00:01:56"
"2026-07-27 09:16:41","1000 - Sinhala","0715885820","1","Agent","00:01:21","10","Praveena","00:02:07"
"2026-07-27 09:24:57","1001 - Tamil","0770702331","1","Caller","00:00:17","12","Harshika","00:02:38"
"2026-07-27 09:25:58","1000 - Sinhala","0770399375","2","Caller","00:04:17","10","Praveena","00:01:38"
"2026-07-27 09:42:21","1000 - Sinhala","0769126497","1","Agent","00:00:07","10","Praveena","00:03:25"
"2026-07-27 09:52:36","1000 - Sinhala","0760376331","1","Caller","00:00:44","10","Praveena","00:05:33"
"2026-07-27 09:53:05","1001 - Tamil","0725518575","1","Caller","00:00:12","12","Harshika","00:01:38"
"2026-07-27 10:01:27","1000 - Sinhala","0766003656","1","Agent","00:01:21","10","Praveena","00:02:40"
"2026-07-27 10:08:26","1001 - Tamil","0714108718","1","Caller","00:00:12","12","Harshika","00:01:12"
"2026-07-27 10:08:47","1000 - Sinhala","0778743033","1","Agent","00:00:23","10","Praveena","00:02:22"
"2026-07-27 10:18:46","1000 - Sinhala","0705884925","1","Agent","00:00:08","10","Praveena","00:04:31"
"2026-07-27 10:19:10","1001 - Tamil","0762571238","1","Caller","00:00:14","12","Harshika","00:02:30"
"2026-07-27 10:25:02","1000 - Sinhala","0714944329","2","Caller","00:03:16","10","Praveena","00:01:25"
"2026-07-27 10:36:18","1000 - Sinhala","0705371212","2","Caller","00:03:54","10","Praveena","00:02:07"
"2026-07-27 10:37:18","1001 - Tamil","0758113633","1","Agent","00:00:08","12","Harshika","00:01:32"
"2026-07-27 10:48:03","1000 - Sinhala","0753996622","1","Agent","00:00:12","10","Praveena","00:02:19"
"2026-07-27 10:52:59","1001 - Tamil","0763244740","1","Caller","00:00:09","12","Harshika","00:01:49"
"2026-07-27 10:56:14","1000 - Sinhala","0770424399","1","Agent","00:01:29","10","Praveena","00:02:15"
"2026-07-27 11:02:08","1001 - Tamil","0773619710","1","Caller","00:00:09","12","Harshika","00:01:31"
"2026-07-27 11:10:36","1000 - Sinhala","0769178454","1","Caller","00:01:57","10","Praveena","00:07:23"
"2026-07-27 11:12:52","1001 - Tamil","0762571238","1","Caller","00:00:13","12","Harshika","00:00:38"
"2026-07-27 11:14:25","1000 - Sinhala","0779923158","2","Caller","00:11:22","10","Praveena","00:00:00"
"2026-07-27 11:24:12","1000 - Sinhala","0710576696","1","Caller","00:01:59","10","Praveena","00:00:42"
"2026-07-27 11:31:52","1000 - Sinhala","0710576696","4","Caller","00:06:17","11","Oshadi","00:00:01"
"2026-07-27 11:32:14","1000 - Sinhala","0785983627","5","Agent","00:01:56","11","Oshadi","00:00:17"
"2026-07-27 11:35:45","1000 - Sinhala","0718271763","3","Agent","00:01:19","10","Praveena","00:02:33"
"2026-07-27 11:45:43","1000 - Sinhala","0712712797","2","Agent","00:06:15","10","Praveena","00:02:25"
"2026-07-27 11:46:23","1000 - Sinhala","0706827788","2","Agent","00:01:48","11","Oshadi","00:00:02"
"2026-07-27 11:57:05","1000 - Sinhala","0777402321","1","Agent","00:00:06","10","Praveena","00:01:30"
"2026-07-27 12:01:37","1000 - Sinhala","0776670771","1","Agent","00:00:04","11","Oshadi","00:00:21"
"2026-07-27 12:06:12","1001 - Tamil","0714108718","1","Caller","00:00:17","10","Praveena","00:02:49"
"2026-07-27 12:14:51","1000 - Sinhala","0706636900","1","Agent","00:00:15","10","Praveena","00:01:32"
"2026-07-27 12:28:15","1000 - Sinhala","0754733040","1","Caller","00:06:12","10","Praveena","00:00:17"
"2026-07-27 12:33:21","1001 - Tamil","0773619710","1","Caller","00:01:15","12","Harshika","00:01:29"
"2026-07-27 12:35:51","1000 - Sinhala","0761760421","1","Agent","00:00:08","10","Praveena","00:02:26"
"2026-07-27 12:40:09","1001 - Tamil","0758967335","1","Caller","00:00:07","12","Harshika","00:01:21"
"2026-07-27 12:44:11","1000 - Sinhala","0713694227","2","Agent","00:05:33","10","Praveena","00:01:36"
"2026-07-27 12:52:50","1001 - Tamil","0769278602","1","Caller","00:00:17","12","Harshika","00:03:27"
"2026-07-27 12:54:34","1000 - Sinhala","0112315000","1","Caller","00:01:11","10","Praveena","00:01:58"
"2026-07-27 12:54:55","1001 - Tamil","0740329382","1","Caller","00:01:57","12","Harshika","00:01:22"
"2026-07-27 13:08:34","1001 - Tamil","0760948466","1","Caller","00:00:07","12","Harshika","00:01:23"
"2026-07-27 13:42:40","1001 - Tamil","0755166462","1","Agent","00:00:13","12","Harshika","00:01:52"
"2026-07-27 13:49:38","1000 - Sinhala","0701366128","3","Agent","00:09:33","10","Praveena","00:02:56"
"2026-07-27 13:55:20","1000 - Sinhala","0751656641","1","Agent","00:01:33","10","Praveena","00:02:26"
"2026-07-27 13:59:23","1000 - Sinhala","0742731067","2","Caller","00:00:46","10","Praveena","00:02:32"
"2026-07-27 14:05:03","1001 - Tamil","0773619710","1","Agent","00:02:31","10","Praveena","00:02:06"
"2026-07-27 14:22:35","1000 - Sinhala","0758181195","1","Caller","00:00:55","10","Praveena","00:04:21"
"2026-07-27 14:34:02","1000 - Sinhala","0724836261","1","Caller","00:00:06","10","Praveena","00:00:58"
"2026-07-27 14:46:10","1000 - Sinhala","0762586771","1","Agent","00:00:07","10","Praveena","00:02:28"
"2026-07-27 15:00:31","1000 - Sinhala","0717544156","1","Caller","00:00:08","10","Praveena","00:00:07"
"2026-07-27 15:12:11","1000 - Sinhala","0743670746","1","Agent","00:02:02","10","Praveena","00:04:06"
"2026-07-27 15:21:52","1000 - Sinhala","0760376331","2","Caller","00:01:39","10","Praveena","00:03:17"
"2026-07-27 15:29:45","1000 - Sinhala","0773754078","1","Agent","00:00:09","10","Praveena","00:01:19"
"2026-07-27 15:42:49","1000 - Sinhala","0705645944","1","Caller","00:00:40","10","Praveena","00:02:07"
"2026-07-27 16:14:14","1000 - Sinhala","0789406536","1","Agent","00:00:06","10","Praveena","00:02:04"
"2026-07-27 16:18:57","1000 - Sinhala","0757555888","1","Agent","00:01:49","10","Praveena","00:02:54"
"2026-07-27 16:30:37","1000 - Sinhala","0757555888","1","Caller","00:03:43","10","Praveena","00:04:52"
"2026-07-27 16:35:31","1000 - Sinhala","0720343903","2","Caller","00:02:06","10","Praveena","00:00:01"
"2026-07-27 17:02:41","1000 - Sinhala","0717174785","1","Agent","00:00:06","10","Praveena","00:04:00"
"2026-07-27 17:14:46","1000 - Sinhala","0703327979","1","Agent","00:00:11","10","Praveena","00:03:00"
"2026-07-27 17:21:40","1000 - Sinhala","0778033275","1","Caller","00:00:08","10","Praveena","00:01:51"
"2026-07-27 17:33:23","1001 - Tamil","0760514711","1","Agent","00:00:08","10","Praveena","00:03:53"
"2026-07-27 17:50:37","1000 - Sinhala","0705884925","1","Caller","00:00:08","10","Praveena","00:02:23"
"2026-07-28 09:04:53","1000 - Sinhala","0779694682","2","Agent","00:01:17","10","Praveena","00:03:01"
"2026-07-28 09:13:51","1000 - Sinhala","0740804960","2","Agent","00:02:45","10","Praveena","00:02:09"
"2026-07-28 09:18:51","1001 - Tamil","0758311632","1","Caller","00:00:16","12","Harshika","00:01:37"
"2026-07-28 09:24:31","1000 - Sinhala","0787369065","4","Agent","00:06:19","10","Praveena","00:02:28"
"2026-07-28 09:29:38","1000 - Sinhala","0753996622","2","Agent","00:06:22","10","Praveena","00:01:23"
"2026-07-28 09:33:18","1000 - Sinhala","0718271763","5","Agent","00:05:51","10","Praveena","00:01:49"
"2026-07-28 09:44:31","1000 - Sinhala","0787369065","4","Agent","00:09:59","10","Praveena","00:02:52"
"2026-07-28 09:56:37","1000 - Sinhala","0760088835","1","Agent","00:00:38","10","Praveena","00:03:32"
"2026-07-28 10:01:08","1001 - Tamil","0777577204","1","Agent","00:00:06","12","Harshika","00:01:32"
"2026-07-28 10:03:27","1000 - Sinhala","0777694238","2","Agent","00:01:59","10","Praveena","00:01:06"
"2026-07-28 10:14:46","1000 - Sinhala","0740594846","1","Agent","00:02:44","10","Praveena","00:02:56"
"2026-07-28 10:23:39","1000 - Sinhala","0715885820","4","Agent","00:03:35","10","Praveena","00:02:31"
"2026-07-28 10:26:23","1001 - Tamil","0755166462","1","Agent","00:00:07","12","Harshika","00:01:32"
"2026-07-28 10:34:53","1000 - Sinhala","0778033275","2","Caller","00:01:47","10","Praveena","00:03:54"
"2026-07-28 10:44:54","1001 - Tamil","0703327979","1","Caller","00:00:06","12","Harshika","00:02:08"
"2026-07-28 10:47:02","1001 - Tamil","0762571238","1","Agent","00:00:23","10","Praveena","00:03:30"
"2026-07-28 11:02:48","1000 - Sinhala","0729188140","6","Agent","00:07:04","10","Praveena","00:01:00"
"2026-07-28 11:13:06","1000 - Sinhala","0778144282","2","Agent","00:02:26","10","Praveena","00:02:08"
"2026-07-28 11:16:25","1000 - Sinhala","0705645944","1","Caller","00:01:20","11","Oshadi","00:00:16"
"2026-07-28 11:24:59","1000 - Sinhala","0716565834","2","Agent","00:04:16","10","Praveena","00:03:50"
"2026-07-28 11:39:05","1000 - Sinhala","0762213075","5","Caller","00:12:41","10","Praveena","00:07:26"
"2026-07-28 11:49:07","1001 - Tamil","0720686990","1","Agent","00:00:53","12","Harshika","00:01:47"
"2026-07-28 11:59:59","1000 - Sinhala","0789613392","2","Agent","00:02:52","10","Praveena","00:02:32"
"2026-07-28 12:00:38","1001 - Tamil","0769293448","1","Agent","00:00:11","12","Harshika","00:01:55"
"2026-07-28 12:10:15","1000 - Sinhala","0762213075","3","Agent","00:12:26","10","Praveena","00:03:10"
"2026-07-28 12:19:06","1000 - Sinhala","0756536565","2","Agent","00:01:41","10","Praveena","00:01:44"
"2026-07-28 12:36:36","1000 - Sinhala","0761760421","1","Agent","00:01:23","10","Praveena","00:09:07"
"2026-07-28 12:50:43","1000 - Sinhala","0727427156","2","Agent","00:05:58","10","Praveena","00:03:32"
"2026-07-28 12:59:50","1000 - Sinhala","0729366098","1","Agent","00:00:14","10","Praveena","00:04:38"
"2026-07-28 13:04:21","1000 - Sinhala","0777764836","2","Caller","00:00:06","11","Oshadi","00:01:08"
"2026-07-28 13:29:56","1000 - Sinhala","0772458216","1","Agent","00:26:47","10","Praveena","00:00:26"
"2026-07-28 13:30:39","1000 - Sinhala","0743544750","7","Agent","00:03:06","11","Oshadi","00:01:03"
"2026-07-28 13:37:00","1000 - Sinhala","0711770091","2","Agent","00:00:04","11","Oshadi","00:02:30"
"2026-07-28 13:42:49","1001 - Tamil","0758311632","1","Agent","00:00:07","12","Harshika","00:04:54"
"2026-07-28 13:53:23","1000 - Sinhala","0716134721","1","Caller","00:03:04","10","Praveena","00:02:56"
"2026-07-28 14:02:29","1001 - Tamil","0754180631","1","Agent","00:02:12","10","Praveena","00:01:47"
"2026-07-28 14:11:05","1000 - Sinhala","0763234956","3","Caller","00:05:46","10","Praveena","00:00:17"
"2026-07-28 14:20:56","1000 - Sinhala","0712289062","2","Agent","00:08:27","10","Praveena","00:00:42"
"2026-07-28 14:21:55","1000 - Sinhala","0771164694","2","Agent","00:00:51","11","Oshadi","00:01:47"
"2026-07-28 14:25:14","1000 - Sinhala","0714269714","2","Agent","00:00:04","11","Oshadi","00:01:06"
"2026-07-28 14:26:58","1000 - Sinhala","0776630606","2","Caller","00:01:01","11","Oshadi","00:01:41"
"2026-07-28 14:33:26","1000 - Sinhala","0755535008","2","Caller","00:00:04","11","Oshadi","00:02:00"
"2026-07-28 14:33:58","1000 - Sinhala","0757125471","1","Caller","00:00:12","10","Praveena","00:02:29"
"2026-07-28 14:37:31","1000 - Sinhala","0763234956","1","Caller","00:01:22","11","Oshadi","00:04:00"
"2026-07-28 14:43:54","1000 - Sinhala","0717174785","2","Agent","00:08:36","10","Praveena","00:02:14"
"2026-07-28 14:44:59","1000 - Sinhala","0763726924","2","Agent","00:05:27","11","Oshadi","00:02:25"
"2026-07-28 14:47:16","1000 - Sinhala","0760727316","3","Agent","00:00:18","11","Oshadi","00:02:13"
"2026-07-28 15:02:46","1000 - Sinhala","0762213075","4","Caller","00:08:49","10","Praveena","00:11:36"
"2026-07-28 15:11:29","1001 - Tamil","0720742724","1","Caller","00:00:46","12","Harshika","00:02:15"
"2026-07-28 15:12:51","1000 - Sinhala","0776313752","1","Caller","00:00:05","11","Oshadi","00:01:11"
"2026-07-28 15:13:39","1000 - Sinhala","0772973900","3","Caller","00:03:21","10","Praveena","00:02:49"
"2026-07-28 15:14:21","1000 - Sinhala","0751606952","1","Caller","00:00:03","11","Oshadi","00:01:23"
"2026-07-28 15:16:41","1000 - Sinhala","0777943630","1","Caller","00:01:45","11","Oshadi","00:01:52"
"2026-07-28 15:19:15","1000 - Sinhala","0761515830","2","Caller","00:00:17","11","Oshadi","00:02:29"
"2026-07-28 15:25:04","1001 - Tamil","0702489523","1","Agent","00:13:22","12","Harshika","00:00:11"
"2026-07-28 15:26:03","1000 - Sinhala","0779830498","1","Caller","00:00:06","11","Oshadi","00:01:08"
"2026-07-28 15:32:29","1000 - Sinhala","0770702331","2","Caller","00:00:05","11","Oshadi","00:04:27"
"2026-07-28 15:33:47","1000 - Sinhala","0754167400","2","Agent","00:00:35","11","Oshadi","00:01:14"
"2026-07-28 15:34:03","1000 - Sinhala","0777815489","1","Agent","00:04:56","10","Praveena","00:03:12"
"2026-07-28 15:36:59","1001 - Tamil","0702489523","2","Agent","00:02:39","12","Harshika","00:01:59"
"2026-07-28 15:38:27","1000 - Sinhala","0721175996","1","Caller","00:01:11","10","Praveena","00:03:00"
"2026-07-28 15:43:36","1000 - Sinhala","0772283845","3","Agent","00:04:56","10","Praveena","00:01:46"
"2026-07-28 16:06:34","1000 - Sinhala","0729188140","3","Agent","00:05:57","11","Oshadi","00:01:59"
"2026-07-28 16:11:26","1000 - Sinhala","0772973900","1","Caller","00:03:38","10","Praveena","00:03:01"
"2026-07-28 16:11:38","1000 - Sinhala","0724151556","1","Caller","00:00:04","11","Oshadi","00:02:37"
"2026-07-28 16:16:51","1000 - Sinhala","0764730816","2","Agent","00:00:04","11","Oshadi","00:01:07"
"2026-07-28 16:16:54","1001 - Tamil","0768240858","1","Agent","00:00:09","12","Harshika","00:02:16"
"2026-07-28 16:18:52","1000 - Sinhala","0724151556","1","Caller","00:00:08","10","Praveena","00:03:12"
"2026-07-28 16:30:48","1000 - Sinhala","0754924035","1","Agent","00:00:13","10","Praveena","00:04:22"
"2026-07-28 16:35:57","1000 - Sinhala","0704222284","1","Caller","00:01:23","10","Praveena","00:01:39"
"2026-07-28 16:45:17","1000 - Sinhala","0707108719","2","Caller","00:00:05","11","Oshadi","00:01:43"
"2026-07-28 16:48:12","1000 - Sinhala","0754924035","1","Caller","00:00:42","10","Praveena","00:02:46"
"2026-07-28 16:52:56","1000 - Sinhala","0729188140","1","Agent","00:03:30","11","Oshadi","00:00:58"
"2026-07-28 16:58:18","1000 - Sinhala","0711603357","1","Caller","00:00:11","10","Praveena","00:03:37"
"2026-07-28 17:02:52","1000 - Sinhala","0764042433","2","Agent","00:00:05","11","Oshadi","00:01:07"
"2026-07-28 17:05:48","1001 - Tamil","0752116061","1","Caller","00:00:17","12","Harshika","00:02:14"
"2026-07-28 17:07:56","1000 - Sinhala","0773316347","1","Caller","00:00:06","11","Oshadi","00:01:48"
"2026-07-28 17:08:08","1000 - Sinhala","0703679594","1","Agent","00:01:14","10","Praveena","00:03:55"
"2026-07-28 17:13:23","1000 - Sinhala","0710508422","1","Caller","00:00:15","11","Oshadi","00:00:53"
"2026-07-28 17:16:09","1000 - Sinhala","0705504948","1","Agent","00:00:54","10","Praveena","00:01:46"
"2026-07-28 17:26:49","1000 - Sinhala","0777311623","1","Caller","00:00:13","10","Praveena","00:01:53"
"2026-07-28 17:31:02","1000 - Sinhala","0703380007","1","Caller","00:00:04","11","Oshadi","00:04:24"
"2026-07-28 17:35:47","1000 - Sinhala","0703380007","1","Agent","00:00:43","10","Praveena","00:00:07"
"2026-07-28 17:39:05","1000 - Sinhala","0703380007","2","Caller","00:00:05","11","Oshadi","00:03:03"
"2026-07-28 17:41:06","1000 - Sinhala","0741695514","1","Agent","00:00:08","10","Praveena","00:05:04"
"2026-07-28 18:01:42","1000 - Sinhala","0701470101","2","Agent","00:00:05","11","Oshadi","00:02:39"
"2026-07-30 09:08:10","1000 - Sinhala","0701366128","1","Agent","00:08:00","10","Praveena","00:02:59"
"2026-07-30 09:15:06","1000 - Sinhala","0769415784","1","Caller","00:00:06","10","Praveena","00:03:10"
"2026-07-30 09:23:32","1000 - Sinhala","0763556584","2","Agent","00:02:09","10","Praveena","00:01:32"
"2026-07-30 09:25:08","1001 - Tamil","0763209293","1","Caller","00:01:32","12","Harshika","00:00:41"
"2026-07-30 09:33:28","1000 - Sinhala","0770491722","2","Agent","00:01:36","10","Praveena","00:00:43"
"2026-07-30 09:45:38","1001 - Tamil","0717444960","2","Agent","00:03:58","10","Praveena","00:03:31"
"2026-07-30 09:55:17","1000 - Sinhala","0760806763","7","Agent","00:04:47","10","Praveena","00:03:25"
"2026-07-30 10:00:42","1001 - Tamil","0741442872","1","Caller","00:00:15","12","Harshika","00:02:24"
"2026-07-30 10:04:53","1000 - Sinhala","0715785160","5","Agent","00:04:06","10","Praveena","00:03:29"
"2026-07-30 10:05:19","1001 - Tamil","0755242773","2","Agent","00:04:42","12","Harshika","00:02:34"
"2026-07-30 10:13:21","1000 - Sinhala","0714419253","3","Agent","00:02:26","10","Praveena","00:02:49"
"2026-07-30 10:14:09","1001 - Tamil","0755242773","1","Agent","00:05:33","12","Harshika","00:01:18"
"2026-07-30 10:21:42","1000 - Sinhala","0770054354","3","Agent","00:11:17","10","Praveena","00:00:14"
"2026-07-30 10:24:40","1001 - Tamil","0763244740","1","Caller","00:00:20","12","Harshika","00:02:32"
"2026-07-30 10:28:57","1000 - Sinhala","0701406854","7","Agent","00:15:29","10","Praveena","00:00:06"
"2026-07-30 10:29:12","1000 - Sinhala","0765813669","3","Agent","00:10:49","10","Praveena","00:00:01"
"2026-07-30 10:29:24","1000 - Sinhala","0789408875","6","Agent","00:01:04","10","Praveena","00:00:01"
"2026-07-30 10:32:11","1000 - Sinhala","0763556584","7","Caller","00:01:02","10","Praveena","00:02:33"
"2026-07-30 10:34:27","1000 - Sinhala","0716179271","8","Caller","00:03:40","10","Praveena","00:01:59"
"2026-07-30 10:43:41","1001 - Tamil","0767485212","1","Caller","00:00:11","12","Harshika","00:02:41"
"2026-07-30 10:44:58","1000 - Sinhala","0701406854","5","Agent","00:10:25","10","Praveena","00:03:09"
"2026-07-30 10:52:57","1001 - Tamil","0712600037","1","Caller","00:00:07","12","Harshika","00:00:24"
"2026-07-30 10:55:37","1001 - Tamil","0763244740","1","Caller","00:00:22","10","Praveena","00:04:32"
"2026-07-30 11:04:27","1001 - Tamil","0755242773","2","Agent","00:02:40","10","Praveena","00:03:03"
"2026-07-30 11:08:14","1001 - Tamil","0776383682","1","Caller","00:00:08","12","Harshika","00:04:34"
"2026-07-30 11:12:27","1000 - Sinhala","0776313752","4","Caller","00:07:01","10","Praveena","00:01:19"
"2026-07-30 11:15:42","1000 - Sinhala","0706098681","2","Caller","00:01:28","11","Oshadi","00:01:40"
"2026-07-30 11:17:37","1000 - Sinhala","0711603357","3","Caller","00:00:20","11","Oshadi","00:01:51"
"2026-07-30 11:24:02","1000 - Sinhala","0777635008","3","Caller","00:05:32","10","Praveena","00:02:34"
"2026-07-30 11:28:47","1001 - Tamil","0703537729","1","Agent","00:00:06","12","Harshika","00:02:15"
"2026-07-30 11:33:37","1001 - Tamil","0775385988","1","Agent","00:00:24","10","Praveena","00:02:46"
"2026-07-30 11:40:11","1000 - Sinhala","0706827788","7","Agent","00:10:28","10","Praveena","00:00:08"
"2026-07-30 11:43:04","1000 - Sinhala","0760590537","7","Agent","00:09:55","10","Praveena","00:02:01"
"2026-07-30 12:02:26","1000 - Sinhala","0757743535","5","Agent","00:07:28","10","Praveena","00:02:12"
"2026-07-30 12:04:51","1001 - Tamil","0767485212","1","Caller","00:00:10","12","Harshika","00:02:11"
"2026-07-30 12:11:01","1000 - Sinhala","0768615295","3","Agent","00:03:16","10","Praveena","00:00:23"
"2026-07-30 12:18:50","1001 - Tamil","0753776778","1","Caller","00:00:21","12","Harshika","00:01:43"
"2026-07-30 12:21:29","1000 - Sinhala","0771398984","2","Agent","00:03:17","10","Praveena","00:01:17"
"2026-07-30 12:32:59","1000 - Sinhala","0742947001","3","Agent","00:06:55","10","Praveena","00:02:33"
"2026-07-30 12:36:46","1001 - Tamil","0775385988","1","Caller","00:00:11","12","Harshika","00:03:42"
"2026-07-30 12:42:39","1001 - Tamil","0720742724","1","Agent","00:00:09","12","Harshika","00:01:05"
"2026-07-30 12:48:58","1000 - Sinhala","0778236250","3","Caller","00:01:14","11","Oshadi","00:01:26"
"2026-07-30 12:50:36","1000 - Sinhala","0771164694","2","Caller","00:01:14","11","Oshadi","00:01:34"
"2026-07-30 12:52:29","1001 - Tamil","0755242773","2","Agent","00:08:42","10","Praveena","00:02:17"
"2026-07-30 13:01:47","1000 - Sinhala","0917383191","2","Caller","00:04:44","10","Praveena","00:01:14"
"2026-07-30 13:02:55","1000 - Sinhala","0763781666","2","Agent","00:01:50","11","Oshadi","00:02:55"
"2026-07-30 13:05:23","1000 - Sinhala","0763556584","2","Agent","00:00:47","11","Oshadi","00:02:25"
"2026-07-30 13:06:23","1001 - Tamil","0752116061","1","Caller","00:00:17","12","Harshika","00:01:19"
"2026-07-30 13:10:07","1000 - Sinhala","0786132063","6","Agent","00:02:06","11","Oshadi","00:01:44"
"2026-07-30 13:11:45","1000 - Sinhala","0752062902","2","Agent","00:00:15","11","Oshadi","00:01:35"
"2026-07-30 13:15:51","1000 - Sinhala","0715844880","2","Agent","00:02:33","11","Oshadi","00:01:05"
"2026-07-30 13:18:04","1000 - Sinhala","0773402385","2","Agent","00:00:19","11","Oshadi","00:01:26"
"2026-07-30 13:26:03","1000 - Sinhala","0779456698","2","Caller","00:00:06","11","Oshadi","00:02:50"
"2026-07-30 13:28:47","1000 - Sinhala","0754641365","2","Agent","00:00:04","11","Oshadi","00:02:41"
"2026-07-30 13:35:02","1000 - Sinhala","0774237392","3","Agent","00:00:57","11","Oshadi","00:00:41"
"2026-07-30 13:39:03","1000 - Sinhala","0755162876","2","Agent","00:00:09","11","Oshadi","00:01:29"
"2026-07-30 14:13:32","1000 - Sinhala","0718833584","1","Agent","00:00:04","10","Praveena","00:02:09"
"2026-07-30 14:16:51","1001 - Tamil","0752116061","1","Caller","00:00:16","10","Praveena","00:02:00"
"2026-07-30 14:23:01","1000 - Sinhala","0412246898","3","Caller","00:03:27","10","Praveena","00:02:22"
"2026-07-30 14:30:44","1000 - Sinhala","0718271763","3","Agent","00:06:06","10","Praveena","00:04:05"
"2026-07-30 14:41:42","1000 - Sinhala","0761760421","2","Caller","00:06:57","10","Praveena","00:04:26"
"2026-07-30 14:43:09","1001 - Tamil","0754595558","1","Caller","00:00:25","12","Harshika","00:03:03"
"2026-07-30 14:46:15","1000 - Sinhala","0773481113","2","Caller","00:00:58","10","Praveena","00:02:21"
"2026-07-30 14:54:18","1000 - Sinhala","0742947001","1","Agent","00:03:04","10","Praveena","00:03:21"
"2026-07-30 14:59:39","1001 - Tamil","0779830498","1","Caller","00:00:05","12","Harshika","00:01:57"
"2026-07-30 15:09:50","1000 - Sinhala","0751656641","2","Agent","00:00:38","10","Praveena","00:02:43"
"2026-07-30 15:19:09","1001 - Tamil","0751354093","1","Agent","00:00:10","12","Harshika","00:02:24"
"2026-07-30 15:37:53","1001 - Tamil","0740652225","1","Caller","00:00:08","12","Harshika","00:02:56"
"2026-07-30 15:38:03","1000 - Sinhala","0772361177","2","Caller","00:00:06","11","Oshadi","00:01:28"
"2026-07-30 15:42:51","1000 - Sinhala","0714927594","1","Agent","00:01:17","10","Praveena","00:03:48"
"2026-07-30 15:52:08","1000 - Sinhala","0776920500","3","Agent","00:02:10","11","Oshadi","00:02:05"
"2026-07-30 15:52:43","1000 - Sinhala","0729945830","4","Agent","00:01:20","10","Praveena","00:02:17"
"2026-07-30 15:55:09","1001 - Tamil","0777589358","1","Caller","00:00:19","12","Harshika","00:01:32"
"2026-07-30 15:59:59","1000 - Sinhala","0759691172","1","Agent","00:00:06","10","Praveena","00:02:33"
"2026-07-30 16:09:45","1001 - Tamil","0755852242","1","Agent","00:00:07","12","Harshika","00:06:07"
"2026-07-30 16:22:28","1000 - Sinhala","0769415784","2","Agent","00:00:52","10","Praveena","00:03:05"
"2026-07-30 16:32:50","1001 - Tamil","0720686990","1","Caller","00:00:14","10","Praveena","00:01:21"
"2026-07-30 16:34:13","1000 - Sinhala","0752062902","1","Agent","00:00:05","11","Oshadi","00:01:22"
"2026-07-30 16:39:56","1000 - Sinhala","0779460998","1","Caller","00:00:07","11","Oshadi","00:02:00"
"2026-07-30 16:49:45","1000 - Sinhala","0740349039","1","Agent","00:00:12","10","Praveena","00:02:00"
"2026-07-30 16:51:59","1001 - Tamil","0767995312","1","Caller","00:00:10","12","Harshika","00:02:18"
"2026-07-30 17:01:08","1000 - Sinhala","0717174785","2","Agent","00:03:14","10","Praveena","00:02:11"
"2026-07-30 17:04:04","1001 - Tamil","0753776778","1","Caller","00:00:09","12","Harshika","00:01:04"
"2026-07-30 17:10:21","1000 - Sinhala","0775134377","2","Agent","00:05:42","10","Praveena","00:01:31"
"2026-07-30 17:10:51","1001 - Tamil","0755311564","1","Agent","00:00:58","12","Harshika","00:02:00"
"2026-07-30 17:21:09","1001 - Tamil","0767995312","1","Agent","00:00:47","12","Harshika","00:02:06"
"2026-07-30 17:23:46","1000 - Sinhala","0741319230","1","Caller","00:08:44","10","Praveena","00:03:40"
"2026-07-30 17:27:49","1000 - Sinhala","0778236250","3","Caller","00:03:03","10","Praveena","00:01:48"
"2026-07-30 17:30:04","1001 - Tamil","0753776778","1","Caller","00:01:09","12","Harshika","00:01:02"
"2026-07-30 17:33:40","1000 - Sinhala","0777750663","2","Agent","00:00:55","10","Praveena","00:02:45"
"2026-07-30 17:40:52","1001 - Tamil","0775385988","1","Agent","00:00:09","12","Harshika","00:01:41"
"2026-07-31 09:08:38","1000 - Sinhala","0770165248","2","Agent","00:02:58","10","Praveena","00:02:00"
"2026-07-31 09:18:18","1000 - Sinhala","0770776138","2","Agent","00:00:17","10","Praveena","00:01:31"
"2026-07-31 09:20:18","1001 - Tamil","0760367385","1","Caller","00:00:40","12","Harshika","00:01:32"
"2026-07-31 09:30:04","1000 - Sinhala","0768423637","3","Caller","00:06:08","10","Praveena","00:03:38"
"2026-07-31 09:35:17","1001 - Tamil","0788592223","1","Caller","00:00:06","12","Harshika","00:01:36"
"2026-07-31 09:48:49","1000 - Sinhala","0771663603","2","Agent","00:01:43","10","Praveena","00:02:33"
"2026-07-31 09:50:30","1001 - Tamil","0788592223","1","Caller","00:00:15","12","Harshika","00:00:25"
"2026-07-31 09:58:03","1000 - Sinhala","0712154487","1","Caller","00:01:05","10","Praveena","00:03:21"
"2026-07-31 10:03:11","1000 - Sinhala","0703799729","3","Agent","00:02:53","10","Praveena","00:01:52"
"2026-07-31 10:09:02","1001 - Tamil","0755424722","1","Caller","00:00:06","12","Harshika","00:01:37"
"2026-07-31 10:16:37","1000 - Sinhala","0743540498","1","Agent","00:00:28","10","Praveena","00:03:09"
"2026-07-31 10:20:04","1001 - Tamil","0765858862","1","Caller","00:00:07","12","Harshika","00:01:23"
"2026-07-31 10:26:01","1000 - Sinhala","0767737723","5","Agent","00:07:21","10","Praveena","00:02:37"
"2026-07-31 10:36:07","1000 - Sinhala","0756536565","4","Agent","00:04:21","10","Praveena","00:02:32"
"2026-07-31 10:46:03","1000 - Sinhala","0765536247","2","Agent","00:01:20","10","Praveena","00:02:58"
"2026-07-31 10:46:44","1001 - Tamil","0773152753","1","Agent","00:00:05","12","Harshika","00:01:43"
"2026-07-31 10:54:59","1000 - Sinhala","0711603357","3","Agent","00:02:44","10","Praveena","00:01:51"
"2026-07-31 11:00:37","1001 - Tamil","0777577204","1","Caller","00:00:06","12","Harshika","00:02:07"
"2026-07-31 11:03:16","1000 - Sinhala","0114507595","2","Caller","00:03:41","10","Praveena","00:00:36"
"2026-07-31 11:14:00","1000 - Sinhala","0761173650","1","Caller","00:00:12","10","Praveena","00:00:39"
"2026-07-31 11:17:10","1000 - Sinhala","0718679119","1","Agent","00:01:29","10","Praveena","00:01:45"
"2026-07-31 11:24:59","1000 - Sinhala","0710842249","3","Agent","00:08:11","10","Praveena","00:02:05"
"2026-07-31 11:26:53","1001 - Tamil","0765858862","1","Caller","00:00:05","12","Harshika","00:01:59"
"2026-07-31 11:32:03","1000 - Sinhala","0778236250","5","Agent","00:10:58","10","Praveena","00:02:02"
"2026-07-31 11:32:13","1001 - Tamil","0779433878","1","Caller","00:00:07","12","Harshika","00:01:08"
"2026-07-31 11:44:12","1000 - Sinhala","0754941131","1","Agent","00:00:26","10","Praveena","00:01:33"
"2026-07-31 11:55:11","1000 - Sinhala","0779972726","3","Agent","00:02:41","10","Praveena","00:02:21"
"2026-07-31 12:00:06","1001 - Tamil","0760367385","1","Agent","00:00:05","12","Harshika","00:02:22"
"2026-07-31 12:05:33","1000 - Sinhala","0712200988","1","Agent","00:04:16","10","Praveena","00:02:49"
"2026-07-31 12:09:07","1001 - Tamil","0758311632","1","Caller","00:00:04","12","Harshika","00:03:22"
"2026-07-31 12:14:31","1001 - Tamil","0753776778","1","Caller","00:00:34","10","Praveena","00:02:14"
"2026-07-31 12:15:13","1001 - Tamil","0767995312","1","Agent","00:00:52","12","Harshika","00:01:13"
"2026-07-31 12:24:05","1000 - Sinhala","0750429785","1","Agent","00:00:52","10","Praveena","00:01:42"
"2026-07-31 12:33:51","1000 - Sinhala","0777309858","1","Agent","00:01:25","10","Praveena","00:01:39"
"2026-07-31 12:45:06","1000 - Sinhala","0763946618","1","Caller","00:00:56","10","Praveena","00:02:49"
"2026-07-31 12:52:28","1000 - Sinhala","0772361177","2","Caller","00:00:26","10","Praveena","00:00:44"
"2026-07-31 13:00:10","1001 - Tamil","0755551531","1","Agent","00:00:06","12","Harshika","00:01:18"
"2026-07-31 14:02:57","1001 - Tamil","0765989681","2","Caller","00:02:52","10","Praveena","00:04:16"
"2026-07-31 14:13:02","1000 - Sinhala","0785103366","3","Caller","00:03:27","10","Praveena","00:02:53"
"2026-07-31 14:22:10","1000 - Sinhala","0776154321","2","Agent","00:01:31","10","Praveena","00:01:51"
"2026-07-31 14:32:22","1000 - Sinhala","0779651455","2","Agent","00:05:38","10","Praveena","00:02:22"
"2026-07-31 14:41:11","1000 - Sinhala","0716180258","1","Caller","00:03:04","10","Praveena","00:01:19"
"2026-07-31 14:49:34","1001 - Tamil","0775385988","1","Caller","00:00:07","12","Harshika","00:03:13"
"2026-07-31 14:54:59","1000 - Sinhala","0785103366","1","Agent","00:02:27","10","Praveena","00:04:47"
"2026-07-31 14:57:52","1000 - Sinhala","0766930055","2","Caller","00:02:13","10","Praveena","00:01:37"
"2026-07-31 15:01:48","1000 - Sinhala","0716426869","5","Agent","00:04:19","10","Praveena","00:01:58"
"2026-07-31 15:02:26","1001 - Tamil","0769432864","1","Caller","00:00:10","12","Harshika","00:03:28"
"2026-07-31 15:12:20","1000 - Sinhala","0776539300","1","Agent","00:00:09","10","Praveena","00:02:08"
"2026-07-31 15:21:45","1000 - Sinhala","0703799729","1","Agent","00:08:22","10","Praveena","00:02:15"
"2026-07-31 15:23:52","1001 - Tamil","0777589358","1","Caller","00:00:05","12","Harshika","00:01:53"
"2026-07-31 15:32:17","1000 - Sinhala","0767102336","3","Caller","00:10:57","10","Praveena","00:02:46"
"2026-07-31 15:40:30","1000 - Sinhala","0766757972","2","Agent","00:00:06","11","Oshadi","00:00:56"
"2026-07-31 15:42:11","1000 - Sinhala","0783764536","1","Agent","00:00:43","10","Praveena","00:02:28"
"2026-07-31 15:44:02","1000 - Sinhala","0112562483","1","Caller","00:00:06","11","Oshadi","00:02:36"
"2026-07-31 15:47:25","1000 - Sinhala","0705647150","1","Caller","00:00:49","10","Praveena","00:04:49"
"2026-07-31 16:06:28","1000 - Sinhala","0764730816","1","Agent","00:01:51","10","Praveena","00:01:32"
"2026-07-31 16:17:53","1000 - Sinhala","0765813669","1","Agent","00:00:07","10","Praveena","00:01:00"
"2026-07-31 16:25:45","1001 - Tamil","0755242773","1","Agent","00:00:08","12","Harshika","00:02:18"
"2026-07-31 16:27:53","1000 - Sinhala","0760844939","1","Agent","00:06:33","10","Praveena","00:03:25"
"2026-07-31 16:35:02","1001 - Tamil","0752468724","1","Caller","00:03:26","10","Praveena","00:00:33"
"2026-07-31 16:50:12","1000 - Sinhala","0777584151","1","Agent","00:00:06","10","Praveena","00:02:46"
"2026-07-31 17:02:36","1000 - Sinhala","0770211302","1","Agent","00:00:09","10","Praveena","00:02:48"
"2026-07-31 17:07:30","1000 - Sinhala","0767095399","1","Agent","00:00:07","10","Praveena","00:02:36"
"2026-07-31 17:27:54","1000 - Sinhala","0757502971","1","Agent","00:00:12","10","Praveena","00:07:16"
"2026-07-31 17:40:59","1001 - Tamil","0765858862","1","Caller","00:00:04","12","Harshika","00:01:12"
"2026-07-31 17:43:27","1000 - Sinhala","0741695514","1","Agent","00:00:07","10","Praveena","00:03:38"
"2026-08-01 09:06:17","1000 - Sinhala","0773478880","1","Agent","00:00:04","10","Praveena","00:03:08"
"2026-08-01 09:11:02","1001 - Tamil","0751422628","1","Agent","00:00:13","12","Harshika","00:01:54"
"2026-08-01 09:11:48","1000 - Sinhala","0777733485","1","Agent","00:00:18","10","Praveena","00:01:56"
"2026-08-01 09:20:12","1001 - Tamil","0769979584","1","Caller","00:03:02","12","Harshika","00:01:28"
"2026-08-01 09:25:26","1000 - Sinhala","0729188140","2","Caller","00:04:34","10","Praveena","00:05:22"
"2026-08-01 09:31:57","1000 - Sinhala","0767737723","3","Agent","00:14:15","10","Praveena","00:02:04"
"2026-08-01 09:34:05","1001 - Tamil","0775385988","1","Caller","00:00:23","12","Harshika","00:02:34"
"2026-08-01 09:37:09","1000 - Sinhala","0715181490","5","Agent","00:16:58","10","Praveena","00:02:37"
"2026-08-01 09:44:29","1000 - Sinhala","0715181490","3","Caller","00:02:04","11","Oshadi","00:03:13"
"2026-08-01 09:46:15","1000 - Sinhala","0707108719","4","Caller","00:01:42","11","Oshadi","00:01:43"
"2026-08-01 09:46:50","1000 - Sinhala","0703507921","1","Agent","00:06:31","10","Praveena","00:02:00"
"2026-08-01 09:48:09","1000 - Sinhala","0767908272","3","Caller","00:01:06","11","Oshadi","00:01:51"
"2026-08-01 09:56:00","1000 - Sinhala","0778029243","2","Agent","00:00:05","11","Oshadi","00:03:14"
"2026-08-01 09:56:24","1000 - Sinhala","0729188140","1","Caller","00:07:03","10","Praveena","00:01:30"
"2026-08-01 09:58:34","1000 - Sinhala","0711022748","2","Agent","00:02:27","11","Oshadi","00:02:28"
"2026-08-01 10:02:29","1001 - Tamil","0777772627","1","Caller","00:00:05","12","Harshika","00:01:15"
"2026-08-01 10:06:08","1000 - Sinhala","0705176275","3","Agent","00:02:06","10","Praveena","00:01:28"
"2026-08-01 10:16:04","1000 - Sinhala","0752063620","4","Agent","00:10:01","10","Praveena","00:01:24"
"2026-08-01 10:25:58","1000 - Sinhala","0777606651","1","Agent","00:00:13","10","Praveena","00:01:24"
"2026-08-01 10:26:37","1001 - Tamil","0781949546","1","Agent","00:00:07","12","Harshika","00:00:28"
"2026-08-01 10:30:27","1001 - Tamil","0781949546","1","Caller","00:01:51","12","Harshika","00:01:49"
"2026-08-01 10:34:18","1000 - Sinhala","0776154321","1","Agent","00:04:26","10","Praveena","00:02:34"
"2026-08-01 10:41:04","1000 - Sinhala","0777694238","2","Agent","00:05:07","10","Praveena","00:00:04"
"2026-08-01 10:51:30","1001 - Tamil","0701616675","1","Caller","00:00:19","12","Harshika","00:01:53"
"2026-08-01 10:54:54","1000 - Sinhala","0771164694","2","Agent","00:01:00","10","Praveena","00:03:42"
"2026-08-01 11:00:24","1000 - Sinhala","0114360681","2","Caller","00:02:41","10","Praveena","00:01:39"
"2026-08-01 11:00:39","1001 - Tamil","0781949546","1","Agent","00:00:24","12","Harshika","00:02:24"
"2026-08-01 11:12:47","1000 - Sinhala","0770415554","3","Caller","00:02:03","10","Praveena","00:02:14"
"2026-08-01 11:12:57","1001 - Tamil","0768529684","1","Caller","00:00:08","12","Harshika","00:02:47"
"2026-08-01 11:20:29","1000 - Sinhala","0773614646","2","Agent","00:10:43","10","Praveena","00:00:11"
"2026-08-01 11:30:42","1000 - Sinhala","0743652521","4","Agent","00:02:01","10","Praveena","00:03:06"
"2026-08-01 11:42:09","1000 - Sinhala","0778236250","3","Caller","00:06:07","10","Praveena","00:02:12"
"2026-08-01 11:45:29","1001 - Tamil","0768529684","1","Caller","00:00:17","12","Harshika","00:01:09"
"2026-08-01 11:46:48","1000 - Sinhala","0712166665","2","Agent","00:06:40","10","Praveena","00:02:01"
"2026-08-01 11:51:07","1001 - Tamil","0778386667","1","Agent","00:00:08","12","Harshika","00:01:37"
"2026-08-01 11:52:06","1000 - Sinhala","0768979479","1","Agent","00:01:58","10","Praveena","00:02:14"
"2026-08-01 12:02:40","1000 - Sinhala","0776234556","1","Agent","00:00:27","10","Praveena","00:02:04"
"2026-08-01 12:11:47","1000 - Sinhala","0764425939","1","Agent","00:02:22","10","Praveena","00:01:51"
"2026-08-01 12:26:26","1000 - Sinhala","0754602041","1","Caller","00:00:10","10","Praveena","00:03:15"
"2026-08-01 12:30:51","1000 - Sinhala","0774478448","1","Caller","00:00:40","10","Praveena","00:01:28"
"2026-08-01 12:45:12","1001 - Tamil","0769183679","1","Agent","00:00:07","10","Praveena","00:04:48"
"2026-08-01 12:51:58","1000 - Sinhala","0764183601","2","Agent","00:01:04","10","Praveena","00:02:27"
"2026-08-01 12:59:20","1000 - Sinhala","0775353048","1","Agent","00:00:54","10","Praveena","00:00:06"
"2026-08-01 13:47:31","1000 - Sinhala","0768423637","4","Agent","00:05:13","11","Oshadi","00:01:57"
"2026-08-01 13:59:59","1000 - Sinhala","0779711469","2","Caller","00:01:46","11","Oshadi","00:01:39"
"2026-08-01 14:01:56","1000 - Sinhala","0707510130","2","Caller","00:01:39","11","Oshadi","00:01:53"
"2026-08-01 14:08:03","1000 - Sinhala","0773441810","1","Caller","00:01:13","11","Oshadi","00:01:25"
"2026-08-01 14:11:22","1000 - Sinhala","0771164694","2","Caller","00:00:05","11","Oshadi","00:01:47"
"2026-08-01 14:16:09","1000 - Sinhala","0778174345","2","Agent","00:00:05","11","Oshadi","00:01:44"
"2026-08-01 14:53:58","1000 - Sinhala","0750173938","2","Agent","00:01:26","10","Praveena","00:00:06"
"2026-08-01 15:39:08","1000 - Sinhala","0764373766","1","Agent","00:01:45","10","Praveena","00:02:24"
"2026-08-01 15:47:27","1000 - Sinhala","0779711469","1","Agent","00:02:59","10","Praveena","00:02:44"
"2026-08-01 16:15:35","1000 - Sinhala","0763685839","1","Agent","00:04:10","10","Praveena","00:01:10"
"2026-08-01 16:33:42","1000 - Sinhala","0778469762","1","Agent","00:00:08","10","Praveena","00:01:19"
"2026-08-01 16:55:45","1000 - Sinhala","0757574683","1","Agent","00:00:13","10","Praveena","00:01:59"
"2026-08-01 17:09:05","1000 - Sinhala","0773614646","1","Agent","00:00:08","10","Praveena","00:04:25"
"2026-08-01 17:22:12","1001 - Tamil","0781949546","1","Agent","00:00:09","10","Praveena","00:03:49"
"2026-08-01 17:27:44","1000 - Sinhala","0786230242","1","Agent","00:00:09","10","Praveena","00:02:22"
"2026-08-01 17:38:11","1000 - Sinhala","0705171701","1","Caller","00:00:18","10","Praveena","00:02:27"
"2026-08-03 09:09:55","1000 - Sinhala","0719702777","3","Agent","00:03:46","10","Praveena","00:04:05"
"2026-08-03 09:14:08","1000 - Sinhala","0743496328","1","Agent","00:00:07","10","Praveena","00:00:48"
"2026-08-03 09:30:06","1000 - Sinhala","0703219514","1","Agent","00:01:19","10","Praveena","00:03:11"
"2026-08-03 09:37:48","1000 - Sinhala","0763933586","2","Agent","00:00:50","10","Praveena","00:01:47"
"2026-08-03 09:44:00","1000 - Sinhala","0761424345","4","Agent","00:04:07","10","Praveena","00:02:02"
"2026-08-03 09:48:05","1000 - Sinhala","0760806763","7","Agent","00:05:19","10","Praveena","00:02:08"
"2026-08-03 09:58:04","1000 - Sinhala","0718932369","3","Agent","00:04:49","10","Praveena","00:02:09"
"2026-08-03 10:03:24","1000 - Sinhala","0718379140","1","Agent","00:04:53","10","Praveena","00:01:51"
"2026-08-03 10:08:29","1000 - Sinhala","0777494737","1","Agent","00:00:43","10","Praveena","00:02:21"
"2026-08-03 10:19:38","1000 - Sinhala","0779152797","3","Agent","00:03:43","10","Praveena","00:02:46"
"2026-08-03 10:27:43","1000 - Sinhala","0771924963","1","Agent","00:05:24","10","Praveena","00:02:08"
"2026-08-03 10:36:52","1000 - Sinhala","0779050700","3","Agent","00:10:31","10","Praveena","00:01:35"
"2026-08-03 10:48:34","1000 - Sinhala","0707708598","4","Caller","00:08:23","10","Praveena","00:03:03"
"2026-08-03 10:51:17","1000 - Sinhala","0767248066","2","Agent","00:03:17","11","Oshadi","00:02:55"
"2026-08-03 10:52:55","1000 - Sinhala","0722179654","2","Agent","00:01:02","11","Oshadi","00:01:31"
"2026-08-03 10:54:13","1000 - Sinhala","0740645775","2","Agent","00:01:01","11","Oshadi","00:01:15"
"2026-08-03 10:56:47","1000 - Sinhala","0773754078","2","Caller","00:00:45","11","Oshadi","00:02:31"
"2026-08-03 10:58:01","1000 - Sinhala","0705178200","3","Agent","00:04:34","10","Praveena","00:02:12"
"2026-08-03 11:08:59","1000 - Sinhala","0717249756","1","Agent","00:00:08","10","Praveena","00:01:36"
"2026-08-03 11:20:01","1000 - Sinhala","0765813669","3","Agent","00:04:12","10","Praveena","00:04:15"
"2026-08-03 11:26:44","1001 - Tamil","0718541297","1","Agent","00:01:44","12","Harshika","00:02:35"
"2026-08-03 11:36:18","1000 - Sinhala","0703507921","1","Caller","00:00:06","11","Oshadi","00:02:24"
"2026-08-03 11:37:10","1000 - Sinhala","0765813669","1","Agent","00:00:15","10","Praveena","00:07:08"
"2026-08-03 11:43:28","1000 - Sinhala","0773958971","3","Agent","00:00:58","11","Oshadi","00:02:50"
"2026-08-03 11:45:57","1000 - Sinhala","0705504948","2","Caller","00:00:05","11","Oshadi","00:01:26"
"2026-08-03 11:46:37","1000 - Sinhala","0773597221","4","Agent","00:03:39","10","Praveena","00:01:52"
"2026-08-03 11:56:30","1000 - Sinhala","0767248066","1","Agent","00:00:55","10","Praveena","00:01:24"
"2026-08-03 12:03:03","1000 - Sinhala","0701691512","2","Caller","00:00:03","11","Oshadi","00:01:38"
"2026-08-03 12:05:27","1000 - Sinhala","0775930910","2","Agent","00:00:04","11","Oshadi","00:01:24"
"2026-08-03 12:12:09","1000 - Sinhala","0752083546","1","Caller","00:00:09","10","Praveena","00:03:40"
"2026-08-03 12:12:23","1000 - Sinhala","0772209093","1","Caller","00:00:05","11","Oshadi","00:01:14"
"2026-08-03 12:14:27","1000 - Sinhala","0702112644","2","Agent","00:00:41","11","Oshadi","00:02:01"
"2026-08-03 12:15:39","1000 - Sinhala","0718473160","2","Caller","00:00:53","10","Praveena","00:01:19"
"2026-08-03 12:17:51","1000 - Sinhala","0777206457","1","Agent","00:00:06","11","Oshadi","00:02:21"
"2026-08-03 12:20:11","1000 - Sinhala","0777688018","2","Caller","00:00:06","11","Oshadi","00:02:16"
"2026-08-03 12:34:22","1000 - Sinhala","0752083546","3","Caller","00:00:31","11","Oshadi","00:02:06"
"2026-08-03 12:35:39","1000 - Sinhala","0775930910","2","Caller","00:01:09","11","Oshadi","00:01:14"
"2026-08-03 12:36:31","1000 - Sinhala","0772297100","2","Caller","00:02:52","10","Praveena","00:02:07"
"2026-08-03 12:40:52","1000 - Sinhala","0705371212","2","Caller","00:00:27","11","Oshadi","00:02:37"
"2026-08-03 12:42:49","1000 - Sinhala","0719614211","2","Agent","00:00:03","11","Oshadi","00:01:50"
"2026-08-03 12:47:44","1000 - Sinhala","0112778251","1","Caller","00:00:04","11","Oshadi","00:02:52"
"2026-08-03 12:48:49","1000 - Sinhala","0776154321","1","Agent","00:03:03","10","Praveena","00:04:09"
"2026-08-03 12:57:09","1000 - Sinhala","0768062536","1","Caller","00:00:12","10","Praveena","00:02:50"
"2026-08-03 12:59:40","1000 - Sinhala","0777590673","1","Caller","00:00:04","11","Oshadi","00:02:13"
"2026-08-03 13:02:30","1000 - Sinhala","0768062536","1","Caller","00:00:50","11","Oshadi","00:02:44"
"2026-08-03 13:03:30","1000 - Sinhala","0761619301","2","Caller","00:00:10","11","Oshadi","00:00:56"
"2026-08-03 13:09:11","1000 - Sinhala","0723456787","2","Agent","00:00:42","11","Oshadi","00:01:20"
"2026-08-03 13:10:45","1000 - Sinhala","0761212928","2","Agent","00:00:03","11","Oshadi","00:01:24"
"2026-08-03 13:12:02","1000 - Sinhala","0719614211","2","Agent","00:00:22","11","Oshadi","00:01:14"
"2026-08-03 13:13:29","1000 - Sinhala","0761619301","2","Caller","00:00:40","11","Oshadi","00:01:19"
"2026-08-03 13:15:58","1000 - Sinhala","0777195653","3","Agent","00:01:19","11","Oshadi","00:02:26"
"2026-08-03 13:25:48","1000 - Sinhala","0752921709","1","Agent","00:00:40","11","Oshadi","00:01:27"
"2026-08-03 13:28:19","1000 - Sinhala","0740682174","1","Caller","00:00:04","11","Oshadi","00:02:14"
"2026-08-03 13:32:45","1000 - Sinhala","0761944029","1","Agent","00:00:04","11","Oshadi","00:01:46"
"2026-08-03 13:33:05","1001 - Tamil","0758311632","2","Caller","00:01:00","12","Harshika","00:06:15"
"2026-08-03 13:39:37","1000 - Sinhala","0751656641","2","Agent","00:00:08","11","Oshadi","00:03:30"
"2026-08-03 13:41:05","1000 - Sinhala","0721547071","3","Agent","00:01:13","11","Oshadi","00:01:25"
"2026-08-03 13:42:34","1000 - Sinhala","0704807661","3","Agent","00:02:08","11","Oshadi","00:01:26"
"2026-08-03 13:47:42","1001 - Tamil","0774911496","1","Agent","00:00:12","12","Harshika","00:01:05"
"2026-08-03 13:54:19","1001 - Tamil","0701948674","1","Agent","00:05:26","12","Harshika","00:01:11"
"2026-08-03 13:55:49","1001 - Tamil","0786648171","1","Caller","00:00:52","10","Praveena","00:00:15"
"2026-08-03 14:07:00","1000 - Sinhala","0712409718","1","Agent","00:00:06","10","Praveena","00:01:26"
"2026-08-03 14:18:13","1001 - Tamil","0753520650","1","Caller","00:05:49","10","Praveena","00:01:43"
"2026-08-03 14:29:20","1001 - Tamil","0768529684","1","Agent","00:00:10","10","Praveena","00:02:32"
"2026-08-03 14:34:23","1000 - Sinhala","0787920807","1","Caller","00:00:41","11","Oshadi","00:04:21"
"2026-08-03 14:35:33","1000 - Sinhala","0755393917","2","Caller","00:01:48","11","Oshadi","00:01:07"
"2026-08-03 14:39:33","1000 - Sinhala","0773453967","1","Caller","00:00:04","11","Oshadi","00:01:40"
"2026-08-03 14:39:33","1001 - Tamil","0704012298","1","Caller","00:00:42","10","Praveena","00:02:19"
"2026-08-03 14:44:17","1000 - Sinhala","0767737723","2","Caller","00:00:05","11","Oshadi","00:01:19"
"2026-08-03 14:48:06","1000 - Sinhala","0777589358","3","Caller","00:01:27","11","Oshadi","00:03:45"
"2026-08-03 14:49:02","1000 - Sinhala","0702587527","1","Agent","00:00:07","10","Praveena","00:01:52"
"2026-08-03 14:57:15","1001 - Tamil","0769183679","1","Caller","00:00:19","10","Praveena","00:00:25"
"2026-08-03 15:00:03","1000 - Sinhala","0742947001","1","Caller","00:06:30","11","Oshadi","00:03:15"
"2026-08-03 15:07:07","1000 - Sinhala","0705171701","2","Caller","00:00:09","11","Oshadi","00:01:12"
"2026-08-03 15:09:03","1000 - Sinhala","0776154321","1","Caller","00:04:48","10","Praveena","00:01:55"
"2026-08-03 15:23:45","1001 - Tamil","0765858862","1","Caller","00:00:08","10","Praveena","00:01:32"
"2026-08-03 15:28:53","1000 - Sinhala","0701673493","1","Agent","00:00:08","10","Praveena","00:02:29"
"2026-08-03 15:30:42","1000 - Sinhala","0781627363","1","Caller","00:00:06","12","Harshika","00:02:02"
"2026-08-03 15:39:47","1000 - Sinhala","0718403521","1","Caller","00:01:22","10","Praveena","00:03:22"
"2026-08-03 15:39:47","1001 - Tamil","0754699885","1","Caller","00:00:05","12","Harshika","00:01:55"
"2026-08-03 15:39:54","1000 - Sinhala","0712409718","1","Caller","00:00:04","11","Oshadi","00:01:18"
"2026-08-03 15:44:45","1000 - Sinhala","0705636465","1","Caller","00:03:16","11","Oshadi","00:02:34"
"2026-08-03 15:46:40","1001 - Tamil","0743290063","1","Caller","00:00:04","12","Harshika","00:03:16"
"2026-08-03 15:53:50","1001 - Tamil","0766230567","1","Caller","00:00:40","12","Harshika","00:00:47"
"2026-08-03 16:01:08","1000 - Sinhala","0707108719","1","Agent","00:00:04","11","Oshadi","00:02:34"
"2026-08-03 16:03:21","1001 - Tamil","0766230567","1","Agent","00:00:37","10","Praveena","00:03:14"
"2026-08-03 16:10:28","1000 - Sinhala","0711959218","1","Caller","00:01:57","10","Praveena","00:00:21"
"2026-08-03 16:15:02","1000 - Sinhala","0362252026","2","Agent","00:00:05","12","Harshika","00:01:48"
"2026-08-03 16:32:15","1000 - Sinhala","0712921706","1","Caller","00:00:05","12","Harshika","00:01:17"
"2026-08-03 16:33:12","1000 - Sinhala","0702112644","1","Agent","00:01:25","10","Praveena","00:02:21"
"2026-08-03 16:34:46","1000 - Sinhala","0714267578","1","Agent","00:01:49","11","Oshadi","00:01:54"
"2026-08-03 16:35:35","1001 - Tamil","0741635188","1","Agent","00:00:10","12","Harshika","00:02:40"
"2026-08-03 16:47:33","1000 - Sinhala","0712921706","1","Agent","00:00:06","10","Praveena","00:01:46"
"2026-08-03 17:00:57","1000 - Sinhala","0764947711","1","Agent","00:00:06","10","Praveena","00:01:28"
"2026-08-03 17:19:45","1000 - Sinhala","0781627363","1","Caller","00:00:20","10","Praveena","00:02:07"
"2026-08-03 17:29:41","1000 - Sinhala","0767737723","2","Caller","00:00:07","12","Harshika","00:03:50"
"2026-08-03 17:32:59","1000 - Sinhala","0772655203","1","Agent","00:01:15","10","Praveena","00:01:35"
"2026-08-03 17:36:03","1001 - Tamil","0751666771","1","Caller","00:00:05","12","Harshika","00:02:11"
"2026-08-03 17:45:00","1000 - Sinhala","0705171701","1","Caller","00:01:15","10","Praveena","00:01:34"
"2026-08-04 09:06:58","1000 - Sinhala","0788485441","1","Agent","00:01:30","10","Praveena","00:01:40"
"2026-08-04 09:17:07","1000 - Sinhala","0775295852","1","Agent","00:00:04","10","Praveena","00:01:31"
"2026-08-04 09:25:16","1000 - Sinhala","0716565834","1","Agent","00:01:53","10","Praveena","00:02:01"
"2026-08-04 09:45:05","1000 - Sinhala","0765560008","1","Agent","00:00:17","10","Praveena","00:02:29"
"2026-08-04 09:52:52","1000 - Sinhala","0725060357","1","Agent","00:00:53","10","Praveena","00:00:03"
"2026-08-04 09:55:54","1000 - Sinhala","0742704413","2","Caller","00:00:39","11","Oshadi","00:01:56"
"2026-08-04 10:00:59","1000 - Sinhala","0765796591","2","Agent","00:00:05","11","Oshadi","00:03:01"
"2026-08-04 10:03:32","1000 - Sinhala","0779611312","2","Agent","00:00:05","11","Oshadi","00:01:31"
"2026-08-04 10:03:53","1000 - Sinhala","0773754078","1","Caller","00:01:51","10","Praveena","00:01:28"
"2026-08-04 10:04:48","1000 - Sinhala","0717086060","2","Agent","00:01:12","11","Oshadi","00:01:13"
"2026-08-04 10:06:35","1001 - Tamil","0753776778","1","Caller","00:02:04","10","Praveena","00:00:23"
"2026-08-04 10:06:58","1000 - Sinhala","0742119655","2","Caller","00:01:24","11","Oshadi","00:02:06"
"2026-08-04 10:10:08","1000 - Sinhala","0777606651","1","Caller","00:01:00","11","Oshadi","00:01:27"
"2026-08-04 10:13:52","1000 - Sinhala","0760081197","1","Agent","00:00:22","10","Praveena","00:01:35"
"2026-08-04 10:16:41","1000 - Sinhala","0751656641","2","Caller","00:01:38","11","Oshadi","00:06:06"
"2026-08-04 10:19:38","1000 - Sinhala","0758020080","2","Caller","00:00:06","11","Oshadi","00:02:22"
"2026-08-04 10:23:30","1000 - Sinhala","0712200988","2","Agent","00:04:07","10","Praveena","00:01:15"
"2026-08-04 10:23:54","1000 - Sinhala","0721538545","2","Caller","00:01:27","11","Oshadi","00:04:13"
"2026-08-04 10:26:59","1000 - Sinhala","0779643126","4","Agent","00:06:40","10","Praveena","00:00:15"
"2026-08-04 10:31:35","1000 - Sinhala","0777970345","2","Caller","00:00:05","11","Oshadi","00:01:51"
"2026-08-04 10:33:24","1000 - Sinhala","0772209093","2","Caller","00:00:51","11","Oshadi","00:01:41"
"2026-08-04 10:35:25","1000 - Sinhala","0716451441","4","Agent","00:02:17","11","Oshadi","00:01:56"
"2026-08-04 10:36:08","1000 - Sinhala","0779643126","1","Caller","00:03:26","10","Praveena","00:03:12"
"2026-08-04 10:42:08","1000 - Sinhala","0715723365","1","Caller","00:00:41","11","Oshadi","00:01:22"
"2026-08-04 10:44:32","1000 - Sinhala","0766723508","2","Caller","00:00:04","11","Oshadi","00:01:26"
"2026-08-04 10:46:59","1000 - Sinhala","0750134665","2","Caller","00:00:03","11","Oshadi","00:02:10"
"2026-08-04 10:48:39","1000 - Sinhala","0765262698","2","Caller","00:00:04","11","Oshadi","00:01:15"
"2026-08-04 10:50:00","1000 - Sinhala","0703655375","2","Caller","00:00:23","11","Oshadi","00:01:14"
"2026-08-04 10:52:37","1000 - Sinhala","0777691885","3","Caller","00:01:03","11","Oshadi","00:02:33"
"2026-08-04 10:56:11","1000 - Sinhala","0704807661","1","Caller","00:00:04","10","Praveena","00:01:26"
"2026-08-04 11:04:08","1000 - Sinhala","0741244612","2","Caller","00:04:15","10","Praveena","00:01:32"
"2026-08-04 11:04:54","1000 - Sinhala","0713047952","1","Caller","00:00:03","11","Oshadi","00:01:20"
"2026-08-04 11:10:44","1000 - Sinhala","0760248873","2","Caller","00:00:05","11","Oshadi","00:03:58"
"2026-08-04 11:12:33","1000 - Sinhala","0718103536","3","Caller","00:02:19","11","Oshadi","00:01:44"
"2026-08-04 11:12:45","1000 - Sinhala","0741244612","1","Caller","00:07:07","10","Praveena","00:00:07"
"2026-08-04 11:14:50","1000 - Sinhala","0771164694","3","Caller","00:01:36","11","Oshadi","00:02:13"
"2026-08-04 11:15:22","1000 - Sinhala","0712349584","2","Agent","00:01:36","11","Oshadi","00:00:28"
"2026-08-04 11:23:22","1000 - Sinhala","0712349584","1","Agent","00:06:02","10","Praveena","00:01:28"
"2026-08-04 11:25:50","1000 - Sinhala","0773556230","2","Agent","00:05:25","11","Oshadi","00:02:28"
"2026-08-04 11:32:44","1000 - Sinhala","0750281645","1","Caller","00:00:04","11","Oshadi","00:01:34"
"2026-08-04 11:32:47","1000 - Sinhala","0712349584","1","Caller","00:00:50","11","Oshadi","00:00:00"
"2026-08-04 11:33:32","1000 - Sinhala","0773761021","1","Agent","00:00:08","10","Praveena","00:01:49"
"2026-08-04 11:37:13","1000 - Sinhala","0712349584","1","Caller","00:00:03","11","Oshadi","00:01:51"
"2026-08-04 11:38:17","1000 - Sinhala","0772794277","1","Caller","00:00:04","11","Oshadi","00:00:10"
"2026-08-04 11:41:11","1000 - Sinhala","0772794277","1","Caller","00:00:03","11","Oshadi","00:02:39"
"2026-08-04 11:42:54","1000 - Sinhala","0729063916","1","Caller","00:00:29","10","Praveena","00:00:54"
"2026-08-04 11:55:14","1000 - Sinhala","0760590537","2","Caller","00:04:08","10","Praveena","00:03:29"
"2026-08-04 12:01:15","1000 - Sinhala","0777589358","1","Caller","00:00:02","11","Oshadi","00:19:49"
"2026-08-04 12:13:11","1000 - Sinhala","0766779375","4","Agent","00:10:27","10","Praveena","00:01:29"
"2026-08-04 12:26:58","1000 - Sinhala","0779711469","2","Agent","00:08:53","10","Praveena","00:05:28"
"2026-08-04 12:33:43","1000 - Sinhala","0729188140","5","Agent","00:11:27","10","Praveena","00:02:23"
"2026-08-04 12:42:00","1000 - Sinhala","0763685839","2","Agent","00:00:10","10","Praveena","00:00:58"
"2026-08-04 12:53:21","1001 - Tamil","0758311632","1","Agent","00:00:30","10","Praveena","00:01:49"
"2026-08-04 13:02:44","1000 - Sinhala","0719127549","2","Caller","00:06:52","11","Oshadi","00:01:39"
"2026-08-04 13:04:07","1000 - Sinhala","0716699770","1","Agent","00:00:49","11","Oshadi","00:01:20"
"2026-08-04 13:05:31","1000 - Sinhala","0777031148","2","Caller","00:00:33","11","Oshadi","00:01:20"
"2026-08-04 13:06:57","1000 - Sinhala","0776865530","2","Caller","00:00:03","11","Oshadi","00:01:10"
"2026-08-04 13:09:24","1000 - Sinhala","0773754078","1","Caller","00:00:17","11","Oshadi","00:02:23"
"2026-08-04 13:12:10","1000 - Sinhala","0725060357","1","Caller","00:00:05","11","Oshadi","00:01:21"
"2026-08-04 13:21:31","1000 - Sinhala","0768200083","2","Agent","00:00:19","11","Oshadi","00:02:32"
"2026-08-04 13:25:38","1000 - Sinhala","0777590673","2","Caller","00:00:05","11","Oshadi","00:03:22"
"2026-08-04 13:28:50","1000 - Sinhala","0707108719","2","Caller","00:01:13","11","Oshadi","00:02:48"
"2026-08-04 13:45:52","1000 - Sinhala","0773616422","2","Caller","00:00:06","11","Oshadi","00:03:24"
"2026-08-04 13:52:58","1000 - Sinhala","0754514263","1","Agent","00:00:42","10","Praveena","00:01:32"
"2026-08-04 14:01:45","1000 - Sinhala","0781107279","1","Agent","00:00:08","10","Praveena","00:00:57"
"2026-08-04 14:14:46","1000 - Sinhala","0718152743","2","Caller","00:03:09","10","Praveena","00:00:35"
"2026-08-04 14:22:08","1000 - Sinhala","0776319806","2","Caller","00:04:27","10","Praveena","00:02:01"
"2026-08-04 14:31:01","1000 - Sinhala","0743652521","5","Agent","00:02:10","10","Praveena","00:01:04"
"2026-08-04 14:42:19","1000 - Sinhala","0781107279","1","Agent","00:00:44","10","Praveena","00:01:51"
"2026-08-04 14:52:50","1000 - Sinhala","0719784509","1","Agent","00:00:08","10","Praveena","00:01:35"
"2026-08-04 15:01:52","1000 - Sinhala","0761562657","2","Caller","00:01:24","10","Praveena","00:01:53"
"2026-08-04 15:11:39","1000 - Sinhala","0714823534","1","Agent","00:00:10","10","Praveena","00:02:00"
"2026-08-04 15:19:26","1000 - Sinhala","0781107279","1","Caller","00:00:04","11","Oshadi","00:02:27"
"2026-08-04 15:21:10","1001 - Tamil","0773019197","1","Agent","00:00:09","10","Praveena","00:01:13"
"2026-08-04 15:25:01","1000 - Sinhala","0777105555","2","Caller","00:00:05","11","Oshadi","00:03:03"
"2026-08-04 15:30:24","1000 - Sinhala","0718379140","2","Agent","00:00:06","11","Oshadi","00:03:00"
"2026-08-04 15:31:28","1000 - Sinhala","0706505858","1","Agent","00:02:33","10","Praveena","00:01:57"
"2026-08-04 15:40:56","1000 - Sinhala","0753520650","3","Caller","00:08:02","11","Oshadi","00:01:03"
"2026-08-04 15:42:24","1000 - Sinhala","0777736052","2","Caller","00:02:49","11","Oshadi","00:01:24"
"2026-08-04 15:43:21","1001 - Tamil","0758311632","1","Agent","00:00:40","10","Praveena","00:03:47"
"2026-08-04 15:44:34","1000 - Sinhala","0779691339","3","Caller","00:03:07","11","Oshadi","00:02:07"
"2026-08-04 15:48:04","1000 - Sinhala","0711603357","1","Caller","00:00:04","11","Oshadi","00:00:49"
"2026-08-04 15:54:37","1000 - Sinhala","0115328100","2","Caller","00:00:05","11","Oshadi","00:02:19"
"2026-08-04 15:57:56","1000 - Sinhala","0758311632","2","Caller","00:00:08","11","Oshadi","00:02:05"
"2026-08-04 16:09:35","1000 - Sinhala","0115328100","1","Caller","00:00:09","10","Praveena","00:02:56"
"2026-08-04 16:13:55","1000 - Sinhala","0772209093","2","Caller","00:00:04","11","Oshadi","00:02:05"
"2026-08-04 16:37:36","1000 - Sinhala","0742119655","1","Caller","00:00:05","10","Praveena","00:03:05"
"2026-08-04 16:38:03","1000 - Sinhala","0777589358","1","Caller","00:00:04","11","Oshadi","00:02:22"
"2026-08-04 16:42:59","1000 - Sinhala","0750134665","1","Agent","00:00:14","10","Praveena","00:02:49"
"2026-08-04 16:44:37","1000 - Sinhala","0704545544","1","Agent","00:00:07","11","Oshadi","00:01:43"
"2026-08-04 16:51:43","1000 - Sinhala","0704436668","1","Agent","00:00:20","10","Praveena","00:01:16"
"2026-08-04 16:58:33","1000 - Sinhala","0760367385","2","Agent","00:00:03","11","Oshadi","00:00:53"
"2026-08-04 17:00:23","1000 - Sinhala","0774427271","1","Caller","00:02:26","10","Praveena","00:01:10"
"2026-08-04 17:09:01","1000 - Sinhala","0779317245","1","Agent","00:01:15","10","Praveena","00:06:48"
"2026-08-04 17:14:14","1000 - Sinhala","0750281645","2","Caller","00:00:05","11","Oshadi","00:02:14"
"2026-08-04 17:21:05","1000 - Sinhala","0705636465","1","Agent","00:07:49","10","Praveena","00:02:01"
"2026-08-04 17:25:38","1000 - Sinhala","0771006662","2","Caller","00:00:11","11","Oshadi","00:01:12"
"2026-08-04 17:28:45","1000 - Sinhala","0707108719","2","Caller","00:00:04","11","Oshadi","00:00:49"
"2026-08-04 17:30:27","1000 - Sinhala","0773337885","1","Agent","00:02:37","10","Praveena","00:01:26"
"2026-08-04 17:44:48","1000 - Sinhala","0777584151","1","Agent","00:00:55","10","Praveena","00:02:32"
"2026-08-04 17:45:57","1000 - Sinhala","0774680686","1","Caller","00:00:04","11","Oshadi","00:01:51"
"2026-08-04 17:49:58","1000 - Sinhala","0778440147","1","Caller","00:00:04","11","Oshadi","00:00:59"
"2026-08-05 09:11:58","1000 - Sinhala","0777606651","1","Agent","00:00:12","12","Harshika","00:00:49"
"2026-08-05 09:15:09","1000 - Sinhala","0777606651","1","Caller","00:02:03","12","Harshika","00:01:03"
"2026-08-05 09:21:58","1000 - Sinhala","0772205315","1","Agent","00:00:40","10","Praveena","00:14:35"
"2026-08-05 09:26:18","1001 - Tamil","0759535313","2","Caller","00:00:35","12","Harshika","00:02:11"
"2026-08-05 09:26:30","1000 - Sinhala","0706629242","2","Agent","00:05:24","10","Praveena","00:01:49"
"2026-08-05 09:29:44","1000 - Sinhala","0765560008","2","Agent","00:01:34","12","Harshika","00:03:21"
"2026-08-05 09:37:09","1001 - Tamil","0740032684","1","Caller","00:00:11","12","Harshika","00:02:01"
"2026-08-05 09:39:37","1000 - Sinhala","0777195653","1","Agent","00:02:33","10","Praveena","00:02:23"
"2026-08-05 09:45:44","1000 - Sinhala","0777606651","2","Agent","00:01:32","10","Praveena","00:01:51"
"2026-08-05 09:58:09","1001 - Tamil","0725518575","1","Agent","00:00:11","10","Praveena","00:02:17"
"2026-08-05 10:01:11","1000 - Sinhala","0711879722","2","Caller","00:00:08","12","Harshika","00:01:46"
"2026-08-05 10:08:46","1000 - Sinhala","0718932369","3","Agent","00:02:29","10","Praveena","00:03:13"
"2026-08-05 10:15:14","1001 - Tamil","0753776778","1","Caller","00:03:01","10","Praveena","00:01:35"
"2026-08-05 10:19:49","1001 - Tamil","0757284244","1","Agent","00:00:05","10","Praveena","00:03:02"
"2026-08-05 10:29:18","1001 - Tamil","0761284694","3","Agent","00:06:03","10","Praveena","00:02:04"
"2026-08-05 10:37:46","1000 - Sinhala","0757130529","5","Agent","00:03:08","10","Praveena","00:01:27"
"2026-08-05 10:48:04","1000 - Sinhala","0779317245","1","Caller","00:00:05","10","Praveena","00:01:26"
"2026-08-05 10:54:36","1000 - Sinhala","0777311743","4","Caller","00:00:58","12","Harshika","00:00:56"
"2026-08-05 10:57:41","1000 - Sinhala","0767129144","2","Agent","00:03:23","10","Praveena","00:02:32"
"2026-08-05 11:05:15","1000 - Sinhala","0778033275","3","Caller","00:01:12","12","Harshika","00:02:14"
"2026-08-05 11:07:44","1001 - Tamil","0117427777","1","Caller","00:03:07","10","Praveena","00:02:28"
"2026-08-05 11:08:09","1000 - Sinhala","0781107279","2","Caller","00:00:04","11","Oshadi","00:02:40"
"2026-08-05 11:09:00","1000 - Sinhala","0724907937","3","Caller","00:01:51","11","Oshadi","00:00:48"
"2026-08-05 11:12:36","1000 - Sinhala","0716451441","4","Agent","00:01:47","11","Oshadi","00:03:33"
"2026-08-05 11:14:14","1000 - Sinhala","0764071667","4","Agent","00:00:59","12","Harshika","00:01:15"
"2026-08-05 11:14:36","1000 - Sinhala","0743946305","4","Caller","00:02:46","11","Oshadi","00:01:56"
"2026-08-05 11:16:54","1000 - Sinhala","0777206457","2","Caller","00:00:14","11","Oshadi","00:02:15"
"2026-08-05 11:16:56","1000 - Sinhala","0766779375","5","Caller","00:03:42","10","Praveena","00:01:11"
"2026-08-05 11:18:41","1000 - Sinhala","0781627363","2","Caller","00:01:51","11","Oshadi","00:01:44"
"2026-08-05 11:21:29","1000 - Sinhala","0779152797","2","Caller","00:00:11","11","Oshadi","00:02:44"
"2026-08-05 11:25:07","1000 - Sinhala","0766723508","2","Caller","00:01:03","10","Praveena","00:00:01"
"2026-08-05 11:25:20","1001 - Tamil","0760015153","1","Caller","00:03:42","12","Harshika","00:02:08"
"2026-08-05 11:25:29","1000 - Sinhala","0777589358","3","Caller","00:02:51","11","Oshadi","00:03:56"
"2026-08-05 11:30:06","1000 - Sinhala","0705171701","2","Caller","00:00:39","11","Oshadi","00:01:18"
"2026-08-05 11:40:35","1000 - Sinhala","0705178200","1","Agent","00:00:07","10","Praveena","00:03:03"
"2026-08-05 11:40:53","1000 - Sinhala","0777590673","2","Caller","00:00:04","11","Oshadi","00:01:54"
"2026-08-05 11:43:49","1000 - Sinhala","0779317245","1","Agent","00:00:03","12","Harshika","00:04:54"
"2026-08-05 11:44:05","1000 - Sinhala","0766723508","1","Caller","00:00:04","11","Oshadi","00:01:17"
"2026-08-05 11:44:51","1000 - Sinhala","0711603357","1","Agent","00:00:13","10","Praveena","00:02:09"
"2026-08-05 11:46:23","1000 - Sinhala","0777621152","1","Agent","00:00:03","11","Oshadi","00:01:55"
"2026-08-05 11:48:59","1000 - Sinhala","0765796591","1","Caller","00:01:45","11","Oshadi","00:02:28"
"2026-08-05 11:56:05","1000 - Sinhala","0785983627","1","Agent","00:00:04","12","Harshika","00:02:53"
"2026-08-05 11:56:09","1000 - Sinhala","0779308747","1","Agent","00:00:04","11","Oshadi","00:01:55"
"2026-08-05 11:57:58","1001 - Tamil","0755877099","1","Agent","00:11:26","10","Praveena","00:02:37"
"2026-08-05 12:07:35","1000 - Sinhala","0779152797","1","Caller","00:00:03","12","Harshika","00:02:18"
"2026-08-05 12:07:44","1000 - Sinhala","0767717186","1","Agent","00:01:18","10","Praveena","00:02:45"
"2026-08-05 12:08:14","1000 - Sinhala","0772559388","1","Caller","00:00:08","11","Oshadi","00:01:27"
"2026-08-05 12:13:31","1000 - Sinhala","0760590537","2","Caller","00:00:04","11","Oshadi","00:02:47"
"2026-08-05 12:15:14","1000 - Sinhala","0777339382","2","Caller","00:00:47","11","Oshadi","00:01:40"
"2026-08-05 12:17:55","1000 - Sinhala","0754259198","1","Caller","00:05:55","10","Praveena","00:02:46"
"2026-08-05 12:22:47","1000 - Sinhala","0754226074","1","Caller","00:00:05","11","Oshadi","00:05:44"
"2026-08-05 12:24:19","1000 - Sinhala","0716010049","4","Caller","00:01:48","11","Oshadi","00:01:29"
"2026-08-05 12:24:28","1000 - Sinhala","0775295852","3","Caller","00:01:50","12","Harshika","00:02:01"
"2026-08-05 12:26:51","1000 - Sinhala","0714843361","4","Caller","00:01:49","10","Praveena","00:02:02"
"2026-08-05 12:33:00","1000 - Sinhala","0766003656","5","Agent","00:01:05","12","Harshika","00:02:52"
"2026-08-05 12:38:46","1000 - Sinhala","0764201222","5","Caller","00:05:32","11","Oshadi","00:00:13"
"2026-08-05 12:39:30","1000 - Sinhala","0760500831","4","Agent","00:04:23","10","Praveena","00:04:37"
"2026-08-05 12:40:32","1000 - Sinhala","0761760421","4","Caller","00:01:21","11","Oshadi","00:01:43"
"2026-08-05 12:43:04","1000 - Sinhala","0705045484","2","Caller","00:01:24","11","Oshadi","00:02:30"
"2026-08-05 12:44:31","1000 - Sinhala","0779611312","2","Caller","00:00:17","11","Oshadi","00:01:24"
"2026-08-05 12:45:09","1000 - Sinhala","0712409718","2","Agent","00:00:03","12","Harshika","00:02:35"
"2026-08-05 12:45:50","1000 - Sinhala","0770544544","1","Caller","00:00:09","10","Praveena","00:01:27"
"2026-08-05 12:46:58","1000 - Sinhala","0764417635","1","Agent","00:00:05","11","Oshadi","00:01:41"
"2026-08-05 12:53:12","1000 - Sinhala","0778067701","1","Agent","00:00:04","11","Oshadi","00:03:12"
"2026-08-05 12:55:46","1000 - Sinhala","0763685839","1","Caller","00:03:57","10","Praveena","00:01:41"
"2026-08-05 12:57:23","1000 - Sinhala","0778067701","1","Caller","00:00:04","11","Oshadi","00:01:38"
"2026-08-05 12:58:28","1001 - Tamil","0768529684","1","Agent","00:00:38","12","Harshika","00:01:36"
"2026-08-05 13:02:43","1000 - Sinhala","0760460204","2","Caller","00:00:05","11","Oshadi","00:01:00"
"2026-08-05 13:04:15","1000 - Sinhala","0779152797","2","Caller","00:00:06","12","Harshika","00:01:28"
"2026-08-05 13:04:54","1000 - Sinhala","0717607698","2","Caller","00:00:03","11","Oshadi","00:01:39"
"2026-08-05 13:07:56","1000 - Sinhala","0760806763","1","Caller","00:05:55","11","Oshadi","00:01:33"
"2026-08-05 13:17:20","1000 - Sinhala","0786230242","2","Caller","00:00:04","11","Oshadi","00:01:33"
"2026-08-05 13:18:54","1000 - Sinhala","0713682850","2","Agent","00:00:58","11","Oshadi","00:01:31"
"2026-08-05 13:22:25","1000 - Sinhala","0774427271","2","Caller","00:00:04","11","Oshadi","00:03:03"
"2026-08-05 13:24:35","1000 - Sinhala","0764724332","2","Agent","00:00:03","11","Oshadi","00:01:18"
"2026-08-05 13:35:07","1000 - Sinhala","0704545544","2","Agent","00:00:05","11","Oshadi","00:01:33"
"2026-08-05 13:37:13","1000 - Sinhala","0778407567","2","Caller","00:00:12","11","Oshadi","00:02:02"
"2026-08-05 13:39:12","1000 - Sinhala","0718473160","3","Caller","00:00:38","11","Oshadi","00:01:54"
"2026-08-05 13:44:01","1000 - Sinhala","0812232190","3","Caller","00:01:12","11","Oshadi","00:04:46"
"2026-08-05 13:46:29","1000 - Sinhala","0765796591","4","Caller","00:05:35","11","Oshadi","00:02:24"
"2026-08-05 13:50:11","1000 - Sinhala","0702587527","1","Agent","00:00:05","10","Praveena","00:01:27"
"2026-08-05 14:00:16","1000 - Sinhala","0777606651","1","Caller","00:09:57","10","Praveena","00:01:19"
"2026-08-05 14:11:14","1001 - Tamil","0755242773","1","Agent","00:02:32","10","Praveena","00:01:48"
"2026-08-05 14:18:46","1000 - Sinhala","0772973900","2","Agent","00:07:29","10","Praveena","00:00:10"
"2026-08-05 14:33:43","1000 - Sinhala","0779817389","1","Agent","00:00:11","10","Praveena","00:01:06"
"2026-08-05 14:40:29","1000 - Sinhala","0774427271","3","Caller","00:01:41","10","Praveena","00:02:02"
"2026-08-05 14:50:17","1001 - Tamil","0774477040","1","Agent","00:03:59","10","Praveena","00:01:47"
"2026-08-05 14:58:02","1000 - Sinhala","0777198712","2","Caller","00:00:17","11","Oshadi","00:00:17"
"2026-08-05 14:59:39","1000 - Sinhala","0774893190","1","Caller","00:01:15","10","Praveena","00:01:19"
"2026-08-05 15:01:22","1000 - Sinhala","0758162206","1","Caller","00:00:05","11","Oshadi","00:02:09"
"2026-08-05 15:12:51","1000 - Sinhala","0721601599","1","Agent","00:03:39","10","Praveena","00:01:11"
"2026-08-05 15:13:24","1000 - Sinhala","0718187251","1","Caller","00:00:06","11","Oshadi","00:01:23"
"2026-08-05 15:17:35","1000 - Sinhala","0115328100","2","Caller","00:00:04","11","Oshadi","00:02:40"
"2026-08-05 15:21:41","1000 - Sinhala","0777589358","1","Agent","00:00:04","10","Praveena","00:03:28"
"2026-08-05 15:23:30","1000 - Sinhala","0719822286","1","Caller","00:00:05","11","Oshadi","00:02:34"
"2026-08-05 15:32:10","1001 - Tamil","0768529684","1","Agent","00:00:11","10","Praveena","00:01:03"
"2026-08-05 15:39:20","1000 - Sinhala","0743652521","1","Caller","00:01:26","10","Praveena","00:01:17"
"2026-08-05 15:42:15","1000 - Sinhala","0767130120","2","Caller","00:00:04","11","Oshadi","00:01:33"
"2026-08-05 15:44:55","1000 - Sinhala","0776758892","2","Caller","00:00:04","11","Oshadi","00:02:01"
"2026-08-05 15:46:24","1000 - Sinhala","0713931004","3","Caller","00:01:36","11","Oshadi","00:01:26"
"2026-08-05 15:48:02","1000 - Sinhala","0768322303","2","Caller","00:00:04","11","Oshadi","00:01:18"
"2026-08-05 15:48:05","1000 - Sinhala","0779063855","2","Agent","00:00:15","12","Harshika","00:00:14"
"2026-08-05 15:50:10","1000 - Sinhala","0722179654","2","Caller","00:00:03","11","Oshadi","00:01:19"
"2026-08-05 15:51:49","1000 - Sinhala","0779981622","3","Agent","00:01:02","11","Oshadi","00:01:36"
"2026-08-05 15:55:41","1000 - Sinhala","0766003656","2","Agent","00:03:11","11","Oshadi","00:03:21"
"2026-08-05 16:01:32","1000 - Sinhala","0785983627","1","Caller","00:00:03","11","Oshadi","00:02:34"
"2026-08-05 16:03:26","1000 - Sinhala","0723604484","1","Agent","00:00:03","10","Praveena","00:01:09"
"2026-08-05 16:11:48","1000 - Sinhala","0754400231","2","Caller","00:00:04","11","Oshadi","00:01:35"
"2026-08-05 16:13:14","1000 - Sinhala","0761508918","3","Agent","00:00:29","10","Praveena","00:01:10"
"2026-08-05 16:14:08","1000 - Sinhala","0779360532","2","Caller","00:00:21","11","Oshadi","00:02:16"
"2026-08-05 16:23:17","1000 - Sinhala","0753520650","2","Caller","00:02:02","10","Praveena","00:01:20"
"2026-08-05 16:33:24","1000 - Sinhala","0743272427","2","Agent","00:09:02","10","Praveena","00:01:01"
"2026-08-05 16:47:00","1000 - Sinhala","0754039427","1","Agent","00:00:10","10","Praveena","00:04:22"
"2026-08-05 16:53:42","1000 - Sinhala","0772297100","2","Caller","00:00:04","11","Oshadi","00:01:51"
"2026-08-05 16:53:53","1001 - Tamil","0777743361","1","Agent","00:00:09","10","Praveena","00:01:22"
"2026-08-05 16:57:25","1000 - Sinhala","0740594846","2","Agent","00:01:31","11","Oshadi","00:03:40"
"2026-08-05 17:04:06","1001 - Tamil","0769189660","1","Agent","00:00:15","10","Praveena","00:01:25"
"2026-08-05 17:08:03","1000 - Sinhala","0703655375","1","Caller","00:01:50","11","Oshadi","00:01:54"
"2026-08-05 17:20:25","1000 - Sinhala","0772003556","1","Agent","00:00:11","10","Praveena","00:08:21"
"2026-08-05 17:20:57","1000 - Sinhala","0777589358","2","Caller","00:00:04","11","Oshadi","00:12:14"
"2026-08-05 17:24:26","1000 - Sinhala","0703442511","1","Agent","00:00:15","10","Praveena","00:01:19"
"2026-08-05 17:35:57","1000 - Sinhala","0772003556","2","Agent","00:00:04","11","Oshadi","00:04:54"
"2026-08-06 09:13:48","1000 - Sinhala","0719921241","4","Agent","00:05:41","10","Praveena","00:01:41"
"2026-08-06 09:24:36","1001 - Tamil","0767112717","1","Caller","00:00:34","10","Praveena","00:01:37"
"2026-08-06 09:29:15","1000 - Sinhala","0112552761","7","Caller","00:03:28","10","Praveena","00:00:28"
"2026-08-06 09:33:28","1000 - Sinhala","0702172137","9","Agent","00:07:26","10","Praveena","00:02:25"
"2026-08-06 09:43:56","1000 - Sinhala","0719127549","6","Agent","00:07:25","10","Praveena","00:02:18"
"2026-08-06 09:46:59","1000 - Sinhala","0785084798","6","Caller","00:09:22","11","Oshadi","00:01:47"
"2026-08-06 09:48:56","1000 - Sinhala","0710405872","8","Agent","00:03:57","11","Oshadi","00:01:55"
"2026-08-06 09:53:17","1000 - Sinhala","0757387096","5","Agent","00:15:36","10","Praveena","00:01:56"
"2026-08-06 09:54:55","1000 - Sinhala","0761212928","1","Caller","00:00:40","11","Oshadi","00:01:46"
"2026-08-06 09:56:49","1000 - Sinhala","0766624364","3","Caller","00:00:03","11","Oshadi","00:01:43"
"2026-08-06 09:59:23","1000 - Sinhala","0715723365","2","Caller","00:02:25","11","Oshadi","00:02:21"
"2026-08-06 10:01:58","1000 - Sinhala","0770702331","2","Caller","00:00:04","11","Oshadi","00:01:38"
"2026-08-06 10:02:02","1000 - Sinhala","0772165143","1","Agent","00:00:48","10","Praveena","00:01:19"
"2026-08-06 10:09:29","1000 - Sinhala","0787494638","1","Agent","00:01:03","11","Oshadi","00:07:29"
"2026-08-06 10:12:26","1000 - Sinhala","0774875622","5","Agent","00:05:43","11","Oshadi","00:02:54"
"2026-08-06 10:13:46","1000 - Sinhala","0716134721","5","Agent","00:05:54","10","Praveena","00:03:02"
"2026-08-06 10:14:04","1000 - Sinhala","0767675044","1","Caller","00:00:02","11","Oshadi","00:01:29"
"2026-08-06 10:15:19","1000 - Sinhala","0704807661","2","Caller","00:00:03","11","Oshadi","00:01:13"
"2026-08-06 10:17:01","1000 - Sinhala","0773579038","2","Caller","00:01:03","11","Oshadi","00:01:39"
"2026-08-06 10:20:25","1000 - Sinhala","0729973662","3","Caller","00:01:21","11","Oshadi","00:03:22"
"2026-08-06 10:21:43","1000 - Sinhala","0775215259","5","Caller","00:03:30","11","Oshadi","00:01:15"
"2026-08-06 10:21:44","1000 - Sinhala","0777213147","4","Caller","00:02:53","10","Praveena","00:01:07"
"2026-08-06 10:24:37","1000 - Sinhala","0777680002","1","Caller","00:00:03","11","Oshadi","00:02:16"
"2026-08-06 10:25:05","1000 - Sinhala","0772666051","8","Caller","00:02:58","11","Oshadi","00:03:19"
"2026-08-06 10:31:06","1000 - Sinhala","0742830009","2","Caller","00:04:42","11","Oshadi","00:00:49"
"2026-08-06 10:32:19","1001 - Tamil","0756977652","2","Agent","00:01:25","10","Praveena","00:01:43"
"2026-08-06 10:33:13","1000 - Sinhala","0772666051","3","Caller","00:05:22","11","Oshadi","00:02:03"
"2026-08-06 10:35:11","1000 - Sinhala","0769155481","6","Caller","00:03:57","11","Oshadi","00:01:54"
"2026-08-06 10:36:35","1000 - Sinhala","0714267578","3","Caller","00:00:31","11","Oshadi","00:01:21"
"2026-08-06 10:38:18","1000 - Sinhala","0742830009","4","Caller","00:01:46","11","Oshadi","00:01:39"
"2026-08-06 10:43:38","1000 - Sinhala","0718932369","3","Agent","00:02:38","10","Praveena","00:02:58"
"2026-08-06 10:44:28","1000 - Sinhala","0312233445","3","Caller","00:01:18","11","Oshadi","00:06:02"
"2026-08-06 10:52:31","1001 - Tamil","0760015153","1","Caller","00:02:50","10","Praveena","00:01:35"
"2026-08-06 10:53:35","1000 - Sinhala","0716005309","5","Agent","00:03:03","11","Oshadi","00:03:59"
"2026-08-06 10:54:56","1000 - Sinhala","0785983627","1","Caller","00:00:05","11","Oshadi","00:01:14"
"2026-08-06 10:57:57","1000 - Sinhala","0718059378","2","Caller","00:00:03","11","Oshadi","00:02:11"
"2026-08-06 10:59:51","1000 - Sinhala","0719921241","1","Caller","00:02:35","11","Oshadi","00:01:46"
"2026-08-06 11:00:58","1001 - Tamil","0785697141","1","Caller","00:01:24","10","Praveena","00:00:43"
"2026-08-06 11:01:28","1000 - Sinhala","0772287065","2","Caller","00:02:42","11","Oshadi","00:01:20"
"2026-08-06 11:03:37","1000 - Sinhala","0767130120","3","Caller","00:00:12","11","Oshadi","00:02:06"
"2026-08-06 11:11:13","1000 - Sinhala","0766636137","2","Agent","00:02:55","11","Oshadi","00:00:27"
"2026-08-06 11:12:04","1000 - Sinhala","0740107979","4","Agent","00:09:03","10","Praveena","00:01:32"
"2026-08-06 11:15:22","1000 - Sinhala","0711514030","4","Agent","00:00:54","11","Oshadi","00:04:06"
"2026-08-06 11:22:30","1001 - Tamil","0761757012","1","Caller","00:00:17","10","Praveena","00:02:12"
"2026-08-06 11:26:59","1000 - Sinhala","0742096397","5","Caller","00:02:31","11","Oshadi","00:02:19"
"2026-08-06 11:30:03","1000 - Sinhala","0772917016","3","Agent","00:00:39","11","Oshadi","00:03:02"
"2026-08-06 11:32:01","1000 - Sinhala","0763732592","3","Caller","00:03:01","11","Oshadi","00:01:55"
"2026-08-06 11:33:38","1000 - Sinhala","0753520650","2","Caller","00:18:56","10","Praveena","00:03:24"
"2026-08-06 11:36:25","1000 - Sinhala","0778610695","4","Agent","00:05:11","11","Oshadi","00:01:41"
"2026-08-06 11:37:57","1000 - Sinhala","0713931004","1","Caller","00:00:08","11","Oshadi","00:01:29"
"2026-08-06 11:38:42","1001 - Tamil","0716200578","1","Caller","00:00:13","10","Praveena","00:02:58"
"2026-08-06 11:39:59","1000 - Sinhala","0718060899","1","Agent","00:01:29","11","Oshadi","00:01:59"
"2026-08-06 11:42:12","1000 - Sinhala","0779308747","1","Agent","00:00:41","10","Praveena","00:01:58"
"2026-08-06 11:45:37","1000 - Sinhala","0760557494","2","Caller","00:01:28","11","Oshadi","00:02:07"
"2026-08-06 11:47:07","1000 - Sinhala","0762892241","2","Caller","00:01:31","11","Oshadi","00:01:27"
"2026-08-06 11:49:50","1000 - Sinhala","0705178200","2","Caller","00:00:47","11","Oshadi","00:02:40"
"2026-08-06 11:50:21","1000 - Sinhala","0740128084","3","Caller","00:02:31","10","Praveena","00:00:18"
"2026-08-06 12:01:06","1000 - Sinhala","0711221766","1","Agent","00:01:25","10","Praveena","00:00:42"
"2026-08-06 12:04:03","1000 - Sinhala","0770044299","1","Agent","00:01:14","11","Oshadi","00:02:07"
"2026-08-06 12:05:22","1000 - Sinhala","0754044752","1","Caller","00:01:15","11","Oshadi","00:01:15"
"2026-08-06 12:06:35","1000 - Sinhala","0764071667","2","Agent","00:00:05","11","Oshadi","00:00:21"
"2026-08-06 12:11:18","1000 - Sinhala","0766636137","1","Caller","00:00:26","11","Oshadi","00:01:34"
"2026-08-06 12:11:40","1001 - Tamil","0767440231","2","Caller","00:03:07","10","Praveena","00:01:57"
"2026-08-06 12:13:04","1000 - Sinhala","0766378411","1","Caller","00:01:25","11","Oshadi","00:01:43"
"2026-08-06 12:19:28","1000 - Sinhala","0777339382","2","Caller","00:00:04","11","Oshadi","00:05:46"
"2026-08-06 12:21:37","1000 - Sinhala","0707791712","2","Agent","00:04:28","10","Praveena","00:02:13"
"2026-08-06 12:21:59","1000 - Sinhala","0774110175","2","Caller","00:02:48","11","Oshadi","00:02:27"
"2026-08-06 12:25:40","1000 - Sinhala","0773635567","1","Agent","00:00:39","11","Oshadi","00:01:28"
"2026-08-06 12:31:57","1000 - Sinhala","0757387096","1","Agent","00:00:10","10","Praveena","00:01:43"
"2026-08-06 12:33:01","1000 - Sinhala","0742075597","1","Caller","00:00:39","11","Oshadi","00:03:19"
"2026-08-06 12:35:37","1000 - Sinhala","0777143682","1","Caller","00:00:03","11","Oshadi","00:01:29"
"2026-08-06 12:40:55","1000 - Sinhala","0762003411","1","Agent","00:00:10","10","Praveena","00:01:23"
"2026-08-06 12:44:16","1000 - Sinhala","0715157416","1","Caller","00:00:03","11","Oshadi","00:07:21"
"2026-08-06 12:50:36","1000 - Sinhala","0765516021","3","Agent","00:06:02","10","Praveena","00:01:11"
"2026-08-06 12:56:41","1000 - Sinhala","0761252446","4","Caller","00:00:58","11","Oshadi","00:02:11"
"2026-08-06 12:58:44","1000 - Sinhala","0766378411","3","Caller","00:00:20","11","Oshadi","00:01:56"
"2026-08-06 13:00:25","1000 - Sinhala","0714638937","2","Caller","00:00:29","11","Oshadi","00:01:37"
"2026-08-06 13:02:51","1000 - Sinhala","0762236611","2","Caller","00:00:03","11","Oshadi","00:01:46"
"2026-08-06 13:05:26","1000 - Sinhala","0778224115","2","Caller","00:00:05","11","Oshadi","00:02:14"
"2026-08-06 13:16:32","1000 - Sinhala","0779643126","4","Caller","00:02:24","11","Oshadi","00:01:00"
"2026-08-06 13:18:48","1000 - Sinhala","0777589358","3","Caller","00:00:29","11","Oshadi","00:02:13"
"2026-08-06 13:21:58","1000 - Sinhala","0762862378","2","Caller","00:01:04","11","Oshadi","00:03:07"
"2026-08-06 13:25:54","1000 - Sinhala","0703655375","2","Caller","00:00:04","11","Oshadi","00:01:07"
"2026-08-06 13:28:10","1000 - Sinhala","0784630490","2","Caller","00:00:03","11","Oshadi","00:02:00"
"2026-08-06 13:29:58","1000 - Sinhala","0757487564","3","Caller","00:01:16","11","Oshadi","00:01:45"
"2026-08-06 13:42:37","1000 - Sinhala","0718060899","2","Agent","00:00:05","11","Oshadi","00:02:21"
"2026-08-06 13:48:27","1000 - Sinhala","0712565852","1","Agent","00:03:13","10","Praveena","00:00:12"
"2026-08-06 13:58:35","1000 - Sinhala","0761561978","2","Agent","00:08:59","10","Praveena","00:00:52"
"2026-08-06 14:04:58","1000 - Sinhala","0761561978","3","Agent","00:10:41","10","Praveena","00:03:54"
"2026-08-06 14:09:10","1000 - Sinhala","0718060899","1","Agent","00:02:23","10","Praveena","00:01:14"
"2026-08-06 14:20:11","1000 - Sinhala","0761561978","3","Caller","00:07:38","10","Praveena","00:02:28"
"2026-08-06 14:32:23","1000 - Sinhala","0750134665","4","Caller","00:08:50","10","Praveena","00:04:14"
"2026-08-06 14:36:22","1001 - Tamil","0707423518","2","Agent","00:00:42","10","Praveena","00:02:32"
"2026-08-06 14:36:52","1001 - Tamil","0761284694","1","Caller","00:01:48","12","Harshika","00:03:43"
"2026-08-06 14:40:19","1000 - Sinhala","0767129144","1","Agent","00:02:57","10","Praveena","00:02:43"
"2026-08-06 14:40:30","1001 - Tamil","0768529684","1","Agent","00:00:10","12","Harshika","00:00:16"
"2026-08-06 14:53:51","1000 - Sinhala","0777494737","2","Agent","00:03:30","10","Praveena","00:01:05"
"2026-08-06 15:06:48","1001 - Tamil","0768529684","1","Agent","00:00:10","10","Praveena","00:01:37"
"2026-08-06 15:09:21","1000 - Sinhala","0777206457","2","Caller","00:00:22","11","Oshadi","00:03:01"
"2026-08-06 15:18:33","1000 - Sinhala","0718060899","1","Caller","00:01:14","10","Praveena","00:03:33"
"2026-08-06 15:31:02","1001 - Tamil","0761284694","1","Agent","00:00:06","10","Praveena","00:03:01"
"2026-08-06 15:37:48","1000 - Sinhala","0740417431","1","Caller","00:00:04","11","Oshadi","00:02:25"
"2026-08-06 15:45:14","1000 - Sinhala","0766378411","2","Caller","00:00:05","11","Oshadi","00:01:51"
"2026-08-06 15:48:30","1000 - Sinhala","0771558390","2","Caller","00:00:04","11","Oshadi","00:02:28"
"2026-08-06 15:58:16","1000 - Sinhala","0772003556","2","Agent","00:01:54","11","Oshadi","00:09:21"
"2026-08-06 16:04:13","1001 - Tamil","0779341063","1","Caller","00:00:08","10","Praveena","00:01:02"
"2026-08-06 16:10:08","1000 - Sinhala","0787879292","1","Caller","00:01:38","11","Oshadi","00:03:13"
"2026-08-06 16:13:02","1000 - Sinhala","0743652521","1","Agent","00:00:04","11","Oshadi","00:01:13"
"2026-08-06 16:14:02","1001 - Tamil","0725518575","1","Agent","00:00:02","10","Praveena","00:01:52"
"2026-08-06 16:14:32","1000 - Sinhala","0776418189","1","Caller","00:00:04","11","Oshadi","00:00:05"
"2026-08-06 16:23:59","1000 - Sinhala","0777606651","1","Caller","00:01:26","10","Praveena","00:01:57"
"2026-08-06 16:28:35","1000 - Sinhala","0773556230","1","Agent","00:00:14","10","Praveena","00:00:08"
"2026-08-06 16:32:38","1000 - Sinhala","0774680686","2","Caller","00:00:29","11","Oshadi","00:01:26"
"2026-08-06 16:34:05","1000 - Sinhala","0722179654","3","Caller","00:01:24","11","Oshadi","00:01:22"
"2026-08-06 16:36:27","1000 - Sinhala","0710522161","2","Caller","00:00:05","11","Oshadi","00:01:53"
"2026-08-06 16:38:45","1000 - Sinhala","0773556230","1","Caller","00:06:51","10","Praveena","00:02:32"
"2026-08-06 16:38:53","1000 - Sinhala","0786111686","1","Caller","00:00:04","11","Oshadi","00:02:18"
"2026-08-06 16:41:01","1000 - Sinhala","0777584151","1","Caller","00:00:04","10","Praveena","00:01:27"
"2026-08-06 16:59:20","1000 - Sinhala","0769155481","1","Agent","00:00:07","10","Praveena","00:03:05"
"2026-08-06 17:07:48","1000 - Sinhala","0785084798","1","Caller","00:00:05","11","Oshadi","00:01:33"
"2026-08-06 17:09:10","1000 - Sinhala","0752240580","1","Agent","00:01:15","10","Praveena","00:03:15"
"2026-08-06 17:13:08","1000 - Sinhala","0769896748","2","Caller","00:00:04","11","Oshadi","00:00:32"
"2026-08-06 17:15:25","1000 - Sinhala","0726032831","2","Caller","00:00:47","11","Oshadi","00:01:45"
"2026-08-06 17:24:32","1000 - Sinhala","0718732105","1","Agent","00:00:08","10","Praveena","00:02:50"
"2026-08-06 17:28:30","1000 - Sinhala","0764373766","1","Agent","00:01:14","10","Praveena","00:02:33"
"2026-08-06 17:31:06","1000 - Sinhala","0766378411","2","Agent","00:00:47","11","Oshadi","00:02:31"
"2026-08-06 17:34:01","1000 - Sinhala","0718732105","1","Agent","00:03:40","10","Praveena","00:03:49"
"2026-08-06 17:34:06","1000 - Sinhala","0773556230","2","Caller","00:01:30","11","Oshadi","00:02:57"
"2026-08-06 17:41:09","1000 - Sinhala","0752240580","1","Agent","00:00:40","10","Praveena","00:01:38"
"2026-08-06 17:42:32","1000 - Sinhala","0776282188","1","Caller","00:00:04","11","Oshadi","00:01:42"
"2026-08-06 17:58:20","1000 - Sinhala","0770702331","2","Caller","00:00:07","11","Oshadi","00:03:00"
"2026-08-07 09:07:06","1000 - Sinhala","0765516021","3","Agent","00:04:32","10","Praveena","00:01:13"
"2026-08-07 09:19:28","1000 - Sinhala","0750751193","3","Agent","00:00:27","10","Praveena","00:02:57"
"2026-08-07 09:27:22","1000 - Sinhala","0112552761","4","Caller","00:10:45","10","Praveena","00:01:34"
"2026-08-07 09:36:17","1000 - Sinhala","0703655375","1","Agent","00:00:20","10","Praveena","00:02:30"
"2026-08-07 09:43:40","1000 - Sinhala","0779643126","1","Caller","00:07:37","10","Praveena","00:01:28"
"2026-08-07 09:45:37","1000 - Sinhala","0772991183","2","Agent","00:00:17","10","Praveena","00:01:55"
"2026-08-07 09:58:40","1000 - Sinhala","0767130120","3","Caller","00:06:45","10","Praveena","00:03:16"
"2026-08-07 10:07:55","1000 - Sinhala","0702960642","3","Agent","00:05:07","10","Praveena","00:02:35"
"2026-08-07 10:16:39","1000 - Sinhala","0702960642","5","Agent","00:07:00","10","Praveena","00:00:55"
"2026-08-07 10:23:53","1000 - Sinhala","0755404723","4","Caller","00:02:23","12","Harshika","00:02:11"
"2026-08-07 10:27:08","1000 - Sinhala","0763732592","1","Agent","00:09:30","10","Praveena","00:01:29"
"2026-08-07 10:36:21","1000 - Sinhala","0783804383","1","Agent","00:01:14","10","Praveena","00:00:52"
"2026-08-07 10:42:14","1000 - Sinhala","0766378411","3","Caller","00:00:36","11","Oshadi","00:02:30"
"2026-08-07 10:47:08","1000 - Sinhala","0775215259","1","Caller","00:07:54","10","Praveena","00:01:42"
"2026-08-07 10:56:31","1000 - Sinhala","0768322303","2","Agent","00:00:07","12","Harshika","00:01:23"
"2026-08-07 10:58:47","1000 - Sinhala","0706629242","2","Caller","00:10:09","10","Praveena","00:03:31"
"2026-08-07 11:04:10","1000 - Sinhala","0777206457","1","Caller","00:00:14","10","Praveena","00:02:35"
"2026-08-07 11:05:56","1000 - Sinhala","0742075597","1","Agent","00:00:06","11","Oshadi","00:02:15"
"2026-08-07 11:07:54","1000 - Sinhala","0776033685","1","Caller","00:00:04","10","Praveena","00:00:49"
"2026-08-07 11:14:01","1000 - Sinhala","0713804982","3","Caller","00:02:18","11","Oshadi","00:01:00"
"2026-08-07 11:17:31","1001 - Tamil","0704208243","1","Agent","00:00:07","10","Praveena","00:01:56"
"2026-08-07 11:25:17","1000 - Sinhala","0785827693","2","Agent","00:00:11","11","Oshadi","00:00:23"
"2026-08-07 11:26:28","1000 - Sinhala","0776822700","1","Agent","00:00:40","10","Praveena","00:01:19"
"2026-08-07 11:33:30","1000 - Sinhala","0773635567","2","Agent","00:00:19","11","Oshadi","00:02:21"
"2026-08-07 11:37:25","1000 - Sinhala","0778033275","1","Caller","00:01:53","10","Praveena","00:02:31"
"2026-08-07 11:40:36","1000 - Sinhala","0725060357","1","Agent","00:00:08","10","Praveena","00:01:44"
"2026-08-07 11:48:45","1000 - Sinhala","0761252446","1","Caller","00:02:28","10","Praveena","00:04:00"
"2026-08-07 11:53:37","1000 - Sinhala","0761252446","2","Agent","00:00:11","11","Oshadi","00:00:45"
"2026-08-07 11:57:49","1000 - Sinhala","0704916454","1","Caller","00:00:39","10","Praveena","00:03:22"
"2026-08-07 12:03:35","1000 - Sinhala","0778486999","1","Caller","00:00:32","10","Praveena","00:02:04"
"2026-08-07 12:03:50","1000 - Sinhala","0742684884","2","Caller","00:00:20","11","Oshadi","00:04:00"
"2026-08-07 12:06:50","1001 - Tamil","0740329382","1","Agent","00:01:04","10","Praveena","00:01:38"
"2026-08-07 12:08:33","1000 - Sinhala","0774110175","1","Agent","00:00:03","11","Oshadi","00:01:51"
"2026-08-07 12:17:03","1000 - Sinhala","0754814261","2","Agent","00:03:02","10","Praveena","00:02:21"
"2026-08-07 12:28:39","1000 - Sinhala","0779112605","2","Caller","00:00:08","11","Oshadi","00:01:36"
"2026-08-07 12:29:47","1000 - Sinhala","0772991183","1","Agent","00:00:07","10","Praveena","00:02:45"
"2026-08-07 12:35:03","1000 - Sinhala","0702747437","1","Caller","00:00:42","10","Praveena","00:00:21"
"2026-08-07 12:47:00","1001 - Tamil","0787628464","1","Agent","00:00:06","10","Praveena","00:01:49"
"2026-08-07 12:51:33","1000 - Sinhala","0718103536","1","Caller","00:00:07","11","Oshadi","00:02:12"
"2026-08-07 12:57:57","1000 - Sinhala","0717882360","2","Agent","00:02:53","10","Praveena","00:03:09"
"2026-08-07 12:58:01","1000 - Sinhala","0775757925","1","Agent","00:00:06","11","Oshadi","00:01:15"
"2026-08-07 13:04:11","1000 - Sinhala","0742684884","3","Caller","00:00:52","11","Oshadi","00:01:37"
"2026-08-07 13:08:41","1000 - Sinhala","0776418189","2","Agent","00:00:04","11","Oshadi","00:02:02"
"2026-08-07 13:18:56","1000 - Sinhala","0776790059","3","Caller","00:01:11","11","Oshadi","00:03:28"
"2026-08-07 13:49:10","1000 - Sinhala","0777031148","3","Agent","00:01:09","11","Oshadi","00:06:34"
"2026-08-07 13:50:33","1000 - Sinhala","0740128084","3","Agent","00:05:08","10","Praveena","00:00:45"
"2026-08-07 14:00:54","1000 - Sinhala","0743272427","2","Agent","00:04:00","10","Praveena","00:01:23"
"2026-08-07 14:11:24","1000 - Sinhala","0777195653","1","Agent","00:02:27","10","Praveena","00:02:27"
"2026-08-07 14:26:08","1000 - Sinhala","0766378411","1","Agent","00:00:05","10","Praveena","00:02:08"
"2026-08-07 14:32:36","1000 - Sinhala","0787260722","1","Caller","00:00:39","10","Praveena","00:03:44"
"2026-08-07 14:39:33","1000 - Sinhala","0788323733","1","Caller","00:01:17","10","Praveena","00:00:23"
"2026-08-07 14:43:26","1000 - Sinhala","0726032831","2","Caller","00:00:08","11","Oshadi","00:02:28"
"2026-08-07 14:50:13","1000 - Sinhala","0743652521","1","Agent","00:00:09","10","Praveena","00:01:08"
"2026-08-07 15:06:14","1000 - Sinhala","0775757925","1","Caller","00:00:10","10","Praveena","00:01:27"
"2026-08-07 15:12:03","1000 - Sinhala","0775060252","1","Caller","00:00:08","10","Praveena","00:00:10"
"2026-08-07 15:14:46","1000 - Sinhala","0775060252","2","Agent","00:00:16","11","Oshadi","00:01:48"
"2026-08-07 15:20:27","1001 - Tamil","0755242773","1","Agent","00:05:12","10","Praveena","00:01:43"
"2026-08-07 15:20:29","1000 - Sinhala","0742704413","2","Caller","00:00:23","11","Oshadi","00:02:10"
"2026-08-07 15:32:52","1000 - Sinhala","0742704413","1","Caller","00:00:07","10","Praveena","00:01:24"
"2026-08-07 15:36:35","1000 - Sinhala","0716527087","2","Caller","00:00:04","11","Oshadi","00:03:04"
"2026-08-07 15:39:47","1000 - Sinhala","0742704413","1","Agent","00:00:40","10","Praveena","00:01:25"
"2026-08-07 15:42:16","1000 - Sinhala","0714398197","1","Agent","00:00:19","11","Oshadi","00:03:22"
"2026-08-07 15:54:31","1000 - Sinhala","0742075597","1","Caller","00:00:06","11","Oshadi","00:02:08"
"2026-08-07 16:00:08","1000 - Sinhala","0759746828","2","Agent","00:00:10","11","Oshadi","00:01:23"
"2026-08-07 16:03:11","1001 - Tamil","0714780380","1","Agent","00:02:39","10","Praveena","00:00:58"
"2026-08-07 16:09:32","1000 - Sinhala","0769155481","4","Agent","00:01:32","11","Oshadi","00:01:22"
"2026-08-07 16:14:09","1000 - Sinhala","0743652521","1","Agent","00:00:05","10","Praveena","00:01:37"
"2026-08-07 16:23:18","1001 - Tamil","0765858862","2","Agent","00:01:42","10","Praveena","00:01:43"
"2026-08-07 16:23:28","1000 - Sinhala","0773635567","1","Agent","00:01:21","11","Oshadi","00:04:15"
"2026-08-07 16:33:38","1000 - Sinhala","0769155481","1","Agent","00:01:16","10","Praveena","00:02:27"
"2026-08-07 16:47:29","1000 - Sinhala","0712409718","1","Agent","00:00:07","10","Praveena","00:01:51"
"2026-08-07 16:52:28","1000 - Sinhala","0713226483","1","Agent","00:02:26","10","Praveena","00:01:10"
"2026-08-07 17:00:35","1000 - Sinhala","0710398918","2","Agent","00:00:03","11","Oshadi","00:03:09"
"2026-08-07 17:04:10","1001 - Tamil","0753776778","1","Caller","00:00:54","10","Praveena","00:02:24"
"2026-08-07 17:09:46","1000 - Sinhala","0703655375","2","Caller","00:00:05","11","Oshadi","00:00:19"
"2026-08-07 17:15:46","1000 - Sinhala","0778033275","1","Caller","00:03:50","10","Praveena","00:04:32"
"2026-08-07 17:29:18","1001 - Tamil","0761212928","1","Agent","00:00:09","10","Praveena","00:03:48"
"2026-08-07 17:30:20","1000 - Sinhala","0766378411","1","Agent","00:00:03","11","Oshadi","00:03:42"
"2026-08-07 17:35:24","1000 - Sinhala","0779707333","1","Caller","00:00:17","10","Praveena","00:01:25"
"2026-08-07 17:40:35","1000 - Sinhala","0764373766","1","Agent","00:01:53","11","Oshadi","00:02:51"
"2026-08-07 17:44:47","1001 - Tamil","0752116061","1","Agent","00:00:08","10","Praveena","00:02:31"
"2026-08-07 17:50:29","1000 - Sinhala","0767293645","3","Caller","00:02:04","11","Oshadi","00:03:30"
"2026-08-08 09:06:49","1000 - Sinhala","0769868299","2","Agent","00:04:28","10","Praveena","00:02:08"
"2026-08-08 09:14:49","1000 - Sinhala","0772201964","2","Agent","00:00:04","11","Oshadi","00:01:21"
"2026-08-08 09:22:14","1000 - Sinhala","0762862378","2","Caller","00:00:10","11","Oshadi","00:03:10"
"2026-08-08 09:24:19","1000 - Sinhala","0766378411","2","Agent","00:00:32","11","Oshadi","00:01:53"
"2026-08-08 09:25:09","1000 - Sinhala","0779480480","2","Caller","00:00:55","12","Harshika","00:03:25"
"2026-08-08 09:29:25","1000 - Sinhala","0773635567","2","Caller","00:00:04","12","Harshika","00:04:01"
"2026-08-08 09:31:15","1000 - Sinhala","0703655375","2","Caller","00:01:25","12","Harshika","00:01:47"
"2026-08-08 09:32:54","1000 - Sinhala","0768399950","3","Agent","00:01:04","11","Oshadi","00:02:46"
"2026-08-08 09:34:37","1000 - Sinhala","0772646458","1","Agent","00:00:08","10","Praveena","00:02:44"
"2026-08-08 09:44:08","1000 - Sinhala","0707212606","1","Caller","00:00:06","12","Harshika","00:01:52"
"2026-08-08 09:45:37","1000 - Sinhala","0710405872","1","Agent","00:02:26","10","Praveena","00:03:48"
"2026-08-08 09:46:44","1000 - Sinhala","0766589987","1","Caller","00:00:04","12","Harshika","00:01:46"
"2026-08-08 09:46:47","1001 - Tamil","0720221327","1","Agent","00:01:27","12","Harshika","00:02:35"
"2026-08-08 09:52:53","1001 - Tamil","0704208243","1","Caller","00:00:04","12","Harshika","00:01:21"
"2026-08-08 09:54:02","1000 - Sinhala","0771915541","1","Agent","00:00:10","11","Oshadi","00:02:18"
"2026-08-08 09:55:47","1001 - Tamil","0704208243","1","Caller","00:00:06","12","Harshika","00:01:35"
"2026-08-08 10:00:04","1000 - Sinhala","0767960156","3","Caller","00:00:44","11","Oshadi","00:00:20"
"2026-08-08 10:01:11","1000 - Sinhala","0772646458","2","Caller","00:00:04","12","Harshika","00:03:50"
"2026-08-08 10:03:07","1000 - Sinhala","0767960156","2","Agent","00:00:03","12","Harshika","00:01:46"
"2026-08-08 10:05:01","1000 - Sinhala","0754662112","2","Agent","00:04:00","10","Praveena","00:03:24"
"2026-08-08 10:15:48","1000 - Sinhala","0779643126","1","Caller","00:00:06","10","Praveena","00:02:48"
"2026-08-08 10:29:19","1000 - Sinhala","0772220256","2","Agent","00:00:03","11","Oshadi","00:01:42"
"2026-08-08 10:35:50","1000 - Sinhala","0721919285","1","Caller","00:00:06","12","Harshika","00:03:10"
"2026-08-08 10:36:44","1000 - Sinhala","0789745393","1","Caller","00:00:49","12","Harshika","00:00:50"
"2026-08-08 10:39:47","1000 - Sinhala","0778033275","1","Caller","00:00:05","10","Praveena","00:04:45"
"2026-08-08 10:45:47","1000 - Sinhala","0705178200","1","Caller","00:01:39","11","Oshadi","00:02:44"
"2026-08-08 10:47:27","1001 - Tamil","0764911325","1","Caller","00:00:04","12","Harshika","00:04:22"
"2026-08-08 10:54:18","1000 - Sinhala","0725441819","1","Caller","00:00:13","10","Praveena","00:02:44"
"2026-08-08 10:54:52","1000 - Sinhala","0718059378","1","Agent","00:00:04","11","Oshadi","00:02:07"
"2026-08-08 11:08:35","1000 - Sinhala","0789745393","1","Agent","00:00:03","10","Praveena","00:02:18"
"2026-08-08 11:09:08","1000 - Sinhala","0770390357","1","Caller","00:00:05","12","Harshika","00:01:11"
"2026-08-08 11:09:10","1000 - Sinhala","0742704413","1","Agent","00:00:04","11","Oshadi","00:01:00"
"2026-08-08 11:16:14","1000 - Sinhala","0711908193","1","Caller","00:02:26","10","Praveena","00:02:14"
"2026-08-08 11:19:09","1000 - Sinhala","0711523125","1","Caller","00:00:05","12","Harshika","00:04:13"
"2026-08-08 11:20:38","1000 - Sinhala","0788485441","2","Caller","00:01:02","11","Oshadi","00:01:52"
"2026-08-08 11:37:38","1000 - Sinhala","0773403798","1","Caller","00:00:05","11","Oshadi","00:00:43"
"2026-08-08 11:51:04","1000 - Sinhala","0771558390","1","Caller","00:00:04","12","Harshika","00:04:29"
"2026-08-08 11:57:09","1001 - Tamil","0765858862","1","Caller","00:00:06","12","Harshika","00:01:54"
"2026-08-08 11:57:52","1000 - Sinhala","0772485650","1","Caller","00:00:07","12","Harshika","00:01:12"
"2026-08-08 12:07:28","1000 - Sinhala","0775060252","2","Agent","00:00:04","12","Harshika","00:02:11"
"2026-08-08 12:12:47","1000 - Sinhala","0765262698","1","Caller","00:00:04","12","Harshika","00:01:55"
"2026-08-08 12:14:26","1000 - Sinhala","0781841560","1","Caller","00:00:03","12","Harshika","00:01:34"
"2026-08-08 12:19:44","1000 - Sinhala","0712143102","1","Agent","00:00:04","11","Oshadi","00:02:01"
"2026-08-08 12:48:12","1000 - Sinhala","0773945220","1","Caller","00:00:07","12","Harshika","00:01:37"
"2026-08-08 12:51:20","1000 - Sinhala","0773945220","1","Caller","00:00:40","11","Oshadi","00:02:03"
"2026-08-08 12:58:14","1000 - Sinhala","0775405681","1","Caller","00:00:05","12","Harshika","00:02:22"
"2026-08-08 13:04:52","1000 - Sinhala","0760696214","1","Caller","00:00:04","12","Harshika","00:01:11"
"2026-08-08 13:13:59","1000 - Sinhala","0773616422","2","Caller","00:00:04","12","Harshika","00:01:35"
"2026-08-08 13:15:49","1000 - Sinhala","0716167163","1","Agent","00:02:23","12","Harshika","00:01:45"
"2026-08-08 13:21:12","1001 - Tamil","0752116061","1","Caller","00:00:06","12","Harshika","00:00:21"
"2026-08-08 13:22:50","1001 - Tamil","0752116061","1","Caller","00:00:05","12","Harshika","00:01:10"
"2026-08-08 13:24:28","1001 - Tamil","0752116061","1","Caller","00:00:07","12","Harshika","00:01:15"
"2026-08-08 13:29:07","1000 - Sinhala","0773033332","1","Caller","00:00:05","12","Harshika","00:01:43"
"2026-08-08 13:56:19","1000 - Sinhala","0723473476","2","Agent","00:00:06","11","Oshadi","00:03:26"
"2026-08-08 14:32:44","1000 - Sinhala","0758311632","2","Agent","00:00:07","11","Oshadi","00:03:41"
"2026-08-08 14:46:17","1000 - Sinhala","0743215858","1","Caller","00:00:04","11","Oshadi","00:02:26"
"2026-08-08 15:13:19","1000 - Sinhala","0772991183","1","Agent","00:00:09","11","Oshadi","00:01:42"
"2026-08-08 15:13:49","1000 - Sinhala","0721919285","1","Caller","00:00:04","12","Harshika","00:03:44"
"2026-08-08 15:22:57","1000 - Sinhala","0743908309","1","Agent","00:00:04","11","Oshadi","00:02:04"
"2026-08-08 15:24:36","1000 - Sinhala","0765449086","1","Agent","00:00:04","12","Harshika","00:06:12"
"2026-08-08 15:26:20","1001 - Tamil","0786791947","1","Caller","00:00:04","12","Harshika","00:01:22"
"2026-08-08 15:27:54","1000 - Sinhala","0766701806","1","Caller","00:00:05","12","Harshika","00:01:24"
"2026-08-08 15:38:45","1000 - Sinhala","0756627895","2","Caller","00:00:05","12","Harshika","00:00:35"
"2026-08-08 15:39:34","1000 - Sinhala","0756627895","1","Caller","00:00:03","12","Harshika","00:00:29"
"2026-08-08 15:41:08","1000 - Sinhala","0778734798","1","Agent","00:01:16","11","Oshadi","00:02:32"
"2026-08-08 15:49:40","1000 - Sinhala","0767717186","1","Agent","00:00:10","12","Harshika","00:04:18"
"2026-08-08 15:59:29","1000 - Sinhala","0762098026","1","Caller","00:00:05","12","Harshika","00:01:22"
"2026-08-08 16:01:48","1000 - Sinhala","0786111686","1","Caller","00:00:39","12","Harshika","00:01:56"
"2026-08-08 16:09:12","1000 - Sinhala","0743652521","1","Caller","00:00:04","12","Harshika","00:01:44"
"2026-08-08 16:11:07","1000 - Sinhala","0703442511","1","Caller","00:00:38","12","Harshika","00:01:28"
"2026-08-08 16:31:12","1000 - Sinhala","0767495162","1","Agent","00:00:07","11","Oshadi","00:02:31"
"2026-08-08 16:50:08","1000 - Sinhala","0757030552","2","Agent","00:00:07","11","Oshadi","00:01:04"
"2026-08-08 16:51:23","1000 - Sinhala","0781841560","2","Caller","00:00:05","12","Harshika","00:00:58"
"2026-08-08 16:54:59","1000 - Sinhala","0713239586","1","Agent","00:00:04","12","Harshika","00:02:08"
"2026-08-08 17:08:31","1000 - Sinhala","0742704413","1","Caller","00:00:39","12","Harshika","00:01:21"
"2026-08-08 17:21:16","1000 - Sinhala","0703655375","1","Caller","00:00:04","12","Harshika","00:01:57"
"2026-08-08 17:33:47","1000 - Sinhala","0743670746","1","Caller","00:00:05","12","Harshika","00:00:44"
"2026-08-08 17:55:27","1000 - Sinhala","0776292182","1","Caller","00:00:05","12","Harshika","00:01:03"
"2026-08-08 17:56:57","1000 - Sinhala","0781627363","1","Caller","00:00:04","11","Oshadi","00:02:17"
"2026-08-10 09:06:40","1000 - Sinhala","0774875622","2","Agent","00:00:04","11","Oshadi","00:01:24"
"2026-08-10 09:13:58","1000 - Sinhala","0754662112","3","Agent","00:03:09","12","Harshika","00:02:47"
"2026-08-10 09:23:38","1000 - Sinhala","0706960085","1","Agent","00:00:40","11","Oshadi","00:01:50"
"2026-08-10 09:26:52","1000 - Sinhala","0778033275","2","Caller","00:00:04","12","Harshika","00:05:36"
"2026-08-10 09:30:22","1000 - Sinhala","0742704413","2","Caller","00:00:04","12","Harshika","00:01:41"
"2026-08-10 09:36:59","1000 - Sinhala","0765813669","2","Caller","00:00:06","11","Oshadi","00:06:01"
"2026-08-10 09:50:03","1000 - Sinhala","0725441819","3","Agent","00:01:14","11","Oshadi","00:03:46"
"2026-08-10 09:50:56","1000 - Sinhala","0765813669","2","Agent","00:00:04","12","Harshika","00:06:34"
"2026-08-10 09:53:42","1001 - Tamil","0755551531","1","Caller","00:00:10","12","Harshika","00:02:14"
"2026-08-10 09:58:13","1000 - Sinhala","0781627363","2","Caller","00:00:04","12","Harshika","00:02:45"
"2026-08-10 10:00:27","1000 - Sinhala","0703655375","1","Caller","00:00:08","11","Oshadi","00:02:13"
"2026-08-10 10:08:20","1000 - Sinhala","0705557754","2","Caller","00:00:05","11","Oshadi","00:01:22"
"2026-08-10 10:09:58","1000 - Sinhala","0784630490","2","Caller","00:00:05","12","Harshika","00:02:24"
"2026-08-10 10:13:06","1001 - Tamil","0758311632","2","Caller","00:00:55","12","Harshika","00:02:37"
"2026-08-10 10:15:28","1001 - Tamil","0773528162","1","Caller","00:00:04","12","Harshika","00:01:51"
"2026-08-10 10:16:19","1001 - Tamil","0773528162","1","Caller","00:00:02","12","Harshika","00:00:39"
"2026-08-10 10:27:42","1000 - Sinhala","0778033275","2","Agent","00:00:06","11","Oshadi","00:01:46"
"2026-08-10 10:46:35","1001 - Tamil","0755242773","1","Caller","00:00:04","12","Harshika","00:03:42"
"2026-08-10 11:02:35","1000 - Sinhala","0776418189","2","Agent","00:00:05","11","Oshadi","00:01:39"
"2026-08-10 11:10:39","1001 - Tamil","0710846837","1","Agent","00:00:04","12","Harshika","00:00:46"
"2026-08-10 11:15:04","1001 - Tamil","0755839922","1","Agent","00:00:06","12","Harshika","00:01:36"
"2026-08-10 11:28:37","1001 - Tamil","0753638080","1","Caller","00:00:06","12","Harshika","00:01:24"
"2026-08-10 11:52:10","1001 - Tamil","0704208243","1","Agent","00:00:04","12","Harshika","00:03:10"
"2026-08-10 11:56:48","1001 - Tamil","0720221327","1","Caller","00:00:04","12","Harshika","00:02:04"
"2026-08-10 12:13:45","1000 - Sinhala","0740627339","2","Caller","00:00:06","12","Harshika","00:01:32"
"2026-08-10 12:18:17","1001 - Tamil","0767485212","1","Caller","00:00:05","12","Harshika","00:01:48"
"2026-08-10 12:19:54","1000 - Sinhala","0761198537","2","Caller","00:00:03","12","Harshika","00:01:27"
"2026-08-10 12:31:34","1000 - Sinhala","0772201964","1","Agent","00:00:07","11","Oshadi","00:01:54"
"2026-08-10 12:34:12","1000 - Sinhala","0777906505","2","Caller","00:00:04","12","Harshika","00:01:56"
"2026-08-10 12:35:43","1000 - Sinhala","0759746828","1","Caller","00:00:04","12","Harshika","00:01:19"
"2026-08-10 12:37:33","1000 - Sinhala","0755839922","2","Caller","00:00:31","12","Harshika","00:01:48"
"2026-08-10 12:40:39","1000 - Sinhala","0762571238","2","Caller","00:00:05","11","Oshadi","00:01:48"
"2026-08-10 12:44:20","1001 - Tamil","0758311632","1","Caller","00:00:05","12","Harshika","00:02:21"
"2026-08-10 12:52:20","1001 - Tamil","0740032684","1","Caller","00:00:04","12","Harshika","00:03:09"
"2026-08-10 12:53:27","1000 - Sinhala","0719886213","2","Caller","00:00:04","12","Harshika","00:00:42"
"2026-08-10 12:54:43","1000 - Sinhala","0712196265","2","Caller","00:00:11","11","Oshadi","00:03:27"
"2026-08-10 13:08:57","1000 - Sinhala","0774307551","2","Caller","00:00:05","12","Harshika","00:05:01"
"2026-08-10 13:17:17","1000 - Sinhala","0775405681","2","Agent","00:00:06","12","Harshika","00:04:17"
"2026-08-10 13:19:43","1000 - Sinhala","0775757925","2","Caller","00:00:04","12","Harshika","00:02:04"
"2026-08-10 13:32:05","1000 - Sinhala","0714557702","2","Caller","00:00:05","12","Harshika","00:01:53"
"2026-08-10 13:34:10","1000 - Sinhala","0725441819","2","Caller","00:00:45","12","Harshika","00:02:02"
"2026-08-10 13:37:14","1000 - Sinhala","0725441819","2","Agent","00:00:04","12","Harshika","00:02:27"
"2026-08-10 13:39:31","1000 - Sinhala","0767858567","2","Caller","00:00:05","12","Harshika","00:01:37"
"2026-08-10 13:41:34","1000 - Sinhala","0713274599","2","Caller","00:00:04","12","Harshika","00:01:57"
"2026-08-10 13:43:20","1000 - Sinhala","0716527087","2","Caller","00:01:14","12","Harshika","00:01:43"
"2026-08-10 13:46:32","1000 - Sinhala","0767858567","2","Agent","00:00:04","12","Harshika","00:02:22"
"2026-08-10 13:48:32","1000 - Sinhala","0768405055","2","Caller","00:01:04","11","Oshadi","00:02:42"
"2026-08-10 14:06:53","1000 - Sinhala","0777785021","2","Agent","00:01:26","11","Oshadi","00:01:35"
"2026-08-10 14:17:34","1000 - Sinhala","0769155481","1","Agent","00:01:16","11","Oshadi","00:01:06"
"2026-08-10 14:44:29","1000 - Sinhala","0705178200","1","Caller","00:00:54","12","Harshika","00:01:25"
"2026-08-10 14:53:51","1000 - Sinhala","0766516013","2","Caller","00:00:05","12","Harshika","00:01:20"
"2026-08-10 15:04:32","1001 - Tamil","0773528162","1","Agent","00:00:03","12","Harshika","00:00:39"
"2026-08-10 15:11:30","1000 - Sinhala","0777031148","1","Caller","00:01:17","12","Harshika","00:02:07"
"2026-08-10 15:39:19","1001 - Tamil","0752667065","1","Caller","00:01:50","12","Harshika","00:02:10"
"2026-08-10 15:47:16","1001 - Tamil","0753776778","1","Caller","00:01:26","12","Harshika","00:01:26"
"2026-08-10 16:02:54","1000 - Sinhala","0772794793","1","Caller","00:00:42","12","Harshika","00:01:15"
"2026-08-10 16:32:24","1000 - Sinhala","0472235418","2","Caller","00:00:06","11","Oshadi","00:01:40"
"2026-08-10 16:56:24","1001 - Tamil","0774849445","1","Caller","00:00:04","12","Harshika","00:00:53"
"2026-08-10 17:09:36","1000 - Sinhala","0741246168","2","Caller","00:00:06","11","Oshadi","00:00:24"
"2026-08-10 17:11:26","1000 - Sinhala","0741246168","2","Caller","00:00:20","12","Harshika","00:01:15"
"2026-08-10 17:17:38","1001 - Tamil","0752116061","1","Caller","00:01:48","12","Harshika","00:00:24"
"2026-08-10 17:20:01","1000 - Sinhala","0766678786","1","Agent","00:00:10","11","Oshadi","00:02:40"
"2026-08-10 17:22:10","1001 - Tamil","0752116061","1","Caller","00:00:04","12","Harshika","00:03:57"
"2026-08-10 17:26:58","1000 - Sinhala","0766694581","2","Agent","00:00:03","12","Harshika","00:03:53"
"2026-08-10 17:30:28","1000 - Sinhala","0763272090","2","Caller","00:00:04","12","Harshika","00:02:22"
"2026-08-10 17:32:19","1000 - Sinhala","0773631326","2","Caller","00:00:10","12","Harshika","00:00:22"
"2026-08-10 17:40:03","1000 - Sinhala","0777258664","2","Caller","00:00:05","11","Oshadi","00:00:14"
"2026-08-10 17:44:41","1000 - Sinhala","0767969401","2","Caller","00:00:19","11","Oshadi","00:00:01"
"2026-08-10 17:45:59","1000 - Sinhala","0767130120","2","Caller","00:01:05","12","Harshika","00:03:26"
"2026-08-10 17:51:14","1000 - Sinhala","0703655375","2","Caller","00:00:04","12","Harshika","00:01:28"
"2026-08-10 17:54:13","1000 - Sinhala","0775215259","2","Caller","00:00:04","12","Harshika","00:02:38"
"2026-08-11 09:13:46","1000 - Sinhala","0729266292","2","Agent","00:00:04","11","Oshadi","00:02:01"
"2026-08-11 09:15:51","1000 - Sinhala","0769868299","1","Agent","00:01:50","10","Praveena","00:02:26"
"2026-08-11 09:23:02","1000 - Sinhala","0772678040","2","Caller","00:00:10","12","Harshika","00:01:40"
"2026-08-11 09:23:56","1000 - Sinhala","0754007938","1","Caller","00:01:16","10","Praveena","00:01:59"
"2026-08-11 09:24:23","1000 - Sinhala","0762542691","1","Agent","00:00:04","11","Oshadi","00:02:18"
"2026-08-11 09:33:19","1000 - Sinhala","0766589987","1","Caller","00:00:05","10","Praveena","00:00:46"
"2026-08-11 09:34:58","1000 - Sinhala","0765813669","2","Caller","00:00:06","12","Harshika","00:09:10"
"2026-08-11 09:48:38","1000 - Sinhala","0703655375","1","Agent","00:00:46","11","Oshadi","00:02:50"
"2026-08-11 09:51:20","1000 - Sinhala","0779480480","1","Agent","00:00:06","10","Praveena","00:03:30"
"2026-08-11 09:58:48","1000 - Sinhala","0711337266","1","Caller","00:00:04","10","Praveena","00:02:32"
"2026-08-11 10:09:36","1000 - Sinhala","0779480480","2","Caller","00:00:05","12","Harshika","00:02:53"
"2026-08-11 10:16:13","1000 - Sinhala","0723808434","1","Caller","00:00:05","10","Praveena","00:02:51"
"2026-08-11 10:19:09","1001 - Tamil","0773528162","1","Caller","00:00:04","12","Harshika","00:01:01"
"2026-08-11 10:20:29","1000 - Sinhala","0765262698","1","Agent","00:01:16","11","Oshadi","00:02:17"
"2026-08-11 10:22:09","1000 - Sinhala","0762862378","2","Caller","00:00:04","12","Harshika","00:02:22"
"2026-08-11 10:23:38","1000 - Sinhala","0777342511","2","Caller","00:01:33","12","Harshika","00:01:24"
"2026-08-11 10:26:01","1000 - Sinhala","0765504179","2","Caller","00:01:22","10","Praveena","00:00:07"
"2026-08-11 10:33:08","1000 - Sinhala","0778033275","2","Caller","00:02:42","12","Harshika","00:05:05"
"2026-08-11 10:43:20","1000 - Sinhala","0762862378","1","Agent","00:00:03","10","Praveena","00:06:24"
"2026-08-11 10:46:27","1000 - Sinhala","0766678786","1","Caller","00:00:03","12","Harshika","00:02:38"
"2026-08-11 10:50:29","1000 - Sinhala","0766378411","1","Caller","00:00:42","10","Praveena","00:04:14"
"2026-08-11 10:51:49","1000 - Sinhala","0711523125","1","Caller","00:00:02","11","Oshadi","00:03:28"
"2026-08-11 11:07:50","1000 - Sinhala","0711006063","1","Agent","00:00:03","10","Praveena","00:02:31"
"2026-08-11 11:07:59","1000 - Sinhala","0715157416","2","Agent","00:00:03","11","Oshadi","00:04:51"
"2026-08-11 11:12:43","1000 - Sinhala","0740080560","1","Caller","00:00:04","11","Oshadi","00:00:09"
"2026-08-11 11:17:21","1000 - Sinhala","0711523125","1","Caller","00:00:05","12","Harshika","00:01:13"
"2026-08-11 11:18:31","1000 - Sinhala","0777851491","2","Caller","00:00:21","12","Harshika","00:01:06"
"2026-08-11 11:22:34","1000 - Sinhala","0767130120","2","Caller","00:00:04","11","Oshadi","00:01:46"
"2026-08-11 11:23:21","1000 - Sinhala","0778777108","2","Caller","00:00:04","12","Harshika","00:02:03"
"2026-08-11 11:25:39","1000 - Sinhala","0706629242","2","Caller","00:01:30","12","Harshika","00:02:13"
"2026-08-11 11:27:40","1000 - Sinhala","0717254569","1","Agent","00:08:33","10","Praveena","00:02:10"
"2026-08-11 11:36:09","1000 - Sinhala","0758503349","2","Caller","00:00:09","12","Harshika","00:01:26"
"2026-08-11 11:36:45","1000 - Sinhala","0771558390","2","Caller","00:00:03","11","Oshadi","00:05:27"
"2026-08-11 11:37:13","1000 - Sinhala","0771249709","1","Agent","00:01:49","10","Praveena","00:01:43"
"2026-08-11 11:38:13","1000 - Sinhala","0769320780","2","Caller","00:01:17","12","Harshika","00:02:00"
"2026-08-11 11:40:51","1000 - Sinhala","0770597344","2","Caller","00:00:04","12","Harshika","00:01:06"
"2026-08-11 11:48:15","1000 - Sinhala","0750693164","1","Caller","00:00:04","12","Harshika","00:01:01"
"2026-08-11 11:48:36","1000 - Sinhala","0768739918","1","Agent","00:07:05","10","Praveena","00:03:17"
"2026-08-11 11:51:15","1000 - Sinhala","0743726847","2","Caller","00:00:09","12","Harshika","00:00:39"
"2026-08-11 11:54:09","1000 - Sinhala","0767717186","1","Caller","00:01:48","11","Oshadi","00:02:24"
"2026-08-11 11:54:16","1001 - Tamil","0765858862","1","Caller","00:00:04","12","Harshika","00:02:21"
"2026-08-11 11:55:14","1000 - Sinhala","0743726847","1","Caller","00:00:39","12","Harshika","00:02:10"
"2026-08-11 12:02:04","1000 - Sinhala","0725553687","1","Caller","00:00:14","10","Praveena","00:01:47"
"2026-08-11 12:04:08","1000 - Sinhala","0777496143","1","Caller","00:00:05","11","Oshadi","00:02:31"
"2026-08-11 12:07:31","1000 - Sinhala","0766378411","1","Caller","00:01:16","10","Praveena","00:02:01"
"2026-08-11 12:08:59","1000 - Sinhala","0722999971","1","Agent","00:00:05","12","Harshika","00:02:03"
"2026-08-11 12:13:28","1000 - Sinhala","0775757925","1","Agent","00:01:50","12","Harshika","00:02:49"
"2026-08-11 12:18:14","1000 - Sinhala","0773766162","1","Agent","00:00:06","11","Oshadi","00:01:40"
"2026-08-11 12:19:19","1000 - Sinhala","0783756059","1","Caller","00:00:38","10","Praveena","00:03:19"
"2026-08-11 12:19:34","1001 - Tamil","0752113082","1","Caller","00:00:06","12","Harshika","00:03:20"
"2026-08-11 12:23:25","1001 - Tamil","0756422427","1","Agent","00:00:05","12","Harshika","00:02:03"
"2026-08-11 12:23:28","1001 - Tamil","0767632275","1","Agent","00:01:32","12","Harshika","00:03:30"
"2026-08-11 12:26:15","1001 - Tamil","0756422427","1","Agent","00:00:04","12","Harshika","00:02:19"
"2026-08-11 12:29:26","1000 - Sinhala","0718686792","1","Caller","00:00:04","10","Praveena","00:02:38"
"2026-08-11 12:47:55","1000 - Sinhala","0717556678","1","Agent","00:00:06","10","Praveena","00:02:26"
"2026-08-11 12:54:29","1001 - Tamil","0758311632","1","Caller","00:00:06","12","Harshika","00:01:44"
"2026-08-11 13:09:18","1000 - Sinhala","0773588774","1","Agent","00:00:07","12","Harshika","00:08:19"
"2026-08-11 13:09:55","1000 - Sinhala","0777304076","1","Caller","00:00:09","10","Praveena","00:03:11"
"2026-08-11 13:17:22","1000 - Sinhala","0776330379","1","Caller","00:00:07","10","Praveena","00:01:34"
"2026-08-11 13:18:56","1000 - Sinhala","0756109274","1","Caller","00:00:05","12","Harshika","00:02:44"
"2026-08-11 13:23:18","1000 - Sinhala","0767675044","1","Agent","00:00:25","10","Praveena","00:02:01"
"2026-08-11 13:28:17","1001 - Tamil","0704208243","1","Agent","00:00:09","12","Harshika","00:01:14"
"2026-08-11 13:31:08","1000 - Sinhala","0769824926","1","Caller","00:00:05","12","Harshika","00:00:35"
"2026-08-11 13:32:08","1001 - Tamil","0704208243","1","Caller","00:00:03","10","Praveena","00:02:58"
"2026-08-11 13:32:48","1000 - Sinhala","0776421405","1","Agent","00:00:06","12","Harshika","00:01:36"
"2026-08-11 14:12:08","1000 - Sinhala","0770044299","1","Caller","00:01:16","11","Oshadi","00:03:32"
"2026-08-11 14:34:59","1000 - Sinhala","0779480480","1","Agent","00:01:48","10","Praveena","00:01:26"
"2026-08-11 14:55:17","1000 - Sinhala","0758308747","1","Caller","00:00:13","10","Praveena","00:00:18"
"2026-08-11 14:58:11","1000 - Sinhala","0779480480","1","Agent","00:00:04","11","Oshadi","00:02:42"
"2026-08-11 14:58:40","1000 - Sinhala","0776964591","1","Caller","00:00:03","12","Harshika","00:02:31"
"2026-08-11 15:01:26","1001 - Tamil","0752116061","1","Caller","00:00:38","12","Harshika","00:02:08"
"2026-08-11 15:14:51","1001 - Tamil","0704208243","1","Caller","00:00:06","12","Harshika","00:01:04"
"2026-08-11 15:16:15","1001 - Tamil","0704208243","1","Agent","00:00:06","12","Harshika","00:00:49"
"2026-08-11 15:17:14","1000 - Sinhala","0767858567","2","Caller","00:00:05","11","Oshadi","00:03:23"
"2026-08-11 15:18:10","1000 - Sinhala","0743272427","1","Caller","00:01:31","10","Praveena","00:03:45"
"2026-08-11 15:26:06","1000 - Sinhala","0714569720","1","Agent","00:01:20","11","Oshadi","00:01:19"
"2026-08-11 15:29:45","1000 - Sinhala","0717556678","1","Caller","00:00:56","12","Harshika","00:02:32"
"2026-08-11 15:36:35","1000 - Sinhala","0716134721","2","Agent","00:00:51","11","Oshadi","00:01:51"
"2026-08-11 15:37:33","1000 - Sinhala","0740305889","1","Caller","00:01:02","10","Praveena","00:03:35"
"2026-08-11 15:44:19","1001 - Tamil","0725888965","1","Agent","00:00:06","12","Harshika","00:02:37"
"2026-08-11 15:47:10","1000 - Sinhala","0772220256","1","Caller","00:00:50","10","Praveena","00:02:56"
"2026-08-11 15:48:36","1000 - Sinhala","0783756059","1","Caller","00:00:05","12","Harshika","00:03:15"
"2026-08-11 15:53:58","1000 - Sinhala","0779461283","1","Caller","00:00:04","12","Harshika","00:01:21"
"2026-08-11 15:56:05","1000 - Sinhala","0764808435","1","Agent","00:00:05","12","Harshika","00:01:38"
"2026-08-11 15:58:45","1000 - Sinhala","0766595877","1","Caller","00:00:04","12","Harshika","00:01:10"
"2026-08-11 16:41:49","1001 - Tamil","0755839922","1","Agent","00:00:40","12","Harshika","00:01:31"
"2026-08-11 17:00:32","1000 - Sinhala","0716527087","1","Caller","00:00:04","12","Harshika","00:00:59"
"2026-08-11 17:07:37","1000 - Sinhala","0781047017","1","Agent","00:00:40","11","Oshadi","00:01:44"
"2026-08-11 17:08:33","1000 - Sinhala","0778348950","1","Caller","00:01:13","12","Harshika","00:06:28"
"2026-08-11 17:55:27","1000 - Sinhala","0767960156","2","Caller","00:00:05","12","Harshika","00:01:19"
"2026-08-11 17:58:31","1000 - Sinhala","0706620256","1","Caller","00:00:58","10","Praveena","00:04:05"
"2026-08-11 17:59:07","1001 - Tamil","0755242773","1","Agent","00:00:04","12","Harshika","00:02:47"
"2026-08-12 09:19:00","1000 - Sinhala","0740627339","1","Caller","00:00:04","10","Praveena","00:02:51"
"2026-08-12 09:24:00","1001 - Tamil","0758311632","1","Agent","00:00:05","12","Harshika","00:06:25"
"2026-08-12 09:25:37","1001 - Tamil","0760175242","2","Agent","00:02:02","12","Harshika","00:01:34"
"2026-08-12 09:26:38","1000 - Sinhala","0762040838","1","Agent","00:00:06","11","Oshadi","00:02:28"
"2026-08-12 09:27:18","1001 - Tamil","0762213777","2","Caller","00:04:54","12","Harshika","00:02:29"
"2026-08-12 09:28:34","1000 - Sinhala","0763285758","1","Caller","00:00:03","12","Harshika","00:03:05"
"2026-08-12 09:29:48","1001 - Tamil","0760175242","1","Caller","00:00:04","10","Praveena","00:01:13"
"2026-08-12 09:34:59","1000 - Sinhala","0777009488","2","Caller","00:00:05","12","Harshika","00:01:47"
"2026-08-12 09:36:54","1000 - Sinhala","0777576145","2","Caller","00:00:08","12","Harshika","00:01:46"
"2026-08-12 09:47:56","1000 - Sinhala","0719944702","1","Agent","00:00:05","12","Harshika","00:03:01"
"2026-08-12 09:54:25","1000 - Sinhala","0777832223","1","Caller","00:00:05","12","Harshika","00:01:34"
"2026-08-12 09:58:56","1000 - Sinhala","0776155865","1","Caller","00:00:05","12","Harshika","00:02:17"
"2026-08-12 10:01:49","1000 - Sinhala","0751832510","1","Agent","00:00:04","10","Praveena","00:04:04"
"2026-08-12 10:03:27","1000 - Sinhala","0761961789","1","Caller","00:00:05","12","Harshika","00:02:22"
"2026-08-12 10:11:03","1000 - Sinhala","0773631326","1","Agent","00:00:06","11","Oshadi","00:01:12"
"2026-08-12 10:13:08","1000 - Sinhala","0705371212","1","Caller","00:00:05","12","Harshika","00:01:59"
"2026-08-12 10:28:28","1000 - Sinhala","0767265523","1","Caller","00:00:05","11","Oshadi","00:01:26"
"2026-08-12 10:36:28","1000 - Sinhala","0767265523","1","Caller","00:03:21","10","Praveena","00:01:45"
"2026-08-12 10:42:20","1000 - Sinhala","0753638080","1","Agent","00:00:38","11","Oshadi","00:01:47"
"2026-08-12 10:52:09","1000 - Sinhala","0769868299","1","Caller","00:01:23","10","Praveena","00:03:02"
"2026-08-12 11:04:10","1000 - Sinhala","0713274599","1","Caller","00:00:03","10","Praveena","00:02:26"
"2026-08-12 11:06:55","1000 - Sinhala","0755839922","2","Caller","00:00:05","12","Harshika","00:02:04"
"2026-08-12 11:07:54","1000 - Sinhala","0702202021","1","Agent","00:02:28","11","Oshadi","00:01:15"
"2026-08-12 11:08:14","1001 - Tamil","0704923400","1","Agent","00:00:25","10","Praveena","00:01:31"
"2026-08-12 11:12:27","1000 - Sinhala","0761760421","2","Caller","00:00:03","11","Oshadi","00:02:42"
"2026-08-12 11:16:01","1001 - Tamil","0760175242","1","Caller","00:00:06","12","Harshika","00:01:20"
"2026-08-12 11:17:00","1000 - Sinhala","0702736943","1","Agent","00:01:49","12","Harshika","00:01:48"
"2026-08-12 11:17:41","1000 - Sinhala","0760175242","1","Caller","00:00:05","10","Praveena","00:01:27"
"2026-08-12 11:22:01","1000 - Sinhala","0703512708","2","Caller","00:00:05","12","Harshika","00:03:08"
"2026-08-12 11:27:08","1000 - Sinhala","0766678786","1","Caller","00:02:24","12","Harshika","00:03:48"
"2026-08-12 11:27:39","1000 - Sinhala","0776006690","1","Agent","00:01:22","10","Praveena","00:01:40"
"2026-08-12 11:35:34","1001 - Tamil","0704923400","1","Caller","00:00:06","12","Harshika","00:02:00"
"2026-08-12 11:49:49","1000 - Sinhala","0777537415","1","Caller","00:00:06","11","Oshadi","00:01:38"
"2026-08-12 11:54:02","1000 - Sinhala","0766378411","1","Caller","00:00:40","12","Harshika","00:01:56"
"2026-08-12 11:59:23","1000 - Sinhala","0707770431","1","Caller","00:01:18","10","Praveena","00:03:09"
"2026-08-12 12:02:39","1001 - Tamil","0758311632","1","Caller","00:00:05","12","Harshika","00:05:25"
"2026-08-12 12:05:24","1000 - Sinhala","0752517324","2","Agent","00:00:06","11","Oshadi","00:03:05"
"2026-08-12 12:25:04","1000 - Sinhala","0758308747","1","Caller","00:00:10","10","Praveena","00:01:15"
"2026-08-12 12:25:39","1000 - Sinhala","0778082173","1","Agent","00:00:05","11","Oshadi","00:01:42"
"2026-08-12 12:29:13","1000 - Sinhala","0769868299","1","Agent","00:00:42","10","Praveena","00:03:10"
"2026-08-12 12:30:04","1000 - Sinhala","0773616422","1","Agent","00:00:04","11","Oshadi","00:01:49"
"2026-08-12 12:35:35","1000 - Sinhala","0729188140","1","Caller","00:02:24","12","Harshika","00:02:20"
"2026-08-12 12:41:15","1000 - Sinhala","0758308747","1","Caller","00:00:09","10","Praveena","00:02:09"
"2026-08-12 12:43:58","1000 - Sinhala","0775970025","1","Caller","00:00:05","12","Harshika","00:02:39"
"2026-08-12 12:55:32","1000 - Sinhala","0740627339","1","Caller","00:00:06","12","Harshika","00:02:41"
"2026-08-12 12:57:45","1000 - Sinhala","0784630490","1","Caller","00:00:05","11","Oshadi","00:01:20"
"2026-08-12 12:59:37","1000 - Sinhala","0713274599","1","Caller","00:00:05","12","Harshika","00:02:26"
"2026-08-12 13:05:36","1000 - Sinhala","0777906505","1","Caller","00:00:08","12","Harshika","00:01:35"
"2026-08-12 13:08:14","1000 - Sinhala","0715205098","1","Caller","00:00:03","10","Praveena","00:00:11"
"2026-08-12 13:21:00","1000 - Sinhala","0763240102","1","Caller","00:00:05","12","Harshika","00:01:39"
"2026-08-12 13:28:27","1000 - Sinhala","0769868299","1","Caller","00:00:07","10","Praveena","00:00:54"
"2026-08-12 13:36:07","1000 - Sinhala","0784255304","1","Caller","00:01:50","10","Praveena","00:01:05"
"2026-08-12 13:40:16","1000 - Sinhala","0770329536","2","Agent","00:00:08","12","Harshika","00:01:47"
"2026-08-12 13:43:19","1000 - Sinhala","0716779662","2","Agent","00:00:09","12","Harshika","00:03:00"
"2026-08-12 13:45:21","1000 - Sinhala","0777914296","2","Caller","00:00:07","12","Harshika","00:01:14"
"2026-08-12 13:46:55","1000 - Sinhala","0769868299","2","Agent","00:01:16","10","Praveena","00:00:50"
"2026-08-12 13:47:14","1000 - Sinhala","0770054908","2","Caller","00:01:01","12","Harshika","00:01:43"
"2026-08-12 14:06:47","1000 - Sinhala","0716134721","2","Agent","00:02:06","11","Oshadi","00:02:02"
"2026-08-12 14:18:21","1000 - Sinhala","0785655715","2","Agent","00:00:08","11","Oshadi","00:02:45"
"2026-08-12 14:40:57","1000 - Sinhala","0766701806","2","Agent","00:00:08","11","Oshadi","00:02:23"
"2026-08-12 14:41:08","1000 - Sinhala","0772201964","1","Caller","00:00:06","10","Praveena","00:02:40"
"2026-08-12 14:42:52","1001 - Tamil","0758311632","1","Caller","00:00:07","12","Harshika","00:05:32"
"2026-08-12 14:48:16","1000 - Sinhala","0765559683","1","Caller","00:01:00","10","Praveena","00:00:02"
"2026-08-12 15:17:14","1000 - Sinhala","0777031148","1","Caller","00:00:09","10","Praveena","00:02:55"
"2026-08-12 15:22:30","1000 - Sinhala","0765449086","1","Agent","00:00:05","11","Oshadi","00:01:56"
"2026-08-12 15:23:38","1001 - Tamil","0752001733","1","Caller","00:01:06","12","Harshika","00:02:30"
"2026-08-12 15:24:52","1001 - Tamil","0705797932","1","Caller","00:00:04","12","Harshika","00:02:06"
"2026-08-12 15:25:49","1001 - Tamil","0752001733","1","Caller","00:00:04","10","Praveena","00:01:46"
"2026-08-12 15:26:50","1001 - Tamil","0773944483","1","Agent","00:00:05","12","Harshika","00:02:27"
"2026-08-12 15:33:42","1000 - Sinhala","0704762871","1","Agent","00:03:35","11","Oshadi","00:02:55"
"2026-08-12 15:38:16","1001 - Tamil","0772502028","1","Caller","00:00:03","12","Harshika","00:02:33"
"2026-08-12 15:39:07","1000 - Sinhala","0706377505","1","Caller","00:02:26","10","Praveena","00:04:09"
"2026-08-12 15:39:50","1001 - Tamil","0783756059","1","Caller","00:00:42","12","Harshika","00:01:30"
"2026-08-12 15:41:15","1000 - Sinhala","0763595823","1","Caller","00:01:51","11","Oshadi","00:00:26"
"2026-08-12 15:47:08","1000 - Sinhala","0763595823","1","Agent","00:02:27","10","Praveena","00:03:19"
"2026-08-12 15:48:43","1000 - Sinhala","0783756059","2","Agent","00:00:48","12","Harshika","00:05:42"
"2026-08-12 15:59:57","1001 - Tamil","0758311632","1","Agent","00:00:04","12","Harshika","00:02:44"
"2026-08-12 16:04:23","1001 - Tamil","0705797932","1","Agent","00:00:19","10","Praveena","00:04:37"
"2026-08-12 16:10:01","1000 - Sinhala","0716527087","1","Caller","00:01:20","12","Harshika","00:01:48"
"2026-08-12 16:25:50","1000 - Sinhala","0771728432","1","Caller","00:00:38","10","Praveena","00:02:24"
"2026-08-12 16:43:13","1000 - Sinhala","0740627339","1","Agent","00:00:04","11","Oshadi","00:02:19"
"2026-08-12 16:45:52","1001 - Tamil","0763437447","1","Caller","00:00:04","10","Praveena","00:00:03"
"2026-08-12 16:59:56","1000 - Sinhala","0762862378","1","Caller","00:00:38","10","Praveena","00:06:49"
"2026-08-12 17:01:31","1000 - Sinhala","0752116061","1","Caller","00:00:06","11","Oshadi","00:01:39"
"2026-08-12 17:06:36","1000 - Sinhala","0752116061","1","Caller","00:00:10","10","Praveena","00:03:39"
"2026-08-12 17:12:54","1000 - Sinhala","0789938385","1","Agent","00:00:39","12","Harshika","00:02:07"
"2026-08-12 17:18:21","1001 - Tamil","0755877099","1","Agent","00:01:52","12","Harshika","00:05:25"
"2026-08-12 17:27:20","1000 - Sinhala","0781647140","1","Agent","00:00:03","11","Oshadi","00:00:42"
"2026-08-12 17:29:40","1000 - Sinhala","0762862378","1","Caller","00:00:04","12","Harshika","00:03:15"
"2026-08-12 17:32:04","1001 - Tamil","0769669080","1","Agent","00:00:08","10","Praveena","00:03:16"
"2026-08-12 17:52:59","1000 - Sinhala","0767485667","1","Caller","00:01:17","10","Praveena","00:00:17"
"2026-08-13 09:40:36","1000 - Sinhala","0755839922","1","Caller","00:00:06","10","Praveena","00:02:18"
"2026-08-13 09:42:04","1001 - Tamil","0728312178","1","Caller","00:00:07","12","Harshika","00:00:56"
"2026-08-13 09:48:26","1000 - Sinhala","0740968755","1","Caller","00:02:02","10","Praveena","00:00:25"
"2026-08-13 09:53:39","1000 - Sinhala","0777033745","2","Agent","00:00:05","11","Oshadi","00:04:46"
"2026-08-13 10:06:31","1001 - Tamil","0763114543","1","Agent","00:00:23","12","Harshika","00:00:17"
"2026-08-13 10:09:47","1000 - Sinhala","0741554546","1","Caller","00:00:55","11","Oshadi","00:01:58"
"2026-08-13 10:10:49","1001 - Tamil","0763114543","1","Caller","00:01:13","10","Praveena","00:02:44"
"2026-08-13 10:15:55","1000 - Sinhala","0703512708","2","Agent","00:00:44","12","Harshika","00:00:13"
"2026-08-13 10:19:35","1000 - Sinhala","0767960156","2","Agent","00:01:31","11","Oshadi","00:01:47"
"2026-08-13 10:20:54","1000 - Sinhala","0703512708","1","Caller","00:01:13","10","Praveena","00:03:31"
"2026-08-13 10:25:31","1001 - Tamil","0752551633","1","Agent","00:00:06","12","Harshika","00:02:06"
"2026-08-13 10:27:32","1001 - Tamil","0752551633","1","Caller","00:00:05","12","Harshika","00:01:31"
"2026-08-13 10:30:12","1000 - Sinhala","0758311632","1","Agent","00:00:08","10","Praveena","00:02:49"
"2026-08-13 10:30:47","1001 - Tamil","0751354093","1","Agent","00:00:12","12","Harshika","00:03:11"
"2026-08-13 10:31:37","1000 - Sinhala","0776155865","1","Caller","00:00:03","12","Harshika","00:01:55"
"2026-08-13 10:39:21","1000 - Sinhala","0772794793","1","Agent","00:00:09","11","Oshadi","00:01:37"
"2026-08-13 10:43:02","1000 - Sinhala","0755839922","2","Caller","00:00:05","12","Harshika","00:02:30"
"2026-08-13 10:44:48","1000 - Sinhala","0761998499","1","Caller","00:00:04","11","Oshadi","00:00:39"
"2026-08-13 10:49:43","1000 - Sinhala","0742361801","1","Agent","00:00:04","10","Praveena","00:02:14"
"2026-08-13 10:50:02","1000 - Sinhala","0766678786","1","Agent","00:00:05","12","Harshika","00:06:16"
"2026-08-13 10:53:37","1000 - Sinhala","0762862378","1","Agent","00:00:04","11","Oshadi","00:05:29"
"2026-08-13 11:10:24","1000 - Sinhala","0772220256","1","Agent","00:00:07","10","Praveena","00:01:29"
"2026-08-13 11:13:41","1001 - Tamil","0770546489","1","Caller","00:00:09","12","Harshika","00:02:12"
"2026-08-13 11:21:08","1000 - Sinhala","0774279954","1","Caller","00:00:05","11","Oshadi","00:00:26"
"2026-08-13 11:23:19","1000 - Sinhala","0114970104","1","Agent","00:00:10","10","Praveena","00:03:39"
"2026-08-13 11:31:50","1000 - Sinhala","0759746828","1","Agent","00:00:15","10","Praveena","00:00:06"
"2026-08-13 11:33:56","1000 - Sinhala","0764071667","1","Agent","00:00:07","11","Oshadi","00:01:29"
"2026-08-13 11:34:12","1000 - Sinhala","0759746828","1","Agent","00:00:08","10","Praveena","00:02:04"
"2026-08-13 11:39:45","1001 - Tamil","0726102774","1","Caller","00:00:06","10","Praveena","00:02:34"
"2026-08-13 11:49:09","1000 - Sinhala","0764816036","1","Caller","00:00:05","10","Praveena","00:01:48"
"2026-08-13 11:51:09","1001 - Tamil","0771577114","1","Caller","00:01:11","12","Harshika","00:02:11"
"2026-08-13 11:52:27","1000 - Sinhala","0705178200","1","Agent","00:00:07","11","Oshadi","00:03:50"
"2026-08-13 11:58:01","1000 - Sinhala","0778413187","2","Agent","00:00:08","11","Oshadi","00:01:36"
"2026-08-13 12:00:22","1000 - Sinhala","0706629242","1","Agent","00:03:42","10","Praveena","00:00:58"
"2026-08-13 12:07:35","1000 - Sinhala","0715157416","2","Agent","00:00:06","12","Harshika","00:10:20"
"2026-08-13 12:08:33","1001 - Tamil","0742581828","1","Caller","00:00:09","10","Praveena","00:01:47"
"2026-08-13 12:10:21","1000 - Sinhala","0706629242","1","Caller","00:00:07","11","Oshadi","00:03:04"
"2026-08-13 12:15:29","1000 - Sinhala","0764816036","2","Agent","00:00:16","11","Oshadi","00:01:26"
"2026-08-13 12:15:45","1000 - Sinhala","0778777108","2","Caller","00:00:08","12","Harshika","00:03:19"
"2026-08-13 12:23:23","1001 - Tamil","0773944483","1","Agent","00:00:06","12","Harshika","00:01:33"
"2026-08-13 12:47:55","1000 - Sinhala","0717179687","2","Agent","00:00:07","11","Oshadi","00:00:40"
"2026-08-13 12:53:45","1000 - Sinhala","0729366098","2","Caller","00:00:05","12","Harshika","00:01:05"
"2026-08-13 12:56:22","1000 - Sinhala","0729366098","2","Caller","00:00:06","12","Harshika","00:01:59"
"2026-08-13 13:09:33","1000 - Sinhala","0706620256","1","Caller","00:00:04","10","Praveena","00:02:43"
"2026-08-13 13:25:13","1000 - Sinhala","0758311632","2","Caller","00:00:06","12","Harshika","00:02:04"
"2026-08-13 13:25:14","1000 - Sinhala","0757165667","1","Agent","00:05:20","10","Praveena","00:01:57"
"2026-08-13 13:37:24","1000 - Sinhala","0740627339","1","Caller","00:00:03","10","Praveena","00:02:25"
"2026-08-13 13:43:43","1000 - Sinhala","0758311632","1","Caller","00:00:06","12","Harshika","00:03:19"
"2026-08-13 13:51:31","1000 - Sinhala","0768858646","1","Agent","00:00:07","11","Oshadi","00:02:13"
"2026-08-13 13:58:17","1000 - Sinhala","0775970025","1","Caller","00:00:38","11","Oshadi","00:00:24"
"2026-08-13 14:05:35","1000 - Sinhala","0754119130","2","Agent","00:04:04","10","Praveena","00:01:19"
"2026-08-13 14:19:43","1000 - Sinhala","0772678040","1","Caller","00:01:56","11","Oshadi","00:00:19"
"2026-08-13 14:23:15","1000 - Sinhala","0772678040","1","Caller","00:01:24","10","Praveena","00:02:00"
"2026-08-13 14:23:18","1000 - Sinhala","0769778268","2","Caller","00:01:22","11","Oshadi","00:01:52"
"2026-08-13 14:33:22","1000 - Sinhala","0753923779","1","Caller","00:00:06","11","Oshadi","00:00:59"
"2026-08-13 14:34:26","1000 - Sinhala","0752116061","1","Agent","00:00:43","10","Praveena","00:04:16"
"2026-08-13 14:37:57","1000 - Sinhala","0773571688","2","Agent","00:00:05","11","Oshadi","00:01:05"
"2026-08-13 14:40:54","1000 - Sinhala","0773453890","2","Agent","00:02:56","12","Harshika","00:00:31"
"2026-08-13 14:43:28","1000 - Sinhala","0765548546","1","Caller","00:00:06","12","Harshika","00:00:17"
"2026-08-13 14:48:52","1000 - Sinhala","0773453890","2","Agent","00:00:06","12","Harshika","00:00:31"
"2026-08-13 15:11:32","1000 - Sinhala","0710551525","1","Agent","00:00:25","10","Praveena","00:02:17"
"2026-08-13 15:16:17","1000 - Sinhala","0770597344","1","Caller","00:00:06","10","Praveena","00:02:09"
"2026-08-13 15:28:51","1000 - Sinhala","0766678786","1","Agent","00:05:18","10","Praveena","00:06:10"
"2026-08-13 15:51:48","1000 - Sinhala","0714902022","2","Caller","00:00:07","12","Harshika","00:02:25"
"2026-08-13 15:53:55","1000 - Sinhala","0770054908","1","Agent","00:03:02","10","Praveena","00:01:51"
"2026-08-13 15:58:06","1000 - Sinhala","0812232190","1","Caller","00:00:05","12","Harshika","00:04:37"
"2026-08-13 16:04:29","1000 - Sinhala","0763462075","1","Agent","00:01:13","10","Praveena","00:02:35"
"2026-08-13 16:20:29","1000 - Sinhala","0711523125","1","Agent","00:00:10","11","Oshadi","00:03:19"
"2026-08-13 16:45:01","1000 - Sinhala","0812232190","1","Caller","00:00:42","12","Harshika","00:02:39"
"2026-08-13 16:48:44","1000 - Sinhala","0777106883","1","Caller","00:00:48","11","Oshadi","00:03:49"
"2026-08-13 16:55:37","1000 - Sinhala","0762862378","2","Caller","00:00:06","12","Harshika","00:06:34"
"2026-08-13 16:57:54","1000 - Sinhala","0773115685","2","Caller","00:00:06","11","Oshadi","00:07:00"
"2026-08-13 17:10:12","1000 - Sinhala","0712697771","1","Caller","00:00:42","12","Harshika","00:04:23"
"2026-08-13 17:29:43","1000 - Sinhala","0784260106","1","Agent","00:00:10","12","Harshika","00:03:27"
"2026-08-13 17:33:07","1001 - Tamil","0725518575","1","Caller","00:00:08","12","Harshika","00:01:56"
"2026-08-13 17:35:38","1000 - Sinhala","0777851491","1","Agent","00:00:07","10","Praveena","00:02:09"
"2026-08-13 17:42:49","1001 - Tamil","0758311632","1","Agent","00:00:04","10","Praveena","00:01:09"
"2026-08-13 17:46:51","1000 - Sinhala","0740627339","1","Caller","00:00:46","11","Oshadi","00:01:26"
"2026-08-13 17:52:50","1001 - Tamil","0758311632","1","Caller","00:00:08","12","Harshika","00:03:15"
"2026-08-13 17:58:52","1000 - Sinhala","0785910643","1","Caller","00:00:16","12","Harshika","00:01:10"
"2026-08-14 09:05:16","1000 - Sinhala","0702736943","1","Agent","00:00:51","10","Praveena","00:02:05"
"2026-08-14 09:28:15","1000 - Sinhala","0773453890","1","Agent","00:00:13","11","Oshadi","00:00:29"
"2026-08-14 09:30:45","1000 - Sinhala","0740627339","1","Agent","00:00:04","10","Praveena","00:04:33"
"2026-08-14 09:41:01","1000 - Sinhala","0773453890","1","Caller","00:00:09","10","Praveena","00:01:58"
"2026-08-14 10:06:52","1000 - Sinhala","0771249709","1","Caller","00:00:07","10","Praveena","00:02:10"
"2026-08-14 10:07:53","1000 - Sinhala","0740627339","1","Caller","00:00:11","11","Oshadi","00:02:53"
"2026-08-14 10:28:42","1001 - Tamil","0758311632","1","Caller","00:00:06","10","Praveena","00:05:09"
"2026-08-14 10:49:21","1000 - Sinhala","0785983627","1","Caller","00:00:08","10","Praveena","00:01:38"
"2026-08-14 10:52:05","1000 - Sinhala","0759485314","1","Caller","00:00:10","11","Oshadi","00:01:21"
"2026-08-14 10:59:45","1000 - Sinhala","0763240102","1","Caller","00:00:04","10","Praveena","00:02:34"
"2026-08-14 11:05:31","1000 - Sinhala","0705126559","1","Agent","00:00:43","11","Oshadi","00:01:56"
"2026-08-14 11:12:17","1000 - Sinhala","0770597344","1","Caller","00:00:10","10","Praveena","00:01:55"
"2026-08-14 11:21:14","1000 - Sinhala","0763462075","1","Agent","00:00:04","10","Praveena","00:02:35"
"2026-08-14 11:27:31","1000 - Sinhala","0752116061","1","Caller","00:00:05","10","Praveena","00:01:42"
"2026-08-14 11:29:56","1000 - Sinhala","0786111686","1","Agent","00:00:11","11","Oshadi","00:02:12"
"2026-08-14 11:38:07","1000 - Sinhala","0778082173","1","Agent","00:00:04","10","Praveena","00:01:44"
"2026-08-14 11:47:08","1000 - Sinhala","0716527087","1","Caller","00:02:59","10","Praveena","00:01:36"
"2026-08-14 12:00:00","1000 - Sinhala","0716527087","1","Caller","00:00:08","10","Praveena","00:02:20"
"2026-08-14 12:03:13","1000 - Sinhala","0778082173","1","Agent","00:00:03","11","Oshadi","00:01:45"
"2026-08-14 12:11:47","1001 - Tamil","0704923400","1","Agent","00:00:11","10","Praveena","00:02:35"
"2026-08-14 12:25:44","1000 - Sinhala","0752240580","1","Agent","00:00:54","10","Praveena","00:02:05"
"2026-08-14 12:32:28","1000 - Sinhala","0785000167","1","Caller","00:02:28","11","Oshadi","00:02:15"
"2026-08-14 12:38:04","1000 - Sinhala","0785000167","1","Agent","00:00:40","10","Praveena","00:02:42"
"2026-08-14 13:01:42","1001 - Tamil","0756422427","1","Agent","00:00:11","10","Praveena","00:01:33"
"2026-08-14 13:02:57","1000 - Sinhala","0752498734","1","Agent","00:00:13","11","Oshadi","00:01:09"
"2026-08-14 13:12:40","1000 - Sinhala","0773832207","1","Caller","00:00:05","10","Praveena","00:01:54"
"2026-08-14 13:25:45","1000 - Sinhala","0773507637","1","Caller","00:00:10","10","Praveena","00:00:50"
"2026-08-14 13:38:11","1000 - Sinhala","0773507637","1","Agent","00:00:13","10","Praveena","00:01:55"
"2026-08-14 13:42:03","1000 - Sinhala","0705371212","1","Agent","00:02:35","10","Praveena","00:00:04"
"2026-08-14 13:45:43","1000 - Sinhala","0705371212","1","Caller","00:02:07","10","Praveena","00:01:05"
"2026-08-14 14:44:17","1000 - Sinhala","0717254569","1","Agent","00:08:16","10","Praveena","00:00:28"
"2026-08-14 14:54:46","1000 - Sinhala","0717254569","1","Agent","00:09:42","10","Praveena","00:00:33"
"2026-08-14 15:11:21","1000 - Sinhala","0713239586","1","Agent","00:00:50","10","Praveena","00:01:40"
"2026-08-14 15:24:10","1000 - Sinhala","0777785021","1","Agent","00:00:26","10","Praveena","00:02:02"
"2026-08-14 15:34:28","1000 - Sinhala","0777906505","1","Caller","00:00:10","10","Praveena","00:02:06"
"2026-08-14 15:47:59","1000 - Sinhala","0773453890","1","Agent","00:01:13","10","Praveena","00:00:35"
"2026-08-14 16:02:21","1000 - Sinhala","0743329412","1","Agent","00:02:08","10","Praveena","00:02:22"
"2026-08-14 16:24:46","1001 - Tamil","0725888965","1","Caller","00:00:43","10","Praveena","00:03:57"
"2026-08-14 16:53:26","1000 - Sinhala","0786603060","1","Caller","00:00:09","10","Praveena","00:00:47"
"2026-08-14 17:03:51","1000 - Sinhala","0710799847","1","Agent","00:00:05","10","Praveena","00:03:44"
"2026-08-14 17:19:42","1001 - Tamil","0752113082","1","Caller","00:00:05","10","Praveena","00:01:33"
"2026-08-15 09:07:20","1001 - Tamil","0765610667","1","Caller","00:00:06","12","Harshika","00:04:06"
"2026-08-15 09:13:30","1000 - Sinhala","0771249709","1","Agent","00:00:41","10","Praveena","00:01:47"
"2026-08-15 09:14:21","1000 - Sinhala","0764063779","2","Agent","00:00:06","12","Harshika","00:02:52"
"2026-08-15 09:17:39","1000 - Sinhala","0761961789","1","Agent","00:02:15","10","Praveena","00:02:53"
"2026-08-15 09:34:20","1000 - Sinhala","0777327520","1","Agent","00:00:06","10","Praveena","00:01:43"
"2026-08-15 09:44:12","1000 - Sinhala","0763462075","1","Caller","00:00:07","12","Harshika","00:02:59"
"2026-08-15 09:49:25","1000 - Sinhala","0714999215","1","Agent","00:00:08","10","Praveena","00:02:51"
"2026-08-15 10:22:01","1000 - Sinhala","0773453890","1","Caller","00:00:09","10","Praveena","00:00:19"
"2026-08-15 10:26:55","1000 - Sinhala","0750420747","1","Caller","00:00:41","12","Harshika","00:02:34"
"2026-08-15 10:29:17","1001 - Tamil","0765610667","1","Caller","00:00:47","12","Harshika","00:02:17"
"2026-08-15 10:30:08","1000 - Sinhala","0776155865","1","Caller","00:00:09","10","Praveena","00:02:12"
"2026-08-15 10:50:27","1000 - Sinhala","0773453890","1","Agent","00:00:09","10","Praveena","00:01:09"
"2026-08-15 10:58:38","1000 - Sinhala","0764017248","1","Caller","00:00:18","10","Praveena","00:01:03"
"2026-08-15 11:14:47","1000 - Sinhala","0726117879","1","Caller","00:00:05","12","Harshika","00:00:02"
"2026-08-15 11:24:12","1000 - Sinhala","0765659058","1","Caller","00:00:07","10","Praveena","00:00:10"
"2026-08-15 11:27:44","1000 - Sinhala","0765659058","1","Agent","00:01:53","10","Praveena","00:00:58"
"2026-08-15 11:33:04","1000 - Sinhala","0758311632","1","Agent","00:00:48","10","Praveena","00:02:31"
"2026-08-15 11:37:31","1001 - Tamil","0774033827","1","Agent","00:00:05","12","Harshika","00:00:37"
"2026-08-15 11:39:49","1000 - Sinhala","0770710699","1","Agent","00:00:47","10","Praveena","00:02:35"
"2026-08-15 11:41:18","1000 - Sinhala","0714512631","1","Caller","00:00:08","12","Harshika","00:00:50"
"2026-08-15 11:42:17","1000 - Sinhala","0773165548","1","Agent","00:00:06","10","Praveena","00:02:23"
"2026-08-15 11:44:30","1000 - Sinhala","0761961789","1","Caller","00:00:06","12","Harshika","00:02:17"
"2026-08-15 12:11:51","1000 - Sinhala","0754065010","1","Caller","00:00:10","10","Praveena","00:02:52"
"2026-08-15 12:11:52","1000 - Sinhala","0774033827","1","Agent","00:00:09","12","Harshika","00:01:15"
"2026-08-15 12:32:02","1001 - Tamil","0704923400","1","Agent","00:00:09","12","Harshika","00:01:14"
"2026-08-15 12:32:03","1000 - Sinhala","0773165548","1","Agent","00:00:08","10","Praveena","00:01:57"
"2026-08-15 12:34:06","1001 - Tamil","0704923400","1","Caller","00:00:13","12","Harshika","00:01:12"
"2026-08-15 12:35:54","1000 - Sinhala","0713578885","1","Agent","00:00:09","10","Praveena","00:01:21"
"2026-08-15 12:47:48","1001 - Tamil","0767949912","1","Caller","00:00:06","12","Harshika","00:02:09"
"2026-08-15 12:51:39","1000 - Sinhala","0767960156","1","Caller","00:00:48","12","Harshika","00:01:47"
"2026-08-15 12:51:47","1001 - Tamil","0767949912","1","Agent","00:00:09","10","Praveena","00:03:27"
"2026-08-15 13:14:50","1000 - Sinhala","0772007759","1","Agent","00:00:07","10","Praveena","00:03:24"
"2026-08-15 13:54:53","1000 - Sinhala","0754065010","1","Caller","00:00:09","10","Praveena","00:03:12"
"2026-08-15 13:59:11","1000 - Sinhala","0754065010","1","Caller","00:00:07","10","Praveena","00:01:17"
"2026-08-15 14:07:55","1001 - Tamil","0776383682","1","Agent","00:01:13","10","Praveena","00:00:02"
"2026-08-15 14:11:08","1001 - Tamil","0776383682","1","Agent","00:00:07","10","Praveena","00:02:43"
"2026-08-15 14:21:31","1001 - Tamil","0764301518","1","Caller","00:00:16","10","Praveena","00:01:35"
"2026-08-15 15:09:01","1000 - Sinhala","0764808435","1","Agent","00:00:06","10","Praveena","00:01:34"
"2026-08-15 15:12:51","1000 - Sinhala","0713239586","1","Agent","00:00:08","10","Praveena","00:01:39"
"2026-08-15 16:06:24","1000 - Sinhala","0772007759","1","Agent","00:00:06","10","Praveena","00:02:33"
"2026-08-15 16:09:04","1000 - Sinhala","0725259250","1","Caller","00:00:47","10","Praveena","00:01:25"
"2026-08-15 16:54:01","1000 - Sinhala","0779999699","1","Caller","00:00:11","10","Praveena","00:01:46"
"2026-08-15 17:14:48","1000 - Sinhala","0779999699","1","Caller","00:00:09","10","Praveena","00:01:56"
"2026-08-15 17:16:02","1000 - Sinhala","0772538816","1","Caller","00:00:17","10","Praveena","00:01:05"
"2026-08-15 17:23:27","1000 - Sinhala","0763462075","1","Agent","00:00:09","10","Praveena","00:01:58"
"2026-08-15 17:24:01","1001 - Tamil","0767949912","1","Caller","00:00:06","12","Harshika","00:00:10"
"2026-08-15 17:55:31","1000 - Sinhala","0772007759","1","Agent","00:00:05","10","Praveena","00:04:24"
"2026-08-16 13:40:36","1000 - Sinhala","0773453890","1","Agent","00:01:15","10","Praveena","00:00:02"
"2026-08-17 09:08:05","1000 - Sinhala","0716527087","1","Caller","00:00:09","10","Praveena","00:01:54"
"2026-08-17 09:09:17","1000 - Sinhala","0777602327","1","Caller","00:00:08","12","Harshika","00:01:38"
"2026-08-17 09:22:15","1000 - Sinhala","0761961789","1","Caller","00:00:04","10","Praveena","00:01:51"
"2026-08-17 09:26:30","1000 - Sinhala","0777787027","1","Caller","00:00:08","10","Praveena","00:00:59"
"2026-08-17 09:28:30","1000 - Sinhala","0722734563","1","Caller","00:00:09","12","Harshika","00:02:49"
"2026-08-17 09:42:59","1000 - Sinhala","0777537415","1","Caller","00:00:06","10","Praveena","00:01:50"
"2026-08-17 09:51:46","1001 - Tamil","0704923400","1","Caller","00:00:05","12","Harshika","00:04:38"
"2026-08-17 10:04:09","1001 - Tamil","0767755429","1","Caller","00:00:06","11","Oshadi","00:02:08"
"2026-08-17 10:05:58","1000 - Sinhala","0112617816","1","Caller","00:00:08","10","Praveena","00:03:16"
"2026-08-17 10:22:57","1001 - Tamil","0765320182","1","Agent","00:00:06","12","Harshika","00:02:11"
"2026-08-17 10:24:02","1000 - Sinhala","0711777141","1","Caller","00:00:05","12","Harshika","00:02:22"
"2026-08-17 10:33:39","1000 - Sinhala","0706629242","1","Caller","00:00:46","10","Praveena","00:04:15"
"2026-08-17 10:33:42","1000 - Sinhala","0777710977","1","Caller","00:00:04","11","Oshadi","00:00:35"
"2026-08-17 10:34:43","1000 - Sinhala","0769790666","1","Agent","00:00:07","12","Harshika","00:01:40"
"2026-08-17 10:38:45","1001 - Tamil","0756557266","1","Caller","00:00:05","12","Harshika","00:01:14"
"2026-08-17 10:43:05","1000 - Sinhala","0756557266","1","Caller","00:00:05","10","Praveena","00:04:02"
"2026-08-17 10:46:48","1000 - Sinhala","0778348950","2","Caller","00:00:10","12","Harshika","00:01:51"
"2026-08-17 10:47:12","1000 - Sinhala","0719003999","2","Agent","00:00:05","11","Oshadi","00:01:50"
"2026-08-17 10:49:41","1000 - Sinhala","0717254569","1","Agent","00:04:08","10","Praveena","00:01:17"
"2026-08-17 11:00:42","1000 - Sinhala","0714902022","1","Caller","00:00:03","10","Praveena","00:01:43"
"2026-08-17 11:02:15","1000 - Sinhala","0711337266","1","Agent","00:00:08","12","Harshika","00:02:03"
"2026-08-17 11:16:28","1000 - Sinhala","0779461283","1","Caller","00:00:09","10","Praveena","00:01:23"
"2026-08-17 11:17:01","1000 - Sinhala","0770187732","1","Agent","00:00:05","11","Oshadi","00:01:34"
"2026-08-17 11:23:23","1001 - Tamil","0761522825","1","Agent","00:00:05","10","Praveena","00:02:31"
"2026-08-17 11:26:51","1000 - Sinhala","0778082173","1","Agent","00:00:04","12","Harshika","00:03:33"
"2026-08-17 11:40:12","1000 - Sinhala","0785983627","1","Caller","00:01:48","10","Praveena","00:02:31"
"2026-08-17 11:44:44","1000 - Sinhala","0763272090","1","Caller","00:00:45","12","Harshika","00:01:58"
"2026-08-17 11:51:25","1000 - Sinhala","0704762871","1","Caller","00:01:15","10","Praveena","00:03:13"
"2026-08-17 11:59:02","1000 - Sinhala","0774304331","1","Agent","00:01:16","11","Oshadi","00:03:48"
"2026-08-17 12:05:33","1000 - Sinhala","0771992988","1","Caller","00:00:06","10","Praveena","00:01:15"
"2026-08-17 12:06:22","1001 - Tamil","0743137258","1","Agent","00:00:06","12","Harshika","00:01:48"
"2026-08-17 12:11:01","1000 - Sinhala","0763462075","1","Caller","00:00:41","10","Praveena","00:02:33"
"2026-08-17 12:11:48","1000 - Sinhala","0761961789","2","Agent","00:00:07","12","Harshika","00:03:19"
"2026-08-17 12:12:14","1000 - Sinhala","0743137258","1","Agent","00:00:04","11","Oshadi","00:01:10"
"2026-08-17 12:31:50","1000 - Sinhala","0716527087","1","Caller","00:00:04","10","Praveena","00:03:41"
"2026-08-17 12:49:59","1000 - Sinhala","0761261596","1","Caller","00:00:16","10","Praveena","00:02:07"
"2026-08-17 12:59:23","1000 - Sinhala","0772220256","1","Caller","00:01:51","10","Praveena","00:01:59"
"2026-08-17 13:11:37","1000 - Sinhala","0763462075","1","Agent","00:00:18","10","Praveena","00:00:43"
"2026-08-17 13:27:08","1000 - Sinhala","0763462075","1","Caller","00:01:13","12","Harshika","00:03:01"
"2026-08-17 13:29:57","1000 - Sinhala","0758503349","1","Caller","00:00:06","10","Praveena","00:02:16"
"2026-08-17 13:31:18","1000 - Sinhala","0771552870","1","Caller","00:00:05","12","Harshika","00:02:27"
"2026-08-17 13:39:46","1000 - Sinhala","0771552870","1","Agent","00:00:41","10","Praveena","00:02:17"
"2026-08-17 14:13:47","1000 - Sinhala","0781047017","2","Agent","00:00:08","11","Oshadi","00:01:33"
"2026-08-17 14:26:16","1001 - Tamil","0758311632","1","Caller","00:00:05","12","Harshika","00:00:55"
"2026-08-17 14:31:30","1001 - Tamil","0758311632","1","Caller","00:00:07","12","Harshika","00:03:53"
"2026-08-17 14:33:49","1000 - Sinhala","0768907799","2","Caller","00:00:05","11","Oshadi","00:00:31"
"2026-08-17 14:37:28","1000 - Sinhala","0777033745","1","Caller","00:00:03","10","Praveena","00:02:51"
"2026-08-17 14:49:59","1000 - Sinhala","0783233971","1","Caller","00:00:43","10","Praveena","00:03:03"
"2026-08-17 14:57:29","1000 - Sinhala","0783233971","1","Agent","00:01:52","10","Praveena","00:01:23"
"2026-08-17 15:49:08","1000 - Sinhala","0772794793","1","Agent","00:00:04","12","Harshika","00:01:17"
"2026-08-17 15:51:47","1000 - Sinhala","0712196265","1","Agent","00:00:05","10","Praveena","00:04:05"
"2026-08-17 15:54:41","1001 - Tamil","0728146321","1","Agent","00:00:07","11","Oshadi","00:02:42"
"2026-08-17 16:02:24","1000 - Sinhala","0704762871","1","Caller","00:00:07","10","Praveena","00:03:22"
"2026-08-17 16:10:28","1000 - Sinhala","0716527087","1","Agent","00:00:47","10","Praveena","00:01:41"
"2026-08-17 16:11:29","1000 - Sinhala","0742947767","1","Caller","00:00:04","12","Harshika","00:01:26"
"2026-08-17 16:26:22","1000 - Sinhala","0785983627","1","Caller","00:00:05","12","Harshika","00:02:49"
"2026-08-17 16:28:20","1000 - Sinhala","0773588774","1","Caller","00:00:43","11","Oshadi","00:12:33"
"2026-08-17 16:34:38","1000 - Sinhala","0771249709","1","Agent","00:00:27","10","Praveena","00:01:37"
"2026-08-17 17:32:24","1001 - Tamil","0755877099","1","Agent","00:00:05","12","Harshika","00:02:48"
"2026-08-17 17:51:36","1001 - Tamil","0742510778","1","Agent","00:00:07","12","Harshika","00:02:50"
"2026-08-17 17:57:48","1001 - Tamil","0704012298","1","Caller","00:00:05","12","Harshika","00:00:38"
"2026-08-17 18:00:56","1001 - Tamil","0755877099","1","Agent","00:00:06","12","Harshika","00:15:24"
"2026-08-17 18:01:55","1001 - Tamil","0764911325","1","Agent","00:00:06","12","Harshika","00:03:01"
"2026-08-18 09:05:11","1001 - Tamil","0751607424","1","Agent","00:00:07","11","Oshadi","00:01:20"
"2026-08-18 09:06:35","1001 - Tamil","0751607424","1","Caller","00:00:10","12","Harshika","00:00:32"
"2026-08-18 09:09:40","1001 - Tamil","0751607424","1","Agent","00:00:08","12","Harshika","00:02:38"
"2026-08-18 09:12:01","1001 - Tamil","0751607424","1","Agent","00:00:12","11","Oshadi","00:01:35"
"2026-08-18 09:14:38","1000 - Sinhala","0769868299","2","Caller","00:00:04","12","Harshika","00:01:14"
"2026-08-18 09:14:51","1000 - Sinhala","0773453890","1","Agent","00:05:38","10","Praveena","00:00:18"
"2026-08-18 09:26:00","1000 - Sinhala","0776418189","1","Agent","00:00:19","10","Praveena","00:03:04"
"2026-08-18 09:53:59","1000 - Sinhala","0772007759","1","Agent","00:00:11","10","Praveena","00:02:35"
"2026-08-18 09:59:56","1000 - Sinhala","0772007759","1","Agent","00:00:05","10","Praveena","00:05:15"
"2026-08-18 10:09:13","1000 - Sinhala","0758311632","1","Caller","00:00:19","10","Praveena","00:02:48"
"2026-08-18 10:13:26","1001 - Tamil","0753564915","1","Caller","00:00:05","12","Harshika","00:02:06"
"2026-08-18 10:21:38","1000 - Sinhala","0772007759","2","Agent","00:00:06","11","Oshadi","00:03:27"
"2026-08-18 10:36:19","1000 - Sinhala","0763244740","1","Caller","00:00:16","10","Praveena","00:01:02"
"2026-08-18 10:36:53","1001 - Tamil","0742510778","1","Caller","00:00:04","12","Harshika","00:00:11"
"2026-08-18 10:38:31","1000 - Sinhala","0772007759","2","Caller","00:00:05","11","Oshadi","00:03:22"
"2026-08-18 10:48:35","1000 - Sinhala","0722999971","1","Caller","00:00:08","10","Praveena","00:01:51"
"2026-08-18 10:58:28","1000 - Sinhala","0757570555","1","Agent","00:00:04","10","Praveena","00:02:16"
"2026-08-18 11:15:31","1000 - Sinhala","0705205820","1","Caller","00:00:05","10","Praveena","00:01:56"
"2026-08-18 11:17:13","1000 - Sinhala","0773453890","1","Caller","00:00:40","12","Harshika","00:00:32"
"2026-08-18 11:22:14","1000 - Sinhala","0773453890","1","Caller","00:00:05","10","Praveena","00:01:35"
"2026-08-18 11:57:41","1000 - Sinhala","0775691136","1","Caller","00:00:06","10","Praveena","00:00:38"
"2026-08-18 12:03:15","1000 - Sinhala","0775691136","1","Caller","00:00:04","10","Praveena","00:02:36"
"2026-08-18 12:12:22","1000 - Sinhala","0784561914","1","Caller","00:00:05","10","Praveena","00:01:31"
"2026-08-18 12:22:05","1000 - Sinhala","0771728432","1","Agent","00:01:49","10","Praveena","00:02:14"
"2026-08-18 12:32:14","1000 - Sinhala","0775691136","1","Caller","00:00:08","10","Praveena","00:00:42"
"2026-08-18 12:48:28","1000 - Sinhala","0743329412","1","Agent","00:00:10","10","Praveena","00:02:08"
"2026-08-18 13:01:22","1000 - Sinhala","0771552870","1","Caller","00:00:07","10","Praveena","00:00:35"
"2026-08-18 13:05:59","1000 - Sinhala","0770025415","2","Caller","00:00:05","12","Harshika","00:00:03"
"2026-08-18 13:10:17","1000 - Sinhala","0770025415","2","Agent","00:00:05","12","Harshika","00:03:42"
"2026-08-18 13:18:05","1000 - Sinhala","0711337266","1","Agent","00:00:14","10","Praveena","00:02:34"
"2026-08-18 13:27:56","1000 - Sinhala","0777263352","1","Agent","00:00:14","10","Praveena","00:01:34"
"2026-08-18 14:12:17","1000 - Sinhala","0711523125","2","Agent","00:00:06","12","Harshika","00:00:55"
"2026-08-18 14:29:49","1000 - Sinhala","0752517324","2","Agent","00:00:05","12","Harshika","00:01:18"
"2026-08-18 14:34:34","1001 - Tamil","0706752191","1","Caller","00:00:05","12","Harshika","00:04:04"
"2026-08-18 14:43:55","1000 - Sinhala","0759090774","1","Caller","00:00:10","11","Oshadi","00:03:03"
"2026-08-18 14:50:56","1001 - Tamil","0756422427","1","Agent","00:00:12","10","Praveena","00:02:19"
"2026-08-18 15:02:32","1000 - Sinhala","0705178200","1","Caller","00:00:41","11","Oshadi","00:01:56"
"2026-08-18 15:11:11","1000 - Sinhala","0713239586","1","Agent","00:00:12","11","Oshadi","00:01:52"
"2026-08-18 15:11:14","1000 - Sinhala","0715147102","1","Caller","00:00:07","10","Praveena","00:04:58"
"2026-08-18 15:24:32","1001 - Tamil","0778852070","1","Agent","00:00:12","10","Praveena","00:01:34"
"2026-08-18 15:26:32","1000 - Sinhala","0711337266","1","Caller","00:00:05","12","Harshika","00:01:56"
"2026-08-18 15:51:37","1001 - Tamil","0753233812","1","Caller","00:00:04","12","Harshika","00:01:10"
"2026-08-18 15:55:46","1001 - Tamil","0753233812","1","Caller","00:00:05","12","Harshika","00:02:47"
"2026-08-18 16:12:17","1000 - Sinhala","0767818089","1","Agent","00:00:11","10","Praveena","00:03:18"
"2026-08-18 16:19:02","1000 - Sinhala","0711337266","1","Agent","00:00:43","10","Praveena","00:02:08"
"2026-08-18 16:19:17","1000 - Sinhala","0772794793","2","Agent","00:00:09","11","Oshadi","00:02:24"
"2026-08-18 16:21:17","1000 - Sinhala","0711337266","1","Caller","00:01:40","12","Harshika","00:00:15"
"2026-08-18 16:21:44","1000 - Sinhala","0711337266","1","Agent","00:00:08","12","Harshika","00:00:10"
"2026-08-18 16:23:04","1000 - Sinhala","0711337266","1","Caller","00:00:51","12","Harshika","00:00:13"
"2026-08-18 16:24:07","1000 - Sinhala","0778346514","1","Agent","00:00:19","10","Praveena","00:00:22"
"2026-08-18 16:28:37","1000 - Sinhala","0778385724","1","Agent","00:00:08","12","Harshika","00:00:18"
"2026-08-18 16:32:19","1000 - Sinhala","0778385724","1","Caller","00:00:45","11","Oshadi","00:02:31"
"2026-08-18 16:38:42","1000 - Sinhala","0752116061","1","Caller","00:00:41","10","Praveena","00:01:58"
"2026-08-18 17:41:47","1000 - Sinhala","0777707011","1","Caller","00:00:05","10","Praveena","00:02:12"
"2026-08-18 17:57:49","1001 - Tamil","0704413541","1","Caller","00:00:05","12","Harshika","00:00:09"
"2026-08-18 18:01:10","1001 - Tamil","0704413541","1","Agent","00:00:04","12","Harshika","00:02:54"
"2026-08-19 09:05:14","1001 - Tamil","0755877099","1","Agent","00:00:06","12","Harshika","00:03:29"
"2026-08-19 09:10:59","1001 - Tamil","0755877099","1","Caller","00:00:05","11","Oshadi","00:05:26"
"2026-08-19 09:13:22","1000 - Sinhala","0729666595","1","Caller","00:05:34","10","Praveena","00:00:01"
"2026-08-19 09:46:19","1000 - Sinhala","0710398918","1","Caller","00:00:11","10","Praveena","00:03:24"
"2026-08-19 09:53:41","1000 - Sinhala","0773453890","1","Caller","00:00:08","10","Praveena","00:01:48"
"2026-08-19 09:54:11","1000 - Sinhala","0777377731","1","Caller","00:00:03","11","Oshadi","00:10:28"
"2026-08-19 10:16:12","1001 - Tamil","0753776778","1","Caller","00:00:05","10","Praveena","00:01:52"
"2026-08-19 10:39:28","1001 - Tamil","0755877099","1","Caller","00:00:09","11","Oshadi","00:01:12"
"2026-08-19 10:40:36","1001 - Tamil","0755877099","1","Agent","00:00:04","10","Praveena","00:00:51"
"2026-08-19 10:44:55","1000 - Sinhala","0774478160","1","Caller","00:00:06","10","Praveena","00:02:23"
"2026-08-19 10:52:53","1000 - Sinhala","0742361801","1","Agent","00:01:17","10","Praveena","00:01:14"
"2026-08-19 10:58:37","1001 - Tamil","0755877099","1","Caller","00:00:06","12","Harshika","00:01:38"
"2026-08-19 11:02:50","1000 - Sinhala","0773588222","1","Agent","00:01:20","10","Praveena","00:01:44"
"2026-08-19 11:11:35","1001 - Tamil","0764455129","1","Caller","00:02:59","11","Oshadi","00:02:28"
"2026-08-19 11:18:04","1000 - Sinhala","0705205820","1","Caller","00:00:40","10","Praveena","00:02:01"
"2026-08-19 11:27:08","1000 - Sinhala","0778777108","1","Agent","00:00:19","10","Praveena","00:01:27"
"2026-08-19 11:34:40","1000 - Sinhala","0762644274","1","Agent","00:00:09","10","Praveena","00:01:34"
"2026-08-19 11:39:04","1001 - Tamil","0778852070","1","Agent","00:00:07","11","Oshadi","00:01:59"
"2026-08-19 11:58:59","1000 - Sinhala","0753233812","1","Agent","00:00:09","10","Praveena","00:02:01"
"2026-08-19 12:25:16","1001 - Tamil","0772123734","1","Agent","00:00:06","12","Harshika","00:01:53"
"2026-08-19 12:45:12","1001 - Tamil","0775065723","1","Agent","00:00:04","11","Oshadi","00:05:02"
"2026-08-19 13:00:15","1000 - Sinhala","0778777108","1","Caller","00:00:11","10","Praveena","00:05:24"
"2026-08-19 13:16:24","1000 - Sinhala","0768958513","1","Agent","00:00:05","10","Praveena","00:01:28"
"2026-08-19 13:23:22","1000 - Sinhala","0702736943","1","Agent","00:00:05","10","Praveena","00:02:05"
"2026-08-19 13:38:49","1000 - Sinhala","0758311632","1","Caller","00:00:06","10","Praveena","00:02:10"
"2026-08-19 14:15:00","1000 - Sinhala","0778317532","2","Agent","00:00:05","12","Harshika","00:00:45"
"2026-08-19 14:26:21","1001 - Tamil","0704413541","1","Agent","00:00:06","12","Harshika","00:02:43"
"2026-08-19 14:33:15","1000 - Sinhala","0753999889","1","Caller","00:00:44","12","Harshika","00:02:04"
"2026-08-19 14:40:50","1000 - Sinhala","0752116061","1","Caller","00:00:07","11","Oshadi","00:00:24"
"2026-08-19 14:41:18","1000 - Sinhala","0717254569","2","Agent","00:08:16","10","Praveena","00:01:55"
"2026-08-19 14:49:34","1000 - Sinhala","0752116061","2","Agent","00:00:06","11","Oshadi","00:03:35"
"2026-08-19 15:01:05","1000 - Sinhala","0717254569","1","Caller","00:17:17","10","Praveena","00:02:05"
"2026-08-19 15:45:03","1000 - Sinhala","0752315918","1","Agent","00:04:16","10","Praveena","00:05:51"
"2026-08-19 15:50:38","1001 - Tamil","0763011759","1","Caller","00:00:06","12","Harshika","00:01:30"
"2026-08-19 16:03:40","1000 - Sinhala","0776418189","1","Caller","00:00:08","10","Praveena","00:03:39"
"2026-08-19 17:16:59","1000 - Sinhala","0752116061","1","Caller","00:00:15","10","Praveena","00:01:30"
"2026-08-19 17:29:25","1001 - Tamil","0764549721","1","Agent","00:00:05","12","Harshika","00:03:09"
"2026-08-19 17:32:18","1001 - Tamil","0773562412","1","Agent","00:00:05","12","Harshika","00:02:17"
"2026-08-20 09:05:44","1000 - Sinhala","0758311632","1","Caller","00:00:06","10","Praveena","00:02:08"
"2026-08-20 09:19:40","1000 - Sinhala","0714272766","1","Caller","00:00:06","10","Praveena","00:01:31"
"2026-08-20 09:36:01","1000 - Sinhala","0770597344","1","Caller","00:00:05","10","Praveena","00:01:32"
"2026-08-20 09:46:21","1000 - Sinhala","0773402276","1","Caller","00:00:05","10","Praveena","00:00:06"
"2026-08-20 09:55:56","1000 - Sinhala","0715777525","1","Caller","00:00:05","10","Praveena","00:01:02"
"2026-08-20 09:58:11","1000 - Sinhala","0760794690","1","Caller","00:00:05","10","Praveena","00:01:34"
"2026-08-20 10:10:10","1001 - Tamil","0761145397","1","Agent","00:00:05","10","Praveena","00:03:10"
"2026-08-20 10:34:45","1000 - Sinhala","0752498734","1","Agent","00:00:05","10","Praveena","00:01:23"
"2026-08-20 10:40:51","1000 - Sinhala","0755124121","1","Caller","00:00:05","11","Oshadi","00:00:37"
"2026-08-20 10:41:05","1000 - Sinhala","0765925238","1","Agent","00:00:05","10","Praveena","00:01:12"
"2026-08-20 10:44:34","1000 - Sinhala","0769868299","1","Caller","00:00:06","10","Praveena","00:02:15"
"2026-08-20 10:46:35","1001 - Tamil","0761145397","1","Caller","00:00:06","10","Praveena","00:00:56"
"2026-08-20 10:47:47","1001 - Tamil","0761145397","1","Caller","00:00:04","12","Harshika","00:00:44"
"2026-08-20 10:49:28","1001 - Tamil","0764455129","1","Caller","00:00:06","10","Praveena","00:01:50"
"2026-08-20 10:50:40","1000 - Sinhala","0115328100","1","Agent","00:00:05","10","Praveena","00:00:56"
"2026-08-20 10:57:03","1000 - Sinhala","0788178146","1","Agent","00:00:06","10","Praveena","00:02:56"
"2026-08-20 11:18:45","1001 - Tamil","0778852070","1","Caller","00:00:05","10","Praveena","00:01:35"
"2026-08-20 11:21:08","1001 - Tamil","0778852070","1","Agent","00:00:04","12","Harshika","00:02:01"
"2026-08-20 11:21:52","1000 - Sinhala","0778281319","1","Agent","00:00:05","10","Praveena","00:02:02"
"2026-08-20 11:34:16","1000 - Sinhala","0788178146","1","Agent","00:00:05","10","Praveena","00:01:49"
"2026-08-20 11:46:58","1000 - Sinhala","0763272090","1","Caller","00:00:06","10","Praveena","00:04:41"
"2026-08-20 11:51:37","1001 - Tamil","0772123734","1","Agent","00:00:05","10","Praveena","00:01:47"
"2026-08-20 11:55:27","1000 - Sinhala","0754065010","1","Caller","00:00:06","10","Praveena","00:01:26"
"2026-08-20 11:56:44","1000 - Sinhala","0755148281","2","Caller","00:01:05","10","Praveena","00:01:13"
"2026-08-20 12:16:42","1000 - Sinhala","0773402276","1","Agent","00:00:06","10","Praveena","00:01:06"
"2026-08-20 12:30:40","1001 - Tamil","0763631904","1","Agent","00:00:05","10","Praveena","00:02:10"
"2026-08-20 12:34:55","1000 - Sinhala","0788178146","1","Caller","00:00:06","10","Praveena","00:01:02"
"2026-08-20 12:44:36","1001 - Tamil","0753776778","1","Agent","00:00:05","10","Praveena","00:03:03"
"2026-08-20 12:46:44","1001 - Tamil","0753776778","1","Caller","00:00:04","12","Harshika","00:01:54"
"2026-08-20 12:57:49","1001 - Tamil","0725888965","1","Agent","00:00:05","11","Oshadi","00:02:19"
"2026-08-20 12:59:40","1000 - Sinhala","0714902022","1","Caller","00:00:05","10","Praveena","00:03:22"
"2026-08-20 13:01:10","1000 - Sinhala","0773453890","1","Caller","00:01:06","10","Praveena","00:01:27"
"2026-08-20 13:01:46","1001 - Tamil","0725888965","1","Caller","00:00:03","12","Harshika","00:03:10"
"2026-08-20 13:11:33","1001 - Tamil","0767949912","1","Caller","00:00:05","12","Harshika","00:01:57"
"2026-08-20 15:22:17","1001 - Tamil","0752116061","1","Agent","00:00:04","10","Praveena","00:04:31"
"2026-08-20 15:38:49","1000 - Sinhala","0703567833","1","Caller","00:00:04","10","Praveena","00:00:11"
"2026-08-20 15:43:54","1001 - Tamil","0703567833","1","Caller","00:00:04","10","Praveena","00:04:41"
"2026-08-20 16:24:45","1000 - Sinhala","0705205820","1","Agent","00:00:04","10","Praveena","00:00:40"
"2026-08-20 16:46:34","1000 - Sinhala","0768958513","1","Caller","00:00:05","10","Praveena","00:02:19"
"2026-08-20 16:57:40","1001 - Tamil","0753776778","1","Agent","00:00:06","10","Praveena","00:02:41"
"2026-08-21 09:02:44","1000 - Sinhala","0714243232","1","Caller","00:01:16","10","Praveena","00:01:57"
"2026-08-21 09:05:22","1000 - Sinhala","0760924321","1","Caller","00:00:05","10","Praveena","00:01:12"
"2026-08-21 09:09:08","1000 - Sinhala","0760924321","1","Caller","00:00:04","10","Praveena","00:01:27"
"2026-08-21 09:13:32","1000 - Sinhala","0773562853","1","Caller","00:00:05","10","Praveena","00:02:26"
"2026-08-21 09:19:34","1000 - Sinhala","0760794690","1","Caller","00:00:04","10","Praveena","00:01:37"
"2026-08-21 09:49:48","1000 - Sinhala","0763244740","1","Caller","00:00:04","10","Praveena","00:01:32"
"2026-08-21 09:56:44","1000 - Sinhala","0707253070","1","Caller","00:00:04","10","Praveena","00:02:02"
"2026-08-21 10:10:32","1000 - Sinhala","0785000167","1","Caller","00:00:38","10","Praveena","00:02:04"
"2026-08-21 10:24:27","1000 - Sinhala","0742787833","1","Caller","00:00:04","12","Harshika","00:01:43"
"2026-08-21 10:24:46","1000 - Sinhala","0777537415","1","Caller","00:00:04","10","Praveena","00:02:55"
"2026-08-21 10:47:59","1000 - Sinhala","0773453890","1","Caller","00:00:04","10","Praveena","00:01:35"
"2026-08-21 10:55:23","1000 - Sinhala","0742361801","1","Agent","00:00:04","10","Praveena","00:01:33"
"2026-08-21 11:01:02","1000 - Sinhala","0777785021","1","Agent","00:00:05","10","Praveena","00:02:42"
"2026-08-21 11:35:34","1000 - Sinhala","0767818089","1","Agent","00:00:09","11","Oshadi","00:02:13"
"2026-08-21 11:40:19","1000 - Sinhala","0767289550","1","Caller","00:00:05","10","Praveena","00:01:14"
"2026-08-21 11:44:09","1000 - Sinhala","0716635047","1","Caller","00:00:05","10","Praveena","00:02:16"
"2026-08-21 11:51:58","1001 - Tamil","0778852070","1","Agent","00:00:05","10","Praveena","00:02:33"
"2026-08-21 11:55:59","1000 - Sinhala","0702607229","1","Agent","00:00:04","10","Praveena","00:00:30"
"2026-08-21 12:02:54","1000 - Sinhala","0767818089","1","Agent","00:00:05","10","Praveena","00:00:39"
"2026-08-21 12:25:05","1000 - Sinhala","0774480432","1","Caller","00:00:04","10","Praveena","00:04:08"
"2026-08-21 12:39:24","1000 - Sinhala","0752029980","1","Agent","00:00:06","10","Praveena","00:00:49"
"2026-08-21 13:00:25","1000 - Sinhala","0768722882","1","Caller","00:00:06","10","Praveena","00:01:02"
"2026-08-21 13:13:36","1000 - Sinhala","0715147102","1","Caller","00:00:06","10","Praveena","00:00:25"
"2026-08-21 13:16:55","1000 - Sinhala","0715147102","1","Agent","00:00:05","10","Praveena","00:03:02"
"2026-08-21 13:23:14","1001 - Tamil","0724362755","1","Caller","00:00:06","10","Praveena","00:00:44"
"2026-08-21 13:25:41","1000 - Sinhala","0724362755","1","Caller","00:00:05","10","Praveena","00:01:55"
"2026-08-21 13:33:45","1001 - Tamil","0755877099","1","Agent","00:00:05","12","Harshika","00:09:43"
"2026-08-21 13:34:27","1001 - Tamil","0755877099","1","Caller","00:00:04","10","Praveena","00:00:09"
"2026-08-21 13:41:02","1000 - Sinhala","0760794690","1","Caller","00:00:05","10","Praveena","00:00:59"
"2026-08-21 13:48:38","1000 - Sinhala","0788178146","1","Agent","00:00:05","10","Praveena","00:02:39"
"2026-08-21 13:50:17","1000 - Sinhala","0718686792","1","Agent","00:00:03","11","Oshadi","00:02:55"
"2026-08-21 13:55:04","1000 - Sinhala","0759746828","1","Agent","00:00:04","10","Praveena","00:02:39"
"2026-08-21 13:58:19","1001 - Tamil","0755227473","1","Agent","00:00:05","10","Praveena","00:02:54"
"2026-08-21 14:00:03","1001 - Tamil","0751575544","1","Agent","00:00:06","10","Praveena","00:01:10"
"2026-08-21 14:09:44","1001 - Tamil","0751575544","1","Agent","00:00:07","11","Oshadi","00:01:23"
"2026-08-21 14:12:11","1000 - Sinhala","0763889902","1","Agent","00:00:05","10","Praveena","00:02:26"
"2026-08-21 14:21:35","1001 - Tamil","0751607424","1","Agent","00:00:06","10","Praveena","00:02:01"
"2026-08-21 15:00:01","1000 - Sinhala","0114507595","1","Caller","00:00:05","10","Praveena","00:01:05"
"2026-08-21 15:07:15","1001 - Tamil","0755877099","1","Agent","00:00:05","10","Praveena","00:03:56"
"2026-08-21 15:10:23","1001 - Tamil","0751575544","1","Agent","00:00:05","10","Praveena","00:00:58"
"2026-08-21 15:21:20","1001 - Tamil","0755877099","1","Agent","00:00:06","10","Praveena","00:02:25"
"2026-08-21 15:52:02","1000 - Sinhala","0777785021","1","Caller","00:00:05","10","Praveena","00:01:48"
"2026-08-21 16:01:15","1001 - Tamil","0704263976","1","Agent","00:00:06","10","Praveena","00:02:15"
"2026-08-21 16:40:15","1001 - Tamil","0704263976","1","Caller","00:00:05","10","Praveena","00:01:30"
"2026-08-21 16:51:45","1001 - Tamil","0767949912","1","Agent","00:00:06","10","Praveena","00:01:57"
"2026-08-21 16:53:37","1000 - Sinhala","0704263976","1","Agent","00:00:05","10","Praveena","00:01:15"
"2026-08-21 16:55:57","1001 - Tamil","0766680125","1","Agent","00:00:04","10","Praveena","00:00:44"
"2026-08-21 16:56:55","1000 - Sinhala","0766680125","1","Caller","00:00:04","10","Praveena","00:00:08"
"2026-08-21 16:57:03","1001 - Tamil","0767786980","1","Agent","00:00:03","10","Praveena","00:03:20"
"2026-08-21 17:11:30","1001 - Tamil","0752116061","1","Caller","00:00:08","11","Oshadi","00:01:44"
"2026-08-21 17:16:42","1001 - Tamil","0778852070","1","Caller","00:00:04","10","Praveena","00:00:39"
"2026-08-21 17:24:04","1001 - Tamil","0778852070","1","Agent","00:00:05","10","Praveena","00:04:33"
"2026-08-21 17:40:44","1000 - Sinhala","0768435584","1","Caller","00:00:05","10","Praveena","00:00:02"
"2026-08-21 17:41:40","1000 - Sinhala","0768435584","1","Caller","00:00:05","10","Praveena","00:00:06"
"2026-08-21 17:43:47","1000 - Sinhala","0768435584","1","Caller","00:00:05","10","Praveena","00:01:43"
"2026-08-22 09:11:49","1000 - Sinhala","0723456787","1","Caller","00:00:04","10","Praveena","00:01:48"
"2026-08-22 09:19:03","1000 - Sinhala","0332270342","1","Caller","00:00:05","10","Praveena","00:00:48"
"2026-08-22 09:20:29","1000 - Sinhala","0723456787","1","Caller","00:00:05","10","Praveena","00:00:52"
"2026-08-22 09:41:13","1000 - Sinhala","0773453890","1","Caller","00:00:05","10","Praveena","00:01:58"
"2026-08-22 09:43:35","1000 - Sinhala","0717254569","1","Caller","00:00:06","10","Praveena","00:01:27"
"2026-08-22 10:42:31","1000 - Sinhala","0764017248","1","Caller","00:00:06","10","Praveena","00:02:40"
"2026-08-22 11:01:29","1000 - Sinhala","0773588222","1","Agent","00:00:04","10","Praveena","00:01:06"
"2026-08-22 11:30:59","1000 - Sinhala","0770597344","1","Caller","00:00:06","10","Praveena","00:04:18"
"2026-08-22 11:44:35","1000 - Sinhala","0770597344","1","Caller","00:00:06","10","Praveena","00:01:06"
"2026-08-22 12:00:41","1000 - Sinhala","0704263976","1","Agent","00:00:06","10","Praveena","00:04:12"
"2026-08-22 12:10:34","1001 - Tamil","0757249291","1","Agent","00:00:06","10","Praveena","00:03:01"
"2026-08-22 12:14:35","1000 - Sinhala","0704263976","1","Caller","00:00:05","10","Praveena","00:03:02"
"2026-08-22 12:22:45","1000 - Sinhala","0707253070","1","Agent","00:00:04","10","Praveena","00:01:33"
"2026-08-22 12:45:17","1001 - Tamil","0704263976","1","Caller","00:00:04","11","Oshadi","00:02:59"
"2026-08-22 12:51:21","1000 - Sinhala","0703042783","1","Caller","00:00:05","10","Praveena","00:01:43"
"2026-08-22 12:53:33","1000 - Sinhala","0703042783","1","Caller","00:00:06","10","Praveena","00:01:43"
"2026-08-22 13:13:22","1001 - Tamil","0778492489","1","Caller","00:00:04","10","Praveena","00:01:40"
"2026-08-22 13:18:33","1001 - Tamil","0704263976","1","Agent","00:00:05","10","Praveena","00:02:38"
"2026-08-22 15:46:57","1000 - Sinhala","0741254997","1","Agent","00:00:18","12","Harshika","00:01:22"
"2026-08-22 17:58:09","1000 - Sinhala","0741254997","1","Agent","00:00:06","10","Praveena","00:01:44"
"2026-08-24 09:14:55","1000 - Sinhala","0714243232","1","Agent","00:00:05","10","Praveena","00:01:51"
"2026-08-24 09:39:46","1000 - Sinhala","0778863662","1","Caller","00:00:04","10","Praveena","00:00:02"
"2026-08-24 09:42:24","1001 - Tamil","0761302229","1","Caller","00:00:04","11","Oshadi","00:00:40"
"2026-08-24 09:43:02","1000 - Sinhala","0715777525","1","Caller","00:00:03","10","Praveena","00:01:15"
"2026-08-24 09:46:23","1001 - Tamil","0778863662","1","Caller","00:00:05","10","Praveena","00:06:03"
"2026-08-24 09:52:14","1001 - Tamil","0757249291","1","Caller","00:00:05","10","Praveena","00:00:23"
"2026-08-24 09:53:57","1001 - Tamil","0704263976","1","Agent","00:00:03","10","Praveena","00:01:16"
"2026-08-24 09:55:05","1001 - Tamil","0757249291","1","Caller","00:00:05","11","Oshadi","00:02:29"
"2026-08-24 09:55:31","1001 - Tamil","0704263976","1","Caller","00:00:04","10","Praveena","00:01:10"
"2026-08-24 09:58:25","1000 - Sinhala","0704263976","1","Caller","00:00:05","10","Praveena","00:02:33"
"2026-08-24 10:01:57","1000 - Sinhala","0773588222","1","Agent","00:00:06","10","Praveena","00:01:16"
"2026-08-24 10:12:19","1000 - Sinhala","0763244740","1","Caller","00:00:05","10","Praveena","00:01:25"
"2026-08-24 10:12:46","1000 - Sinhala","0771973797","1","Agent","00:00:05","10","Praveena","00:02:38"
"2026-08-24 10:23:47","1000 - Sinhala","0710935666","1","Caller","00:00:05","10","Praveena","00:00:09"
"2026-08-24 10:34:44","1001 - Tamil","0778852070","1","Caller","00:00:05","10","Praveena","00:03:06"
"2026-08-24 11:22:08","1000 - Sinhala","0742361801","1","Caller","00:00:05","10","Praveena","00:00:47"
"2026-08-24 11:44:56","1000 - Sinhala","0785983627","1","Caller","00:00:04","10","Praveena","00:03:14"
"2026-08-24 12:39:31","1000 - Sinhala","0759746828","1","Agent","00:00:04","10","Praveena","00:01:09"
"2026-08-24 12:42:30","1000 - Sinhala","0712409718","1","Agent","00:00:04","10","Praveena","00:02:04"
"2026-08-24 12:47:15","1000 - Sinhala","0715667553","1","Agent","00:00:05","10","Praveena","00:07:06"
"2026-08-24 13:08:11","1000 - Sinhala","0758819977","1","Caller","00:00:05","10","Praveena","00:05:15"
"2026-08-24 13:21:13","1000 - Sinhala","0758311632","1","Agent","00:00:05","10","Praveena","00:02:33"
"2026-08-24 13:25:30","1000 - Sinhala","0715667553","1","Agent","00:00:04","10","Praveena","00:08:01"
"2026-08-24 13:37:05","1000 - Sinhala","0770025415","1","Caller","00:00:05","10","Praveena","00:00:35"
"2026-08-24 13:39:46","1000 - Sinhala","0788178146","2","Agent","00:00:14","10","Praveena","00:03:04"
"2026-08-24 13:51:53","1000 - Sinhala","0770681380","1","Agent","00:00:04","10","Praveena","00:01:03"
"2026-08-24 13:55:58","1000 - Sinhala","0773453890","1","Caller","00:00:05","10","Praveena","00:00:07"
"2026-08-24 13:59:24","1001 - Tamil","0752116061","1","Caller","00:00:04","10","Praveena","00:00:54"
"2026-08-24 14:01:55","1000 - Sinhala","0773453890","1","Caller","00:00:05","10","Praveena","00:01:56"
"2026-08-24 14:02:09","1001 - Tamil","0752116061","1","Caller","00:00:05","11","Oshadi","00:02:05"
"2026-08-24 14:07:47","1000 - Sinhala","0751821351","1","Caller","00:00:04","10","Praveena","00:01:45"
"2026-08-24 14:52:13","1000 - Sinhala","0785983627","1","Caller","00:00:03","10","Praveena","00:00:15"
"2026-08-24 14:59:50","1001 - Tamil","0704263976","1","Caller","00:00:11","11","Oshadi","00:04:25"
"2026-08-24 15:13:21","1000 - Sinhala","0769297576","1","Agent","00:00:04","10","Praveena","00:00:43"
"2026-08-24 15:35:29","1001 - Tamil","0778192022","1","Agent","00:00:03","12","Harshika","00:01:13"
"2026-08-24 15:36:05","1000 - Sinhala","0704263976","1","Caller","00:00:04","10","Praveena","00:00:23"
"2026-08-24 15:37:44","1001 - Tamil","0704263976","1","Agent","00:00:05","10","Praveena","00:01:05"
"2026-08-24 15:43:26","1001 - Tamil","0773701641","1","Agent","00:00:04","12","Harshika","00:01:10"
"2026-08-24 16:00:21","1000 - Sinhala","0775725555","1","Agent","00:00:04","10","Praveena","00:02:14"
"2026-08-24 16:16:48","1000 - Sinhala","0772781146","1","Agent","00:00:04","10","Praveena","00:04:33"
"2026-08-24 16:17:58","1000 - Sinhala","0770080042","1","Caller","00:00:04","10","Praveena","00:00:37"
"2026-08-24 16:19:36","1000 - Sinhala","0770080042","1","Agent","00:00:04","10","Praveena","00:01:20"
"2026-08-24 16:19:43","1001 - Tamil","0715899478","1","Agent","00:00:03","10","Praveena","00:02:10"
"2026-08-24 16:21:08","1000 - Sinhala","0703270515","1","Caller","00:00:29","10","Praveena","00:01:29"
"2026-08-24 16:32:51","1000 - Sinhala","0703042783","1","Caller","00:00:03","10","Praveena","00:03:10"
"2026-08-24 16:43:37","1001 - Tamil","0778192022","1","Agent","00:00:05","12","Harshika","00:01:16"
"2026-08-24 16:45:12","1000 - Sinhala","0776964591","1","Agent","00:00:04","10","Praveena","00:01:29"
"2026-08-24 16:48:14","1001 - Tamil","0715899478","1","Caller","00:01:00","12","Harshika","00:03:14"
"2026-08-24 16:50:51","1001 - Tamil","0752116061","1","Caller","00:00:05","11","Oshadi","00:03:14"
"2026-08-24 16:52:22","1001 - Tamil","0704263976","1","Agent","00:00:04","10","Praveena","00:05:06"
"2026-08-24 17:19:46","1001 - Tamil","0753776778","1","Agent","00:00:05","10","Praveena","00:02:57"
"2026-08-24 17:28:02","1001 - Tamil","0775452642","1","Caller","00:00:04","12","Harshika","00:01:19"
"2026-08-25 09:13:10","1000 - Sinhala","0112884770","1","Caller","00:00:05","10","Praveena","00:00:15"
"2026-08-25 09:23:36","1000 - Sinhala","0705725556","1","Caller","00:00:05","10","Praveena","00:02:31"
"2026-08-25 09:31:40","1000 - Sinhala","0788178146","1","Agent","00:00:05","10","Praveena","00:03:53"
"2026-08-25 09:37:01","1000 - Sinhala","0718330913","1","Caller","00:00:04","10","Praveena","00:01:05"
"2026-08-25 09:37:34","1000 - Sinhala","0769868299","1","Caller","00:00:05","10","Praveena","00:01:03"
"2026-08-25 09:43:33","1001 - Tamil","0771249042","1","Caller","00:00:04","10","Praveena","00:00:58"
"2026-08-25 09:45:40","1000 - Sinhala","0773052394","1","Agent","00:00:15","11","Oshadi","00:02:41"
"2026-08-25 09:46:10","1000 - Sinhala","0758311632","1","Caller","00:00:04","10","Praveena","00:04:30"
"2026-08-25 09:57:33","1001 - Tamil","0771249042","1","Caller","00:00:04","12","Harshika","00:02:25"
"2026-08-25 10:15:21","1001 - Tamil","0704263976","1","Caller","00:00:04","12","Harshika","00:02:44"
"2026-08-25 10:26:04","1001 - Tamil","0771249042","1","Caller","00:00:04","12","Harshika","00:01:38"
"2026-08-25 11:12:12","1000 - Sinhala","0773453890","1","Agent","00:00:04","10","Praveena","00:01:25"
"2026-08-25 11:16:11","1000 - Sinhala","0763244740","1","Caller","00:00:04","10","Praveena","00:01:06"
"2026-08-25 11:43:21","1001 - Tamil","0758527450","1","Agent","00:00:05","10","Praveena","00:01:40"
"2026-08-25 12:00:33","1000 - Sinhala","0740071127","1","Caller","00:00:05","10","Praveena","00:01:06"
"2026-08-25 12:18:39","1000 - Sinhala","0762644274","1","Agent","00:00:08","12","Harshika","00:00:55"
"2026-08-25 12:20:21","1000 - Sinhala","0762644274","1","Caller","00:00:05","10","Praveena","00:01:07"
"2026-08-25 12:37:44","1000 - Sinhala","0758503349","1","Caller","00:00:05","10","Praveena","00:01:53"
"2026-08-25 12:40:18","1000 - Sinhala","0711523125","1","Agent","00:00:05","10","Praveena","00:01:34"
"2026-08-25 12:41:34","1000 - Sinhala","0759746828","1","Agent","00:00:02","10","Praveena","00:01:05"
"2026-08-25 12:44:04","1001 - Tamil","0771249042","1","Caller","00:00:04","10","Praveena","00:00:47"
"2026-08-25 12:45:07","1001 - Tamil","0704263976","1","Agent","00:00:15","12","Harshika","00:04:12"
"2026-08-25 12:49:59","1000 - Sinhala","0713578885","1","Caller","00:00:04","10","Praveena","00:00:20"
"2026-08-25 12:52:37","1000 - Sinhala","0713578885","1","Caller","00:00:03","10","Praveena","00:02:03"
"2026-08-25 12:53:02","1001 - Tamil","0752116061","1","Agent","00:00:04","10","Praveena","00:02:45"
"2026-08-25 12:56:16","1000 - Sinhala","0766589987","1","Caller","00:00:05","10","Praveena","00:00:45"
"2026-08-25 12:58:57","1000 - Sinhala","0766589987","1","Caller","00:00:04","10","Praveena","00:02:21"
"2026-08-25 13:03:02","1001 - Tamil","0704263976","1","Caller","00:00:04","10","Praveena","00:00:23"
"2026-08-25 13:04:26","1001 - Tamil","0704263976","1","Caller","00:00:03","10","Praveena","00:00:55"
"2026-08-25 13:07:42","1000 - Sinhala","0704263976","1","Agent","00:00:03","10","Praveena","00:02:51"
"2026-08-25 13:24:18","1001 - Tamil","0704263976","1","Caller","00:00:05","10","Praveena","00:00:47"
"2026-08-25 13:25:27","1000 - Sinhala","0704263976","1","Caller","00:00:50","12","Harshika","00:00:04"
"2026-08-25 13:25:33","1000 - Sinhala","0788178146","1","Agent","00:00:39","10","Praveena","00:01:16"
"2026-08-25 13:28:49","1000 - Sinhala","0704263976","1","Agent","00:00:03","10","Praveena","00:02:58"
"2026-08-25 13:41:13","1000 - Sinhala","0777303742","1","Agent","00:00:05","10","Praveena","00:01:16"
"2026-08-25 13:48:29","1000 - Sinhala","0772546122","1","Agent","00:00:04","10","Praveena","00:03:38"
"2026-08-25 13:56:04","1001 - Tamil","0704263976","1","Agent","00:00:07","10","Praveena","00:03:32"
"2026-08-25 14:01:44","1000 - Sinhala","0772546122","1","Agent","00:00:05","10","Praveena","00:02:15"
"2026-08-25 14:14:44","1000 - Sinhala","0763244740","1","Caller","00:00:04","10","Praveena","00:01:13"
"2026-08-25 14:25:11","1000 - Sinhala","0711523125","1","Caller","00:00:05","10","Praveena","00:01:46"
"2026-08-25 14:27:40","1000 - Sinhala","0115328100","1","Caller","00:00:12","11","Oshadi","00:03:36"
"2026-08-25 14:47:46","1000 - Sinhala","0711115213","1","Caller","00:00:06","10","Praveena","00:01:38"
"2026-08-25 15:04:08","1000 - Sinhala","0772794793","1","Agent","00:00:22","10","Praveena","00:01:37"
"2026-08-25 15:24:41","1000 - Sinhala","0754119130","1","Agent","00:00:05","10","Praveena","00:02:45"
"2026-08-25 15:25:54","1000 - Sinhala","0722734563","1","Agent","00:00:49","12","Harshika","00:00:29"
"2026-08-25 15:25:54","1000 - Sinhala","0772980197","1","Agent","00:00:05","10","Praveena","00:02:46"
"2026-08-25 15:29:43","1000 - Sinhala","0722734563","1","Caller","00:00:03","10","Praveena","00:02:51"
"2026-08-25 15:31:22","1000 - Sinhala","0772980197","1","Agent","00:01:30","10","Praveena","00:01:35"
"2026-08-25 15:43:25","1001 - Tamil","0759500799","1","Agent","00:00:05","10","Praveena","00:01:43"
"2026-08-25 16:46:37","1000 - Sinhala","0760574401","1","Agent","00:00:05","10","Praveena","00:02:55"
"2026-08-25 16:47:23","1000 - Sinhala","0763244740","1","Caller","00:00:05","10","Praveena","00:02:24"
"2026-08-25 17:03:20","1000 - Sinhala","0711523125","1","Caller","00:00:17","11","Oshadi","00:00:02"
"2026-08-25 17:04:44","1000 - Sinhala","0782011742","1","Caller","00:00:05","10","Praveena","00:00:20"
"2026-08-25 17:06:43","1000 - Sinhala","0782011742","1","Caller","00:00:04","10","Praveena","00:01:23"
"2026-08-25 17:07:44","1000 - Sinhala","0711523125","1","Caller","00:00:05","10","Praveena","00:00:05"
"2026-08-25 17:12:11","1000 - Sinhala","0710935666","1","Agent","00:00:06","10","Praveena","00:00:54"
"2026-08-25 17:30:53","1000 - Sinhala","0710551525","1","Agent","00:00:04","10","Praveena","00:02:09"
"2026-08-28 09:02:56","1000 - Sinhala","0773402276","1","Caller","00:01:50","10","Praveena","00:01:44"
"2026-08-28 09:11:20","1000 - Sinhala","0789678047","1","Agent","00:00:05","10","Praveena","00:02:12"
"2026-08-28 09:20:01","1001 - Tamil","0772108718","1","Agent","00:00:05","10","Praveena","00:02:47"
"2026-08-28 09:20:54","1000 - Sinhala","0782011742","1","Caller","00:00:05","10","Praveena","00:01:20"
"2026-08-28 09:25:05","1001 - Tamil","0767337597","1","Caller","00:00:04","10","Praveena","00:02:00"
"2026-08-28 09:41:52","1000 - Sinhala","0769868299","1","Caller","00:00:04","10","Praveena","00:02:06"
"2026-08-28 09:54:53","1000 - Sinhala","0755600500","1","Caller","00:00:04","10","Praveena","00:04:04"
"2026-08-28 10:13:49","1000 - Sinhala","0788178146","1","Agent","00:00:04","10","Praveena","00:06:53"
"2026-08-28 10:15:08","1001 - Tamil","0778192022","1","Agent","00:00:05","10","Praveena","00:01:43"
"2026-08-28 10:24:26","1000 - Sinhala","0716879451","1","Agent","00:00:05","10","Praveena","00:01:45"
"2026-08-28 10:27:21","1000 - Sinhala","0760909866","1","Caller","00:00:05","10","Praveena","00:00:43"
"2026-08-28 10:30:13","1000 - Sinhala","0760909866","1","Agent","00:00:05","10","Praveena","00:02:28"
"2026-08-28 10:38:48","1000 - Sinhala","0765681196","1","Caller","00:00:04","10","Praveena","00:01:44"
"2026-08-28 10:39:03","1000 - Sinhala","0770187732","1","Agent","00:00:04","10","Praveena","00:02:22"
"2026-08-28 10:40:51","1000 - Sinhala","0773588222","1","Agent","00:00:04","10","Praveena","00:01:38"
"2026-08-28 10:44:04","1000 - Sinhala","0751821351","1","Caller","00:00:04","10","Praveena","00:00:43"
"2026-08-28 10:46:03","1000 - Sinhala","0751821351","1","Caller","00:00:04","10","Praveena","00:01:22"
"2026-08-28 10:47:20","1000 - Sinhala","0763244740","1","Caller","00:00:02","10","Praveena","00:01:09"
"2026-08-28 11:03:58","1000 - Sinhala","0772794793","1","Agent","00:00:03","10","Praveena","00:02:35"
"2026-08-28 11:20:54","1000 - Sinhala","0767818089","1","Caller","00:00:04","10","Praveena","00:00:23"
"2026-08-28 11:22:57","1000 - Sinhala","0767818089","1","Agent","00:00:04","10","Praveena","00:01:36"
"2026-08-28 11:32:18","1000 - Sinhala","0750420747","1","Agent","00:00:04","10","Praveena","00:04:38"
"2026-08-28 11:33:44","1000 - Sinhala","0770255561","1","Agent","00:00:04","10","Praveena","00:01:37"
"2026-08-28 11:39:55","1000 - Sinhala","0743557421","1","Agent","00:00:03","10","Praveena","00:02:11"
"2026-08-28 11:41:24","1000 - Sinhala","0758311632","1","Agent","00:00:03","10","Praveena","00:03:47"
"2026-08-28 11:45:14","1000 - Sinhala","0743557421","1","Agent","00:00:03","10","Praveena","00:01:53"
"2026-08-28 11:47:29","1000 - Sinhala","0741254997","1","Caller","00:01:21","10","Praveena","00:02:10"
"2026-08-28 11:49:38","1000 - Sinhala","0757249291","1","Caller","00:00:04","10","Praveena","00:01:20"
"2026-08-28 12:22:38","1000 - Sinhala","0788028927","1","Caller","00:00:03","10","Praveena","00:00:00"
"2026-08-28 12:45:06","1000 - Sinhala","0777438214","1","Agent","00:00:04","10","Praveena","00:03:05"
"2026-08-28 13:18:54","1001 - Tamil","0788028927","1","Caller","00:00:04","10","Praveena","00:01:24"
"2026-08-28 13:28:18","1000 - Sinhala","0770080042","1","Agent","00:00:04","10","Praveena","00:02:12"
"2026-08-28 13:40:28","1001 - Tamil","0760514711","1","Caller","00:00:04","10","Praveena","00:02:07"
"2026-08-28 13:57:18","1001 - Tamil","0772108718","1","Caller","00:00:04","10","Praveena","00:01:50"
"2026-08-28 13:57:59","1000 - Sinhala","0742361801","1","Caller","00:00:03","10","Praveena","00:01:31"
"2026-08-28 14:12:26","1000 - Sinhala","0760909866","1","Caller","00:00:03","10","Praveena","00:02:46"
"2026-08-28 14:12:36","1000 - Sinhala","0758640999","1","Caller","00:00:04","10","Praveena","00:00:41"
"2026-08-28 14:12:57","1000 - Sinhala","0712196265","1","Caller","00:00:04","10","Praveena","00:03:31"
"2026-08-28 14:12:58","1000 - Sinhala","0758640999","1","Caller","00:00:04","10","Praveena","00:00:09"
"2026-08-28 14:13:38","1000 - Sinhala","0758640999","1","Caller","00:00:04","10","Praveena","00:00:25"
"2026-08-28 14:39:12","1000 - Sinhala","0760909866","1","Caller","00:00:05","10","Praveena","00:03:46"
"2026-08-28 14:53:39","1000 - Sinhala","0711975173","1","Caller","00:00:03","10","Praveena","00:01:09"
"2026-08-28 15:04:43","1000 - Sinhala","0782011742","1","Caller","00:00:03","10","Praveena","00:00:17"
"2026-08-28 15:05:33","1000 - Sinhala","0782011742","1","Caller","00:00:04","10","Praveena","00:00:19"
"2026-08-28 15:07:17","1000 - Sinhala","0782011742","1","Caller","00:00:05","10","Praveena","00:01:25"
"2026-08-28 15:18:42","1000 - Sinhala","0714272766","1","Caller","00:00:04","10","Praveena","00:02:18"
"2026-08-28 15:51:06","1000 - Sinhala","0774100912","1","Caller","00:00:04","10","Praveena","00:00:25"
"2026-08-28 15:51:28","1000 - Sinhala","0777894641","1","Caller","00:00:04","10","Praveena","00:02:17"
"2026-08-28 16:11:36","1000 - Sinhala","0777894641","1","Caller","00:00:04","10","Praveena","00:00:47"
"2026-08-28 16:25:30","1001 - Tamil","0759535313","1","Agent","00:00:04","10","Praveena","00:02:14"
"2026-08-28 16:36:05","1001 - Tamil","0767337597","1","Agent","00:00:03","11","Oshadi","00:03:30"
"2026-08-28 16:43:17","1000 - Sinhala","0718418742","1","Caller","00:00:05","10","Praveena","00:01:15"
"2026-08-28 17:39:46","1000 - Sinhala","0774400174","1","Caller","00:00:03","10","Praveena","00:00:40"
"2026-08-28 17:47:09","1001 - Tamil","0789696889","1","Caller","00:00:04","10","Praveena","00:07:00"
"2026-08-28 17:51:56","1000 - Sinhala","0770054908","1","Agent","00:00:04","10","Praveena","00:02:07"
"2026-08-28 17:55:56","1000 - Sinhala","0770054908","1","Agent","00:00:03","10","Praveena","00:01:19"
"2026-08-28 17:58:00","1000 - Sinhala","0770054908","1","Agent","00:00:04","10","Praveena","00:01:44"
"2026-08-28 18:01:06","1001 - Tamil","0789696889","1","Agent","00:00:07","11","Oshadi","00:00:18"
"2026-08-29 09:39:42","1000 - Sinhala","0789678047","1","Caller","00:00:04","10","Praveena","00:01:22"
"2026-08-29 09:40:45","1000 - Sinhala","0789678047","1","Caller","00:00:03","10","Praveena","00:00:27"
"2026-08-29 09:43:28","1000 - Sinhala","0789678047","1","Caller","00:00:03","10","Praveena","00:02:28"
"2026-08-29 09:48:52","1000 - Sinhala","0764017248","1","Caller","00:00:04","10","Praveena","00:02:16"
"2026-08-29 09:51:36","1000 - Sinhala","0758311632","1","Agent","00:00:04","11","Oshadi","00:04:39"
"2026-08-29 10:11:13","1001 - Tamil","0778192022","1","Agent","00:00:04","10","Praveena","00:01:31"
"2026-08-29 10:26:42","1000 - Sinhala","0789678047","1","Caller","00:00:03","10","Praveena","00:02:03"
"2026-08-29 11:00:20","1000 - Sinhala","0773453890","1","Caller","00:00:04","10","Praveena","00:01:42"
"2026-08-29 11:18:27","1000 - Sinhala","0773588222","1","Agent","00:00:04","10","Praveena","00:01:57"
"2026-08-29 12:01:48","1000 - Sinhala","0711115213","1","Agent","00:00:04","10","Praveena","00:02:47"
"2026-08-29 12:34:01","1000 - Sinhala","0740326397","1","Agent","00:00:03","10","Praveena","00:01:19"
"2026-08-29 12:48:00","1000 - Sinhala","0765462069","1","Agent","00:01:49","10","Praveena","00:04:40"
"2026-08-29 12:50:34","1000 - Sinhala","0723732426","1","Caller","00:00:03","10","Praveena","00:01:21"
"2026-08-29 12:55:18","1000 - Sinhala","0765681196","1","Caller","00:00:05","10","Praveena","00:00:15"
"2026-08-29 13:01:33","1000 - Sinhala","0765681196","1","Caller","00:00:03","10","Praveena","00:06:03"
"2026-08-29 13:03:14","1000 - Sinhala","0725259250","1","Agent","00:01:35","10","Praveena","00:01:38"
"2026-08-29 13:14:51","1000 - Sinhala","0757729449","1","Caller","00:00:03","10","Praveena","00:01:07"
"2026-08-29 13:37:54","1000 - Sinhala","0775331576","1","Agent","00:00:04","10","Praveena","00:02:36"
"2026-08-29 13:40:31","1000 - Sinhala","0767818089","1","Caller","00:00:03","10","Praveena","00:01:21"
"2026-08-29 14:32:21","1000 - Sinhala","0742961176","1","Agent","00:00:03","10","Praveena","00:04:21"
"2026-08-29 15:11:14","1000 - Sinhala","0718418742","1","Caller","00:00:04","10","Praveena","00:00:18"
"2026-08-29 16:09:21","1000 - Sinhala","0718418742","1","Caller","00:00:03","10","Praveena","00:00:09"
"2026-08-29 16:16:25","1000 - Sinhala","0718418742","1","Caller","00:00:04","10","Praveena","00:00:06"
"2026-08-29 17:30:51","1001 - Tamil","0763230456","1","Caller","00:00:04","10","Praveena","00:04:32"
"2026-08-31 09:12:45","1000 - Sinhala","0723173780","1","Caller","00:01:49","10","Praveena","00:01:57"
"2026-08-31 09:21:57","1000 - Sinhala","0789678047","1","Caller","00:00:06","11","Oshadi","00:02:59"
"2026-08-31 09:22:50","1000 - Sinhala","0758311632","1","Agent","00:00:03","10","Praveena","00:00:50"
"2026-08-31 09:25:42","1001 - Tamil","0758311632","1","Caller","00:00:38","10","Praveena","00:00:52"
"2026-08-31 09:27:37","1000 - Sinhala","0779797117","1","Caller","00:00:04","12","Harshika","00:00:53"
"2026-08-31 09:36:25","1000 - Sinhala","0758311632","1","Agent","00:00:03","10","Praveena","00:10:21"
"2026-08-31 09:37:32","1000 - Sinhala","0773453890","1","Caller","00:00:03","10","Praveena","00:00:33"
"2026-08-31 09:40:26","1001 - Tamil","0759535313","1","Agent","00:00:04","12","Harshika","00:01:29"
"2026-08-31 09:51:14","1000 - Sinhala","0765681196","1","Caller","00:00:02","10","Praveena","00:14:08"
"2026-08-31 10:06:26","1000 - Sinhala","0775014934","1","Agent","00:00:03","10","Praveena","00:03:23"
"2026-08-31 10:06:54","1001 - Tamil","0758338825","1","Caller","00:00:04","10","Praveena","00:02:29"
"2026-08-31 10:08:11","1000 - Sinhala","0767818089","1","Caller","00:00:03","10","Praveena","00:00:21"
"2026-08-31 10:09:14","1000 - Sinhala","0767818089","1","Agent","00:00:03","10","Praveena","00:00:38"
"2026-08-31 10:10:11","1000 - Sinhala","0763244740","1","Caller","00:00:04","10","Praveena","00:01:30"
"2026-08-31 10:11:51","1000 - Sinhala","0767818089","1","Agent","00:00:16","11","Oshadi","00:01:56"
"2026-08-31 10:13:22","1000 - Sinhala","0773453890","1","Agent","00:00:03","10","Praveena","00:02:22"
"2026-08-31 10:32:54","1000 - Sinhala","0763576169","1","Caller","00:00:03","10","Praveena","00:00:14"
"2026-08-31 10:35:24","1000 - Sinhala","0763576169","1","Caller","00:00:03","10","Praveena","00:02:11"
"2026-08-31 10:41:08","1000 - Sinhala","0773588222","1","Agent","00:00:03","12","Harshika","00:01:50"
"2026-08-31 10:41:55","1000 - Sinhala","0763576169","1","Agent","00:00:03","11","Oshadi","00:02:10"
"2026-08-31 10:56:32","1001 - Tamil","0725888965","1","Caller","00:00:03","12","Harshika","00:02:20"
"2026-08-31 11:03:02","1001 - Tamil","0763230456","1","Caller","00:00:02","10","Praveena","00:00:21"
"2026-08-31 11:03:38","1000 - Sinhala","0771040449","1","Agent","00:00:03","10","Praveena","00:02:14"
"2026-08-31 11:05:07","1001 - Tamil","0763230456","1","Caller","00:00:03","10","Praveena","00:01:43"
"2026-08-31 11:08:28","1000 - Sinhala","0702607229","1","Caller","00:00:05","12","Harshika","00:03:32"
"2026-08-31 11:19:41","1001 - Tamil","0763230456","1","Caller","00:00:03","12","Harshika","00:03:18"
"2026-08-31 11:20:00","1001 - Tamil","0775065723","1","Caller","00:00:03","10","Praveena","00:01:07"
"2026-08-31 11:23:45","1001 - Tamil","0775065723","1","Agent","00:00:02","10","Praveena","00:02:22"
"2026-08-31 12:21:19","1000 - Sinhala","0715777525","1","Caller","00:00:03","10","Praveena","00:00:42"
"2026-08-31 12:33:06","1000 - Sinhala","0715777525","1","Caller","00:00:03","10","Praveena","00:00:37"
"2026-08-31 12:37:57","1000 - Sinhala","0112884770","1","Caller","00:00:03","10","Praveena","00:02:35"
"2026-08-31 12:48:00","1000 - Sinhala","0759746828","1","Caller","00:00:03","10","Praveena","00:00:19"
"2026-08-31 12:51:34","1000 - Sinhala","0759746828","1","Agent","00:00:03","10","Praveena","00:03:22"
"2026-08-31 12:52:41","1000 - Sinhala","0750420747","1","Caller","00:00:03","10","Praveena","00:02:35"
"2026-08-31 12:58:11","1000 - Sinhala","0763230456","1","Caller","00:00:03","10","Praveena","00:00:22"
"2026-08-31 13:01:05","1001 - Tamil","0763230456","1","Caller","00:00:04","10","Praveena","00:01:02"
"2026-08-31 13:06:16","1000 - Sinhala","0763230456","1","Caller","00:00:04","10","Praveena","00:04:05"
"2026-08-31 13:22:38","1000 - Sinhala","0764808435","1","Caller","00:00:04","10","Praveena","00:01:31"
"2026-08-31 13:25:39","1001 - Tamil","0760514711","1","Caller","00:00:03","10","Praveena","00:03:20"
"2026-08-31 13:48:55","1000 - Sinhala","0777303742","1","Caller","00:00:04","10","Praveena","00:05:56"
"2026-08-31 13:57:00","1000 - Sinhala","0765571162","1","Agent","00:00:03","10","Praveena","00:01:54"
"2026-08-31 14:04:18","1001 - Tamil","0778181099","1","Caller","00:00:08","11","Oshadi","00:01:08"
"2026-08-31 14:10:02","1000 - Sinhala","0765571162","1","Caller","00:00:02","10","Praveena","00:00:26"
"2026-08-31 14:13:09","1000 - Sinhala","0765571162","1","Caller","00:00:03","10","Praveena","00:02:47"
"2026-08-31 14:24:14","1000 - Sinhala","0776764460","1","Caller","00:00:04","10","Praveena","00:04:23"
"2026-08-31 14:27:28","1001 - Tamil","0775784783","1","Caller","00:00:04","10","Praveena","00:01:09"
"2026-08-31 14:55:56","1001 - Tamil","0775784783","1","Agent","00:00:05","12","Harshika","00:06:19"
"2026-08-31 15:05:41","1000 - Sinhala","0766516013","1","Caller","00:00:03","10","Praveena","00:00:14"
"2026-08-31 15:10:10","1000 - Sinhala","0766516013","1","Caller","00:00:03","10","Praveena","00:04:01"
"2026-08-31 15:10:17","1000 - Sinhala","0703275176","1","Caller","00:00:03","10","Praveena","00:00:23"
"2026-08-31 15:10:24","1000 - Sinhala","0767105407","1","Caller","00:00:03","10","Praveena","00:01:12"
"2026-08-31 15:15:30","1000 - Sinhala","0718686792","1","Caller","00:00:03","10","Praveena","00:00:16"
"2026-08-31 15:18:17","1000 - Sinhala","0718686792","1","Caller","00:00:03","10","Praveena","00:02:00"
"2026-08-31 15:29:30","1000 - Sinhala","0718686792","1","Agent","00:00:03","10","Praveena","00:02:41"
"2026-08-31 15:30:10","1000 - Sinhala","0765681196","1","Agent","00:00:02","10","Praveena","00:03:12"
"2026-08-31 16:00:50","1000 - Sinhala","0758311632","1","Caller","00:00:02","10","Praveena","00:00:11"
"2026-08-31 16:02:22","1001 - Tamil","0712553782","1","Caller","00:00:04","10","Praveena","00:01:55"
"2026-08-31 16:04:54","1001 - Tamil","0758311632","1","Caller","00:00:03","10","Praveena","00:03:45"
"2026-08-31 16:06:11","1000 - Sinhala","0772991175","1","Agent","00:00:01","10","Praveena","00:01:08"
"2026-08-31 16:31:54","1000 - Sinhala","0776418189","1","Agent","00:00:04","10","Praveena","00:02:20"
"2026-08-31 16:32:16","1000 - Sinhala","0759535313","1","Agent","00:00:03","12","Harshika","00:02:05"
"2026-08-31 16:33:14","1000 - Sinhala","0112617816","1","Caller","00:00:03","10","Praveena","00:00:12"
"2026-08-31 16:36:09","1000 - Sinhala","0777851491","1","Agent","00:00:03","10","Praveena","00:02:03"
"2026-08-31 16:36:40","1000 - Sinhala","0765571162","1","Agent","00:00:02","10","Praveena","00:01:41"
"2026-08-31 17:03:21","1001 - Tamil","0758085110","1","Agent","00:00:03","10","Praveena","00:02:24"
"2026-08-31 17:08:56","1001 - Tamil","0725888965","1","Caller","00:00:03","10","Praveena","00:00:10"
"2026-08-31 17:09:59","1000 - Sinhala","0765681196","1","Caller","00:00:03","10","Praveena","00:02:24"
"2026-08-31 17:09:59","1001 - Tamil","0725888965","1","Caller","00:00:04","10","Praveena","00:00:37"
"2026-08-31 17:13:54","1001 - Tamil","0725888965","1","Caller","00:00:04","10","Praveena","00:03:25"
"2026-08-31 17:29:15","1000 - Sinhala","0759535313","1","Caller","00:00:04","10","Praveena","00:01:52"
"2026-09-01 09:46:14","1000 - Sinhala","0112617816","2","Agent","00:00:04","11","Oshadi","00:07:33"
"2026-09-01 09:49:07","1000 - Sinhala","0705126559","2","Caller","00:00:25","12","Harshika","00:02:44"
"2026-09-01 10:14:31","1000 - Sinhala","0715156314","1","Caller","00:00:03","10","Praveena","00:02:30"
"2026-09-01 10:19:06","1000 - Sinhala","0777327520","1","Agent","00:00:53","10","Praveena","00:02:08"
"2026-09-01 10:21:03","1001 - Tamil","0778181099","1","Agent","00:00:06","10","Praveena","00:00:56"
"2026-09-01 10:21:58","1000 - Sinhala","0789678047","1","Caller","00:00:08","10","Praveena","00:00:33"
"2026-09-01 10:23:32","1001 - Tamil","0778181099","1","Agent","00:00:03","12","Harshika","00:02:13"
"2026-09-01 10:25:26","1000 - Sinhala","0776000656","1","Caller","00:00:07","10","Praveena","00:00:12"
"2026-09-01 10:25:31","1000 - Sinhala","0789678047","1","Agent","00:00:11","10","Praveena","00:00:30"
"2026-09-01 10:29:44","1000 - Sinhala","0789678047","1","Caller","00:00:07","10","Praveena","00:03:55"
"2026-09-01 10:34:36","1000 - Sinhala","0719089590","1","Agent","00:00:06","10","Praveena","00:02:51"
"2026-09-01 10:40:15","1001 - Tamil","0778181099","1","Caller","00:00:05","10","Praveena","00:00:37"
"2026-09-01 10:40:55","1000 - Sinhala","0741246168","1","Agent","00:00:15","10","Praveena","00:02:13"
"2026-09-01 10:42:19","1001 - Tamil","0778181099","1","Caller","00:00:40","12","Harshika","00:01:16"
"2026-09-01 11:02:28","1000 - Sinhala","0758311632","1","Caller","00:00:04","10","Praveena","00:01:11"
"2026-09-01 11:56:50","1000 - Sinhala","0718643367","1","Agent","00:00:39","10","Praveena","00:05:28"
"2026-09-01 12:03:52","1000 - Sinhala","0763889902","1","Caller","00:02:04","10","Praveena","00:00:46"
"2026-09-01 12:06:27","1000 - Sinhala","0763889902","1","Agent","00:00:45","10","Praveena","00:01:43"
"2026-09-01 12:08:15","1001 - Tamil","0779992808","1","Caller","00:00:04","12","Harshika","00:01:57"
"2026-09-01 12:08:46","1000 - Sinhala","0778881599","1","Caller","00:00:22","10","Praveena","00:00:01"
"2026-09-01 12:09:27","1000 - Sinhala","0778881599","1","Caller","00:00:04","10","Praveena","00:00:23"
"2026-09-01 12:11:41","1000 - Sinhala","0782912093","1","Caller","00:00:14","10","Praveena","00:00:18"
"2026-09-01 12:13:00","1000 - Sinhala","0782912093","1","Caller","00:00:42","10","Praveena","00:00:17"
"2026-09-01 12:15:44","1000 - Sinhala","0782912093","1","Agent","00:00:10","10","Praveena","00:02:21"
"2026-09-01 12:36:27","1001 - Tamil","0769669080","1","Agent","00:00:04","12","Harshika","00:02:02"
"2026-09-01 12:36:33","1000 - Sinhala","0773359045","1","Caller","00:00:07","11","Oshadi","00:00:30"
"2026-09-01 12:49:02","1000 - Sinhala","0706304241","1","Agent","00:00:40","10","Praveena","00:02:38"
"2026-09-01 12:49:42","1001 - Tamil","0725888965","1","Agent","00:00:04","10","Praveena","00:00:07"
"2026-09-01 12:53:30","1001 - Tamil","0725888965","1","Agent","00:00:06","11","Oshadi","00:03:04"
"2026-09-01 12:55:01","1000 - Sinhala","0772928219","1","Caller","00:00:05","12","Harshika","00:00:46"
"2026-09-01 13:50:40","1000 - Sinhala","0711115213","1","Caller","00:00:05","10","Praveena","00:00:25"
"2026-09-01 13:51:35","1000 - Sinhala","0711115213","1","Caller","00:00:09","10","Praveena","00:00:33"
"2026-09-01 13:57:09","1000 - Sinhala","0711115213","1","Caller","00:00:19","10","Praveena","00:00:08"
"2026-09-01 14:04:31","1000 - Sinhala","0711115213","1","Caller","00:00:08","10","Praveena","00:05:34"
"2026-09-01 14:05:35","1000 - Sinhala","0717724216","2","Caller","00:01:15","10","Praveena","00:00:52"
"2026-09-01 14:05:40","1000 - Sinhala","0773863015","1","Caller","00:00:04","10","Praveena","00:00:39"
"2026-09-01 14:06:22","1000 - Sinhala","0742075597","1","Agent","00:00:12","11","Oshadi","00:02:47"
"2026-09-01 14:20:35","1000 - Sinhala","0711115213","1","Agent","00:00:06","10","Praveena","00:03:15"
"2026-09-01 14:37:01","1000 - Sinhala","0768353814","1","Caller","00:00:05","10","Praveena","00:01:30"
"2026-09-01 14:47:30","1001 - Tamil","0769669080","1","Agent","00:00:05","10","Praveena","00:04:02"
"2026-09-01 14:50:58","1001 - Tamil","0769669080","1","Agent","00:00:10","12","Harshika","00:00:31"
"2026-09-01 15:11:15","1001 - Tamil","0779992808","1","Caller","00:00:03","12","Harshika","00:03:23"
"2026-09-01 16:03:59","1000 - Sinhala","0777316134","1","Agent","00:00:16","10","Praveena","00:01:04"
"2026-09-01 16:22:37","1000 - Sinhala","0773402276","1","Caller","00:02:23","10","Praveena","00:03:01"
"2026-09-01 16:37:51","1000 - Sinhala","0763244740","1","Caller","00:00:14","10","Praveena","00:02:05"
"2026-09-01 16:53:46","1001 - Tamil","0760514711","1","Agent","00:00:05","12","Harshika","00:02:03"
"2026-09-01 16:58:21","1000 - Sinhala","0770025415","1","Caller","00:00:22","10","Praveena","00:02:27"
"2026-09-01 17:01:48","1000 - Sinhala","0771040449","1","Caller","00:00:20","10","Praveena","00:00:20"
"2026-09-02 09:01:30","1001 - Tamil","0763011759","1","Caller","00:00:03","10","Praveena","00:00:44"
"2026-09-02 09:06:29","1001 - Tamil","0763011759","1","Agent","00:00:03","10","Praveena","00:01:57"
"2026-09-02 09:38:59","1000 - Sinhala","0112617816","1","Caller","00:00:03","10","Praveena","00:06:34"
"2026-09-02 09:41:00","1001 - Tamil","0789743833","1","Agent","00:00:03","10","Praveena","00:00:17"
"2026-09-02 09:42:10","1001 - Tamil","0789743833","1","Caller","00:00:03","10","Praveena","00:00:36"
"2026-09-02 09:44:11","1001 - Tamil","0789743833","1","Agent","00:00:03","10","Praveena","00:01:23"
"2026-09-02 09:44:37","1000 - Sinhala","0759746828","1","Caller","00:01:09","10","Praveena","00:00:24"
"2026-09-02 09:47:06","1000 - Sinhala","0789678047","1","Caller","00:00:03","10","Praveena","00:01:37"
"2026-09-02 09:57:33","1000 - Sinhala","0772781146","1","Agent","00:00:03","10","Praveena","00:02:31"
"2026-09-02 10:12:20","1000 - Sinhala","0757889931","1","Caller","00:00:03","10","Praveena","00:03:49"
"2026-09-02 10:16:50","1000 - Sinhala","0774304331","1","Caller","00:00:03","10","Praveena","00:00:21"
"2026-09-02 10:21:44","1000 - Sinhala","0774304331","1","Caller","00:00:03","10","Praveena","00:04:39"
"2026-09-02 10:27:49","1001 - Tamil","0772006014","1","Caller","00:00:04","10","Praveena","00:02:47"
"2026-09-02 10:32:53","1000 - Sinhala","0742075597","1","Caller","00:00:03","10","Praveena","00:00:29"
"2026-09-02 10:39:10","1001 - Tamil","0712553782","1","Agent","00:00:03","10","Praveena","00:02:19"
"2026-09-02 11:01:08","1001 - Tamil","0769699492","1","Agent","00:00:03","10","Praveena","00:01:57"
"2026-09-02 11:01:55","1000 - Sinhala","0774304331","1","Caller","00:00:03","10","Praveena","00:02:14"
"2026-09-02 11:23:01","1000 - Sinhala","0789678047","1","Caller","00:00:03","10","Praveena","00:02:35"
"2026-09-02 11:25:41","1000 - Sinhala","0777707011","1","Caller","00:00:03","10","Praveena","00:00:24"
"2026-09-02 11:58:59","1000 - Sinhala","0758311632","1","Caller","00:00:03","10","Praveena","00:00:52"
"2026-09-02 12:01:23","1000 - Sinhala","0758311632","1","Agent","00:00:04","10","Praveena","00:02:06"
"2026-09-02 12:03:09","1000 - Sinhala","0768353814","1","Agent","00:00:03","10","Praveena","00:01:44"
"2026-09-02 12:25:18","1000 - Sinhala","0771992988","1","Agent","00:00:03","10","Praveena","00:01:41"
"2026-09-02 12:37:08","1000 - Sinhala","0752517324","1","Caller","00:00:03","10","Praveena","00:00:09"
"2026-09-02 12:39:24","1000 - Sinhala","0752517324","1","Caller","00:00:03","10","Praveena","00:01:57"
"2026-09-02 12:48:49","1000 - Sinhala","0772499578","1","Agent","00:00:03","10","Praveena","00:00:48"
"2026-09-02 13:02:19","1000 - Sinhala","0779481455","1","Agent","00:00:04","10","Praveena","00:02:14"
"2026-09-02 13:03:07","1000 - Sinhala","0770054908","1","Caller","00:00:03","10","Praveena","00:01:01"
"2026-09-02 13:06:56","1000 - Sinhala","0770054908","1","Agent","00:00:03","10","Praveena","00:03:27"
"2026-09-02 13:37:41","1001 - Tamil","0741304363","1","Caller","00:00:02","10","Praveena","00:01:17"
"2026-09-02 13:39:25","1001 - Tamil","0741304363","1","Caller","00:00:03","10","Praveena","00:01:19"
"2026-09-02 13:43:05","1001 - Tamil","0741304363","1","Caller","00:00:03","12","Harshika","00:03:06"
"2026-09-02 13:46:56","1000 - Sinhala","0758311632","1","Caller","00:00:03","10","Praveena","00:00:07"
"2026-09-02 13:48:15","1000 - Sinhala","0758311632","1","Caller","00:00:03","10","Praveena","00:01:02"
"2026-09-02 14:06:06","1000 - Sinhala","0789678047","1","Caller","00:00:03","10","Praveena","00:00:18"
"2026-09-02 14:08:24","1000 - Sinhala","0789678047","1","Caller","00:00:03","10","Praveena","00:01:47"
"2026-09-02 14:43:33","1000 - Sinhala","0706304241","1","Caller","00:00:03","10","Praveena","00:00:13"
"2026-09-02 14:45:25","1000 - Sinhala","0706304241","1","Caller","00:00:03","10","Praveena","00:01:28"
"2026-09-02 14:46:00","1000 - Sinhala","0779046079","1","Agent","00:00:42","10","Praveena","00:00:34"
"2026-09-02 15:08:51","1001 - Tamil","0758311632","1","Caller","00:00:07","12","Harshika","00:00:23"
"2026-09-02 15:11:38","1000 - Sinhala","0758311632","1","Agent","00:00:44","11","Oshadi","00:01:55"
"2026-09-02 15:55:52","1000 - Sinhala","0743312924","1","Agent","00:00:03","10","Praveena","00:02:50"
"2026-09-02 15:56:59","1000 - Sinhala","0763244740","1","Caller","00:00:03","10","Praveena","00:00:13"
"2026-09-02 15:58:46","1001 - Tamil","0763244740","1","Caller","00:00:03","10","Praveena","00:01:33"
"2026-09-02 16:04:42","1001 - Tamil","0760514711","1","Caller","00:00:04","10","Praveena","00:03:12"
"2026-09-02 16:16:17","1000 - Sinhala","0761562657","1","Agent","00:00:03","10","Praveena","00:01:12"
"2026-09-02 16:22:20","1000 - Sinhala","0788178146","1","Caller","00:00:03","10","Praveena","00:01:43"
"2026-09-02 16:32:28","1000 - Sinhala","0767818089","1","Caller","00:00:03","10","Praveena","00:00:34"
"2026-09-02 16:37:10","1000 - Sinhala","0767818089","1","Caller","00:00:03","10","Praveena","00:03:02"
"2026-09-02 16:48:08","1000 - Sinhala","0767818089","1","Caller","00:00:02","10","Praveena","00:00:32"
"2026-09-02 16:56:30","1000 - Sinhala","0767818089","1","Caller","00:00:03","10","Praveena","00:01:46"
"2026-09-02 16:59:19","1000 - Sinhala","0706229673","1","Caller","00:00:03","10","Praveena","00:01:33"
"2026-09-02 17:08:30","1000 - Sinhala","0762644274","1","Caller","00:00:03","10","Praveena","00:02:29"
"2026-09-02 17:08:32","1000 - Sinhala","0761562657","1","Caller","00:00:03","10","Praveena","00:00:52"
"2026-09-02 17:09:27","1000 - Sinhala","0767818089","1","Caller","00:00:03","10","Praveena","00:00:10"
"2026-09-02 17:10:34","1000 - Sinhala","0761562657","1","Agent","00:00:04","10","Praveena","00:01:44"
"2026-09-02 17:13:41","1000 - Sinhala","0767818089","1","Caller","00:00:02","10","Praveena","00:03:26"
"2026-09-02 17:17:28","1000 - Sinhala","0723282296","1","Caller","00:00:04","10","Praveena","00:01:04"
"2026-09-02 17:23:58","1000 - Sinhala","0767818089","1","Agent","00:00:03","10","Praveena","00:00:54"
"2026-09-02 17:44:46","1000 - Sinhala","0771040449","1","Agent","00:00:03","10","Praveena","00:00:25"
"2026-09-02 17:46:35","1000 - Sinhala","0771040449","1","Caller","00:00:04","10","Praveena","00:01:01"
"2026-09-03 09:23:38","1000 - Sinhala","0774400174","1","Agent","00:00:02","10","Praveena","00:04:18"
"2026-09-03 09:38:40","1001 - Tamil","0778181099","1","Caller","00:00:03","10","Praveena","00:03:26"
"2026-09-03 10:03:10","1000 - Sinhala","0772007759","1","Agent","00:00:04","10","Praveena","00:02:51"
"2026-09-03 10:16:16","1001 - Tamil","0751507973","1","Agent","00:00:03","10","Praveena","00:03:19"
"2026-09-03 10:25:38","1000 - Sinhala","0789678047","1","Caller","00:00:04","10","Praveena","00:02:46"
"2026-09-03 10:26:04","1000 - Sinhala","0789678047","1","Caller","00:00:03","10","Praveena","00:00:10"
"2026-09-03 10:26:19","1000 - Sinhala","0789678047","1","Caller","00:00:04","10","Praveena","00:00:05"
"2026-09-03 10:26:34","1000 - Sinhala","0789678047","1","Caller","00:00:03","10","Praveena","00:00:03"
"2026-09-03 10:26:52","1000 - Sinhala","0789678047","1","Caller","00:00:02","10","Praveena","00:00:03"
"2026-09-03 10:27:11","1000 - Sinhala","0789678047","1","Caller","00:00:02","10","Praveena","00:00:03"
"2026-09-03 10:28:56","1000 - Sinhala","0789678047","1","Caller","00:00:02","10","Praveena","00:01:31"
"2026-09-03 10:42:57","1000 - Sinhala","0775014934","1","Caller","00:00:03","10","Praveena","00:02:22"
"2026-09-03 11:07:57","1000 - Sinhala","0779481455","1","Agent","00:00:04","10","Praveena","00:01:26"
"2026-09-03 11:15:04","1000 - Sinhala","0789678047","1","Caller","00:00:03","10","Praveena","00:00:18"
"2026-09-03 11:16:55","1000 - Sinhala","0789678047","1","Agent","00:00:03","10","Praveena","00:01:32"
"2026-09-03 12:12:52","1000 - Sinhala","0743743311","1","Agent","00:00:03","10","Praveena","00:01:29"
"2026-09-03 12:17:55","1001 - Tamil","0760514711","1","Caller","00:00:03","10","Praveena","00:00:37"
"2026-09-03 12:34:31","1001 - Tamil","0725888965","1","Caller","00:00:04","10","Praveena","00:00:40"
"2026-09-03 12:38:26","1000 - Sinhala","0725888965","1","Agent","00:00:03","10","Praveena","00:03:35"
"2026-09-03 13:06:17","1000 - Sinhala","0763889902","1","Caller","00:00:03","10","Praveena","00:01:37"
"2026-09-03 13:33:36","1000 - Sinhala","0781105251","1","Agent","00:00:03","10","Praveena","00:02:44"
"2026-09-03 13:35:27","1000 - Sinhala","0764017248","1","Caller","00:00:04","10","Praveena","00:03:35"
"2026-09-03 13:36:21","1000 - Sinhala","0702483388","1","Caller","00:00:03","10","Praveena","00:00:32"
"2026-09-03 13:38:05","1000 - Sinhala","0702483388","1","Caller","00:00:03","10","Praveena","00:01:28"
"2026-09-03 14:07:17","1001 - Tamil","0712688813","1","Agent","00:00:04","10","Praveena","00:00:32"
"2026-09-03 14:08:51","1001 - Tamil","0712688813","1","Agent","00:00:03","10","Praveena","00:00:58"
"2026-09-03 14:10:38","1001 - Tamil","0712688813","1","Caller","00:00:03","10","Praveena","00:00:56"
"2026-09-03 14:16:35","1000 - Sinhala","0752517324","1","Caller","00:00:02","10","Praveena","00:01:33"
"2026-09-03 14:18:49","1000 - Sinhala","0752517324","1","Caller","00:00:03","10","Praveena","00:01:50"
"2026-09-03 14:25:45","1000 - Sinhala","0756645665","1","Caller","00:00:03","10","Praveena","00:00:19"
"2026-09-03 15:09:37","1000 - Sinhala","0767363773","1","Caller","00:00:04","10","Praveena","00:00:45"
"2026-09-03 15:11:57","1000 - Sinhala","0767363773","1","Caller","00:00:13","10","Praveena","00:01:56"
"2026-09-03 15:24:49","1000 - Sinhala","0713239586","1","Agent","00:00:09","10","Praveena","00:00:19"
"2026-09-03 15:25:58","1001 - Tamil","0767901052","1","Caller","00:00:08","10","Praveena","00:00:53"
"2026-09-03 15:27:17","1001 - Tamil","0767901052","1","Agent","00:00:05","12","Harshika","00:00:20"
"2026-09-03 15:28:22","1000 - Sinhala","0713239586","1","Caller","00:00:09","10","Praveena","00:03:03"
"2026-09-03 15:28:33","1000 - Sinhala","0789678047","1","Caller","00:00:41","10","Praveena","00:00:07"
"2026-09-03 15:30:31","1000 - Sinhala","0789678047","1","Caller","00:00:04","10","Praveena","00:01:30"
"2026-09-03 15:32:35","1000 - Sinhala","0789678047","1","Caller","00:00:04","10","Praveena","00:01:53"
"2026-09-03 15:53:20","1000 - Sinhala","0759746828","1","Caller","00:00:03","10","Praveena","00:01:21"
"2026-09-03 16:06:53","1001 - Tamil","0762890755","1","Caller","00:00:03","10","Praveena","00:00:28"
"2026-09-03 16:08:57","1001 - Tamil","0752938523","1","Caller","00:00:03","10","Praveena","00:03:44"
"2026-09-03 16:10:35","1001 - Tamil","0762890755","1","Caller","00:00:03","10","Praveena","00:02:57"
"2026-09-03 16:14:21","1000 - Sinhala","0762890755","1","Caller","00:00:02","10","Praveena","00:02:14"
"2026-09-03 16:45:26","1001 - Tamil","0762284487","1","Caller","00:00:03","10","Praveena","00:01:49"
"2026-09-03 16:47:34","1001 - Tamil","0760514711","1","Caller","00:00:02","10","Praveena","00:02:35"
"2026-09-03 17:24:18","1000 - Sinhala","0713239586","1","Agent","00:00:04","10","Praveena","00:01:49"
"2026-09-03 17:27:13","1000 - Sinhala","0776636688","1","Caller","00:00:03","10","Praveena","00:00:09"
"2026-09-03 17:29:00","1000 - Sinhala","0776636688","1","Caller","00:00:03","10","Praveena","00:00:13"
"2026-09-03 17:29:32","1000 - Sinhala","0776636688","1","Caller","00:00:04","10","Praveena","00:00:20"
"2026-09-03 17:30:16","1000 - Sinhala","0776636688","1","Agent","00:00:06","11","Oshadi","00:00:29"
"2026-09-03 17:46:05","1000 - Sinhala","0789678047","1","Caller","00:00:10","11","Oshadi","00:00:11"
"2026-09-03 17:46:47","1001 - Tamil","0777666859","1","Agent","00:00:03","10","Praveena","00:02:10"
"2026-09-03 17:49:54","1000 - Sinhala","0789678047","1","Caller","00:00:43","10","Praveena","00:00:21"
"2026-09-03 17:51:39","1000 - Sinhala","0789678047","1","Caller","00:00:12","10","Praveena","00:01:13"
"2026-09-03 17:58:40","1000 - Sinhala","0789678047","1","Caller","00:00:04","10","Praveena","00:00:09"
"2026-09-03 17:59:14","1000 - Sinhala","0789678047","1","Caller","00:00:10","11","Oshadi","00:00:17"
"2026-09-03 17:59:33","1000 - Sinhala","0789678047","1","Caller","00:00:05","11","Oshadi","00:00:09"
"2026-09-04 09:57:18","1000 - Sinhala","0723282296","1","Caller","00:00:03","10","Praveena","00:01:15"
"2026-09-04 09:59:19","1000 - Sinhala","0775014934","1","Caller","00:00:03","10","Praveena","00:02:02"
"2026-09-04 10:04:20","1000 - Sinhala","0775014934","1","Caller","00:00:03","10","Praveena","00:00:35"
"2026-09-04 10:22:17","1000 - Sinhala","0773588222","1","Agent","00:00:03","10","Praveena","00:01:57"
"2026-09-04 10:27:25","1001 - Tamil","0778181099","1","Caller","00:00:04","11","Oshadi","00:00:26"
"2026-09-04 10:31:05","1001 - Tamil","0778181099","1","Caller","00:00:02","11","Oshadi","00:00:52"
"2026-09-04 10:37:34","1001 - Tamil","0725888965","1","Agent","00:00:03","11","Oshadi","00:01:19"
"2026-09-04 10:50:11","1000 - Sinhala","0789436566","1","Caller","00:00:04","10","Praveena","00:01:53"
"2026-09-04 10:54:29","1001 - Tamil","0784557552","1","Agent","00:00:03","10","Praveena","00:00:52"
"2026-09-04 10:54:39","1001 - Tamil","0778181099","1","Caller","00:00:03","10","Praveena","00:02:36"
"2026-09-04 10:55:09","1000 - Sinhala","0789436566","1","Agent","00:00:03","10","Praveena","00:01:10"
"2026-09-04 11:05:54","1000 - Sinhala","0768353814","1","Agent","00:00:07","12","Harshika","00:01:13"
"2026-09-04 11:08:38","1001 - Tamil","0760514711","1","Agent","00:00:03","10","Praveena","00:04:01"
"2026-09-04 11:12:55","1000 - Sinhala","0788178146","1","Caller","00:00:03","10","Praveena","00:00:17"
"2026-09-04 11:14:01","1000 - Sinhala","0788178146","1","Caller","00:00:03","10","Praveena","00:00:43"
"2026-09-04 11:16:29","1001 - Tamil","0788178146","1","Caller","00:00:04","12","Harshika","00:02:01"
"2026-09-04 11:25:47","1001 - Tamil","0762824199","1","Caller","00:00:04","10","Praveena","00:01:58"
"2026-09-04 11:29:09","1000 - Sinhala","0768353814","1","Caller","00:00:04","10","Praveena","00:00:48"
"2026-09-04 11:42:42","1001 - Tamil","0766886391","1","Agent","00:00:03","10","Praveena","00:02:31"
"2026-09-04 11:49:48","1001 - Tamil","0788178146","1","Caller","00:00:03","10","Praveena","00:00:41"
"2026-09-04 11:53:33","1001 - Tamil","0788178146","1","Agent","00:00:04","10","Praveena","00:02:50"
"2026-09-04 11:56:08","1000 - Sinhala","0758819977","1","Caller","00:00:03","10","Praveena","00:02:31"
"2026-09-04 12:02:04","1001 - Tamil","0774477040","1","Agent","00:00:03","12","Harshika","00:01:40"
"2026-09-04 13:41:41","1001 - Tamil","0705248238","1","Agent","00:00:04","12","Harshika","00:02:35"
"2026-09-04 14:27:11","1000 - Sinhala","0768353814","1","Caller","00:00:04","10","Praveena","00:03:09"
"2026-09-04 14:56:24","1001 - Tamil","0774400008","1","Caller","00:00:05","11","Oshadi","00:02:20"
"2026-09-04 15:28:31","1000 - Sinhala","0772781146","1","Agent","00:01:12","10","Praveena","00:03:17"
"2026-09-04 15:34:49","1001 - Tamil","0771256625","1","Caller","00:00:03","10","Praveena","00:00:46"
"2026-09-04 15:36:01","1001 - Tamil","0771256625","1","Caller","00:00:03","10","Praveena","00:00:50"
"2026-09-04 15:38:16","1000 - Sinhala","0771256625","1","Agent","00:00:04","10","Praveena","00:01:36"
"2026-09-04 15:41:29","1001 - Tamil","0772781146","1","Agent","00:00:03","10","Praveena","00:01:34"
"2026-09-04 15:49:05","1000 - Sinhala","0750496737","1","Caller","00:00:04","10","Praveena","00:01:56"
"2026-09-04 16:07:04","1001 - Tamil","0769034305","1","Caller","00:00:03","10","Praveena","00:00:29"
"2026-09-04 16:22:37","1001 - Tamil","0769034305","1","Agent","00:00:03","12","Harshika","00:02:30"
"2026-09-04 16:29:29","1000 - Sinhala","0716662265","1","Caller","00:00:04","10","Praveena","00:01:29"
"2026-09-04 16:36:20","1001 - Tamil","0764249226","1","Caller","00:00:03","10","Praveena","00:00:23"
"2026-09-04 16:54:25","1000 - Sinhala","0742572452","1","Agent","00:00:03","10","Praveena","00:03:54"
"2026-09-04 16:56:33","1000 - Sinhala","0714272766","1","Caller","00:00:03","10","Praveena","00:03:26"
"2026-09-05 09:58:00","1001 - Tamil","0773787237","1","Agent","00:00:02","10","Praveena","00:01:43"
"2026-09-05 09:58:12","1000 - Sinhala","0710215607","1","Caller","00:00:02","10","Praveena","00:00:59"
"2026-09-05 10:23:49","1000 - Sinhala","0775014934","1","Caller","00:00:03","10","Praveena","00:00:10"
"2026-09-05 10:30:59","1000 - Sinhala","0768353814","1","Caller","00:00:03","10","Praveena","00:00:45"
"2026-09-05 10:31:53","1000 - Sinhala","0775014934","1","Caller","00:00:03","10","Praveena","00:00:06"
"2026-09-05 10:33:23","1000 - Sinhala","0718447814","1","Caller","00:00:03","10","Praveena","00:00:33"
"2026-09-05 10:44:01","1000 - Sinhala","0775014934","1","Caller","00:00:03","10","Praveena","00:03:22"
"2026-09-05 10:45:46","1001 - Tamil","0715608062","1","Caller","00:00:03","10","Praveena","00:00:03"
"2026-09-05 10:46:53","1001 - Tamil","0715608062","1","Caller","00:00:03","10","Praveena","00:00:50"
"2026-09-05 10:54:12","1001 - Tamil","0760514711","1","Caller","00:00:03","10","Praveena","00:03:45"
"2026-09-05 11:00:46","1001 - Tamil","0715608062","1","Agent","00:00:03","10","Praveena","00:02:54"
"2026-09-05 11:13:18","1000 - Sinhala","0773588222","1","Caller","00:00:03","10","Praveena","00:00:15"
"2026-09-05 11:15:52","1000 - Sinhala","0773588222","1","Agent","00:00:03","10","Praveena","00:02:08"
"2026-09-05 11:19:24","1000 - Sinhala","0776024566","1","Agent","00:00:03","10","Praveena","00:03:16"
"2026-09-05 11:51:04","1000 - Sinhala","0763244740","1","Caller","00:00:03","10","Praveena","00:01:54"
"2026-09-05 12:40:05","1000 - Sinhala","0775014934","1","Caller","00:00:03","10","Praveena","00:02:05"
"2026-09-05 12:55:47","1001 - Tamil","0769699492","1","Caller","00:00:03","10","Praveena","00:01:11"
"2026-09-05 13:07:36","1000 - Sinhala","0773588222","1","Agent","00:00:04","10","Praveena","00:03:05"
"2026-09-05 13:16:11","1000 - Sinhala","0765659058","1","Agent","00:00:03","10","Praveena","00:01:57"
"2026-09-05 13:18:07","1000 - Sinhala","0752517324","1","Agent","00:00:03","10","Praveena","00:01:35"
"2026-09-05 13:21:36","1001 - Tamil","0774400008","1","Caller","00:00:04","12","Harshika","00:01:11"
"2026-09-05 13:22:30","1000 - Sinhala","0752517324","1","Caller","00:00:03","10","Praveena","00:03:08"
"2026-09-05 13:53:39","1001 - Tamil","0750321010","1","Caller","00:00:02","10","Praveena","00:00:58"
"2026-09-05 14:06:27","1001 - Tamil","0725888965","1","Caller","00:00:04","10","Praveena","00:00:25"
"2026-09-05 14:08:38","1000 - Sinhala","0725888965","1","Agent","00:00:03","10","Praveena","00:01:51"
"2026-09-05 14:28:01","1001 - Tamil","0755839922","1","Agent","00:00:03","10","Praveena","00:01:20"
"2026-09-05 15:24:11","1001 - Tamil","0762890755","1","Agent","00:00:03","10","Praveena","00:00:12"
"2026-09-05 15:29:26","1000 - Sinhala","0762890755","1","Caller","00:00:38","10","Praveena","00:04:04"
"2026-09-05 15:34:42","1001 - Tamil","0729123404","1","Caller","00:00:03","12","Harshika","00:01:44"
"2026-09-05 15:39:07","1001 - Tamil","0774477040","1","Agent","00:00:03","10","Praveena","00:01:33"
"2026-09-05 15:39:17","1001 - Tamil","0729123404","1","Caller","00:00:02","10","Praveena","00:00:48"
"2026-09-05 15:41:02","1000 - Sinhala","0729123404","1","Caller","00:00:03","10","Praveena","00:01:27"
"2026-09-05 17:03:30","1001 - Tamil","0778181099","1","Caller","00:00:03","10","Praveena","00:00:24"
"2026-09-05 17:04:29","1001 - Tamil","0778181099","1","Caller","00:00:03","10","Praveena","00:00:46"
"2026-09-07 09:10:25","1000 - Sinhala","0723732426","1","Caller","00:00:04","10","Praveena","00:02:29"
"2026-09-07 09:12:19","1000 - Sinhala","0112617816","1","Agent","00:00:03","10","Praveena","00:01:16"
"2026-09-07 09:14:00","1000 - Sinhala","0112617816","1","Caller","00:00:03","10","Praveena","00:00:54"
"2026-09-07 09:16:35","1000 - Sinhala","0112617816","1","Caller","00:00:04","10","Praveena","00:01:28"
"2026-09-07 10:14:40","1000 - Sinhala","0772781146","1","Agent","00:00:04","10","Praveena","00:02:02"
"2026-09-07 10:21:03","1000 - Sinhala","0762824199","1","Caller","00:00:03","10","Praveena","00:01:24"
"2026-09-07 10:41:59","1000 - Sinhala","0757889931","1","Agent","00:00:04","10","Praveena","00:01:30"
"2026-09-07 10:48:58","1000 - Sinhala","0715356441","1","Caller","00:00:03","10","Praveena","00:01:02"
"2026-09-07 11:09:24","1000 - Sinhala","0761562657","1","Caller","00:00:03","10","Praveena","00:00:25"
"2026-09-07 11:26:55","1000 - Sinhala","0702483388","1","Caller","00:00:04","10","Praveena","00:01:51"
"2026-09-07 11:43:13","1001 - Tamil","0769979584","1","Caller","00:00:03","10","Praveena","00:02:49"
"2026-09-07 12:14:18","1000 - Sinhala","0778295059","1","Caller","00:00:03","10","Praveena","00:02:49"
"2026-09-07 12:25:57","1001 - Tamil","0741710611","1","Caller","00:00:04","12","Harshika","00:01:36"
"2026-09-07 12:43:28","1000 - Sinhala","0769659434","1","Agent","00:00:04","10","Praveena","00:03:22"
"2026-09-07 13:06:40","1000 - Sinhala","0769659434","1","Agent","00:00:03","10","Praveena","00:03:15"
"2026-09-07 13:10:13","1000 - Sinhala","0774400008","1","Caller","00:00:03","10","Praveena","00:00:12"
"2026-09-07 13:11:14","1000 - Sinhala","0774400008","1","Caller","00:00:03","10","Praveena","00:00:35"
"2026-09-07 13:13:57","1001 - Tamil","0774400008","1","Agent","00:00:04","10","Praveena","00:02:09"
"2026-09-07 13:18:20","1001 - Tamil","0788178146","1","Agent","00:00:04","10","Praveena","00:02:24"
"2026-09-07 13:21:21","1001 - Tamil","0784557552","1","Caller","00:00:03","10","Praveena","00:01:37"
"2026-09-07 13:25:08","1000 - Sinhala","0784557552","1","Agent","00:00:03","10","Praveena","00:03:16"
"2026-09-07 13:58:18","1001 - Tamil","0788178146","1","Agent","00:00:03","10","Praveena","00:01:43"
"2026-09-07 14:02:51","1001 - Tamil","0770642011","1","Caller","00:00:04","10","Praveena","00:00:32"
"2026-09-07 14:06:13","1000 - Sinhala","0770642011","1","Agent","00:00:03","10","Praveena","00:03:05"
"2026-09-07 14:06:49","1001 - Tamil","0755662475","1","Caller","00:00:02","10","Praveena","00:00:30"
"2026-09-07 14:08:38","1001 - Tamil","0755662475","1","Caller","00:00:02","10","Praveena","00:01:30"
"2026-09-07 14:18:43","1000 - Sinhala","0763598465","1","Agent","00:00:02","10","Praveena","00:01:00"
"2026-09-07 14:28:23","1001 - Tamil","0774477040","1","Agent","00:00:03","10","Praveena","00:01:48"
"2026-09-07 15:38:16","1001 - Tamil","0755662475","1","Caller","00:00:04","10","Praveena","00:01:50"
"2026-09-07 15:40:09","1001 - Tamil","0778181099","1","Caller","00:00:03","10","Praveena","00:00:11"
"2026-09-07 15:40:14","1001 - Tamil","0760632811","1","Caller","00:00:02","10","Praveena","00:00:03"
"2026-09-07 15:40:51","1001 - Tamil","0751576354","1","Caller","00:00:03","10","Praveena","00:02:36"
"2026-09-07 15:41:02","1001 - Tamil","0778181099","1","Agent","00:00:02","10","Praveena","00:00:43"
"2026-09-07 15:42:35","1001 - Tamil","0760632811","1","Caller","00:00:03","10","Praveena","00:01:19"
"2026-09-07 15:44:40","1001 - Tamil","0772214910","1","Caller","00:00:04","10","Praveena","00:00:36"
"2026-09-07 15:45:49","1001 - Tamil","0772214910","1","Caller","00:00:03","10","Praveena","00:00:36"
"2026-09-07 15:45:54","1001 - Tamil","0760632811","1","Caller","00:00:03","10","Praveena","00:01:13"
"2026-09-07 15:48:46","1000 - Sinhala","0770784623","1","Caller","00:00:03","10","Praveena","00:00:23"
"2026-09-07 15:57:48","1001 - Tamil","0772057019","1","Agent","00:00:03","10","Praveena","00:01:25"
"2026-09-07 16:00:38","1001 - Tamil","0704306861","1","Agent","00:00:04","10","Praveena","00:01:20"
"2026-09-07 16:07:42","1000 - Sinhala","0779630928","1","Caller","00:00:04","10","Praveena","00:00:51"
"2026-09-07 16:15:19","1000 - Sinhala","0779630928","1","Caller","00:00:04","10","Praveena","00:00:34"
"2026-09-07 16:18:10","1001 - Tamil","0751576354","1","Caller","00:00:03","10","Praveena","00:02:59"
"2026-09-07 16:25:13","1001 - Tamil","0741710611","1","Agent","00:00:04","10","Praveena","00:02:01"
"2026-09-07 16:49:46","1000 - Sinhala","0778000050","1","Caller","00:00:03","10","Praveena","00:00:21"
"2026-09-07 16:51:49","1001 - Tamil","0778000050","1","Caller","00:00:03","10","Praveena","00:00:22"
"2026-09-07 17:17:57","1000 - Sinhala","0702483388","1","Caller","00:00:03","10","Praveena","00:01:32"
"2026-09-07 17:41:02","1001 - Tamil","0774400008","1","Agent","00:00:04","12","Harshika","00:01:00"
"2026-09-07 17:43:24","1001 - Tamil","0774400008","1","Agent","00:00:03","10","Praveena","00:01:45"
"2026-09-08 09:14:44","1000 - Sinhala","0723173780","1","Caller","00:00:04","10","Praveena","00:00:20"
"2026-09-08 09:15:12","1000 - Sinhala","0723173780","1","Caller","00:00:04","10","Praveena","00:00:17"
"2026-09-08 09:16:57","1000 - Sinhala","0723173780","1","Caller","00:00:04","10","Praveena","00:01:29"
"2026-09-08 09:22:30","1001 - Tamil","0751576354","1","Agent","00:00:03","10","Praveena","00:03:41"
"2026-09-08 09:53:08","1001 - Tamil","0772214910","1","Caller","00:00:03","10","Praveena","00:00:20"
"2026-09-08 09:54:20","1001 - Tamil","0743441406","1","Caller","00:00:04","12","Harshika","00:01:19"
"2026-09-08 09:54:23","1000 - Sinhala","0772214910","1","Caller","00:00:03","10","Praveena","00:00:47"
"2026-09-08 09:57:31","1000 - Sinhala","0772214910","1","Caller","00:00:03","10","Praveena","00:00:15"
"2026-09-08 10:24:46","1000 - Sinhala","0774304331","1","Caller","00:00:04","10","Praveena","00:02:56"
"2026-09-08 10:46:41","1001 - Tamil","0775065723","1","Caller","00:00:03","12","Harshika","00:01:27"
"2026-09-08 11:01:26","1000 - Sinhala","0786202120","1","Caller","00:00:03","10","Praveena","00:00:26"
"2026-09-08 11:04:56","1000 - Sinhala","0716901038","1","Caller","00:00:03","10","Praveena","00:02:01"
"2026-09-08 11:19:07","1001 - Tamil","0704052239","1","Caller","00:00:04","10","Praveena","00:00:34"
"2026-09-08 11:20:01","1001 - Tamil","0704052239","1","Caller","00:00:03","10","Praveena","00:00:28"
"2026-09-08 11:22:33","1001 - Tamil","0788178146","1","Caller","00:00:04","10","Praveena","00:00:25"
"2026-09-08 11:23:41","1000 - Sinhala","0788178146","1","Caller","00:00:03","10","Praveena","00:00:53"
"2026-09-08 11:24:43","1001 - Tamil","0704052239","1","Caller","00:00:03","10","Praveena","00:00:44"
"2026-09-08 11:26:27","1000 - Sinhala","0773588222","1","Agent","00:00:04","10","Praveena","00:01:40"
"2026-09-08 11:36:35","1000 - Sinhala","0716901038","1","Agent","00:00:03","10","Praveena","00:02:54"
"2026-09-08 11:46:45","1001 - Tamil","0788178146","1","Agent","00:00:04","10","Praveena","00:03:03"
"2026-09-08 12:03:10","1001 - Tamil","0760632811","1","Caller","00:00:03","10","Praveena","00:00:54"
"2026-09-08 12:28:37","1000 - Sinhala","0772518834","1","Caller","00:00:04","10","Praveena","00:00:34"
"2026-09-08 12:30:39","1000 - Sinhala","0772518834","1","Caller","00:00:04","10","Praveena","00:01:41"
"2026-09-08 12:45:16","1000 - Sinhala","0775970025","1","Agent","00:00:04","10","Praveena","00:01:33"
"2026-09-08 12:46:36","1000 - Sinhala","0775970025","1","Caller","00:00:04","10","Praveena","00:00:54"
"2026-09-08 12:47:20","1000 - Sinhala","0775970025","1","Caller","00:00:04","10","Praveena","00:00:21"
"2026-09-08 12:50:01","1000 - Sinhala","0775970025","1","Agent","00:00:03","10","Praveena","00:02:27"
"2026-09-08 14:11:08","1001 - Tamil","0767035664","1","Caller","00:00:03","10","Praveena","00:01:49"
"2026-09-08 16:25:32","1001 - Tamil","0760514711","1","Caller","00:00:04","10","Praveena","00:03:32"
"2026-09-08 16:46:00","1000 - Sinhala","0716726625","1","Caller","00:00:04","10","Praveena","00:00:18"
"2026-09-08 17:36:15","1001 - Tamil","0729123404","1","Caller","00:00:03","10","Praveena","00:02:48"
"2026-09-08 17:40:09","1001 - Tamil","0767255219","1","Caller","00:00:04","10","Praveena","00:01:04"
"2026-09-08 17:41:04","1001 - Tamil","0767255219","1","Caller","00:00:04","10","Praveena","00:00:23"
"2026-09-08 17:47:08","1001 - Tamil","0774477040","1","Agent","00:00:02","10","Praveena","00:01:53"
"2026-09-09 09:18:39","1000 - Sinhala","0272055982","1","Agent","00:00:02","10","Praveena","00:02:48"
"2026-09-09 09:26:20","1000 - Sinhala","0765437994","1","Agent","00:00:01","10","Praveena","00:01:05"
"2026-09-09 09:33:16","1000 - Sinhala","0702483388","1","Caller","00:00:03","10","Praveena","00:02:20"
"2026-09-09 09:51:28","1000 - Sinhala","0742324584","1","Caller","00:00:06","11","Oshadi","00:00:07"
"2026-09-09 09:53:18","1000 - Sinhala","0742324584","1","Caller","00:00:03","10","Praveena","00:01:34"
"2026-09-09 10:02:36","1000 - Sinhala","0778281319","1","Agent","00:00:02","10","Praveena","00:02:20"
"2026-09-09 10:13:43","1000 - Sinhala","0762644274","1","Caller","00:00:03","10","Praveena","00:02:24"
"2026-09-09 10:25:22","1001 - Tamil","0774477040","1","Agent","00:00:11","11","Oshadi","00:01:23"
"2026-09-09 10:29:03","1000 - Sinhala","0272055982","1","Caller","00:01:13","10","Praveena","00:00:26"
"2026-09-09 10:33:19","1000 - Sinhala","0272055982","2","Agent","00:00:28","11","Oshadi","00:03:28"
"2026-09-09 10:46:24","1000 - Sinhala","0713219045","1","Caller","00:00:02","10","Praveena","00:02:54"
"2026-09-09 11:11:38","1000 - Sinhala","0713219045","2","Caller","00:00:04","12","Harshika","00:03:38"
"2026-09-09 11:19:53","1001 - Tamil","0757512561","1","Caller","00:00:03","12","Harshika","00:01:50"
"2026-09-09 11:32:14","1001 - Tamil","0777534250","1","Caller","00:00:10","11","Oshadi","00:02:07"
"2026-09-09 11:42:02","1001 - Tamil","0766480872","1","Caller","00:00:08","11","Oshadi","00:01:58"
"2026-09-09 11:42:48","1001 - Tamil","0775065723","1","Caller","00:00:09","10","Praveena","00:00:47"
"2026-09-09 11:44:51","1001 - Tamil","0775065723","1","Caller","00:00:03","10","Praveena","00:00:57"
"2026-09-09 12:01:43","1001 - Tamil","0756645553","1","Agent","00:00:03","10","Praveena","00:05:14"
"2026-09-09 12:07:16","1000 - Sinhala","0772518834","1","Caller","00:00:03","10","Praveena","00:00:28"
"2026-09-09 12:07:33","1000 - Sinhala","0768736541","1","Caller","00:00:02","10","Praveena","00:00:37"
"2026-09-09 12:10:49","1000 - Sinhala","0772518834","1","Caller","00:01:12","10","Praveena","00:01:58"
"2026-09-09 12:35:00","1001 - Tamil","0758085110","1","Agent","00:00:03","10","Praveena","00:02:03"
"2026-09-09 12:45:16","1001 - Tamil","0759070295","1","Agent","00:00:03","10","Praveena","00:01:57"
"2026-09-09 13:37:31","1000 - Sinhala","0758885898","1","Agent","00:00:05","10","Praveena","00:02:10"
"2026-09-09 13:44:39","1000 - Sinhala","0742324584","1","Caller","00:00:04","10","Praveena","00:01:28"
"2026-09-09 13:48:07","1000 - Sinhala","0742324584","1","Caller","00:00:07","10","Praveena","00:02:32"
"2026-09-09 15:41:07","1001 - Tamil","0740548072","1","Caller","00:00:05","10","Praveena","00:01:18"
"2026-09-09 15:49:59","1001 - Tamil","0740548072","1","Agent","00:00:02","10","Praveena","00:02:15"
"2026-09-09 16:50:12","1001 - Tamil","0774477040","1","Agent","00:00:03","10","Praveena","00:03:22"
"2026-09-09 17:27:06","1000 - Sinhala","0757884050","1","Caller","00:00:03","10","Praveena","00:02:01"
"2026-09-09 17:36:32","1001 - Tamil","0740548072","1","Agent","00:00:04","10","Praveena","00:01:39"
"2026-09-10 09:24:15","1001 - Tamil","0741710611","1","Agent","00:00:03","10","Praveena","00:01:39"
"2026-09-10 10:13:51","1000 - Sinhala","0772214910","1","Caller","00:00:03","10","Praveena","00:02:53"
"2026-09-10 10:36:13","1001 - Tamil","0729123404","1","Caller","00:00:04","10","Praveena","00:00:27"
"2026-09-10 10:38:01","1001 - Tamil","0729123404","1","Agent","00:00:03","10","Praveena","00:01:29"
"2026-09-10 10:49:52","1000 - Sinhala","0758819977","1","Caller","00:00:05","10","Praveena","00:01:22"
"2026-09-10 11:05:26","1001 - Tamil","0774477040","1","Agent","00:00:04","12","Harshika","00:00:38"
"2026-09-10 11:31:51","1000 - Sinhala","0770136543","1","Caller","00:00:03","10","Praveena","00:00:11"
"2026-09-10 11:32:00","1001 - Tamil","0774477040","1","Caller","00:00:03","10","Praveena","00:00:44"
"2026-09-10 11:37:15","1001 - Tamil","0729123404","1","Caller","00:00:03","10","Praveena","00:00:12"
"2026-09-10 11:39:01","1001 - Tamil","0729123404","1","Agent","00:00:03","10","Praveena","00:01:33"
"2026-09-10 12:49:25","1000 - Sinhala","0771728432","1","Agent","00:00:04","10","Praveena","00:02:03"
"2026-09-10 13:15:58","1001 - Tamil","0717477850","1","Caller","00:00:03","10","Praveena","00:01:26"
"2026-09-10 13:21:49","1001 - Tamil","0717477850","1","Caller","00:00:03","10","Praveena","00:00:09"
"2026-09-10 13:22:55","1001 - Tamil","0717477850","1","Caller","00:00:03","10","Praveena","00:00:32"
"2026-09-10 13:23:33","1001 - Tamil","0768411891","1","Caller","00:00:03","10","Praveena","00:00:40"
"2026-09-10 13:25:33","1001 - Tamil","0717477850","1","Caller","00:00:09","10","Praveena","00:01:58"
"2026-09-10 14:24:51","1000 - Sinhala","0764017248","1","Caller","00:00:04","10","Praveena","00:02:54"
"2026-09-10 14:38:08","1001 - Tamil","0752937280","1","Agent","00:00:03","10","Praveena","00:02:14"
"2026-09-10 14:55:39","1001 - Tamil","0774477040","1","Agent","00:00:06","10","Praveena","00:02:00"
"2026-09-10 15:45:02","1000 - Sinhala","0759428913","1","Caller","00:00:03","10","Praveena","00:02:04"
"2026-09-10 15:53:29","1001 - Tamil","0763256518","1","Agent","00:00:03","10","Praveena","00:00:52"
"2026-09-10 15:56:37","1001 - Tamil","0763256518","1","Caller","00:00:02","10","Praveena","00:02:18"
"2026-09-10 16:17:47","1000 - Sinhala","0784557552","1","Agent","00:00:03","10","Praveena","00:02:11"
"2026-09-10 16:45:18","1001 - Tamil","0759405501","1","Caller","00:00:04","10","Praveena","00:00:10"
"2026-09-10 17:00:36","1000 - Sinhala","0773419358","1","Caller","00:00:03","10","Praveena","00:00:16"
"2026-09-10 17:51:33","1001 - Tamil","0729123404","1","Agent","00:00:04","10","Praveena","00:02:52"
"2026-09-11 09:25:33","1001 - Tamil","0783063543","1","Caller","00:00:03","12","Harshika","00:01:39"
"2026-09-11 09:38:41","1000 - Sinhala","0772214910","1","Agent","00:00:03","10","Praveena","00:01:37"
"2026-09-11 09:45:17","1000 - Sinhala","0763889902","1","Caller","00:00:03","10","Praveena","00:00:42"
"2026-09-11 09:48:22","1000 - Sinhala","0763889902","1","Caller","00:00:04","10","Praveena","00:02:47"
"2026-09-11 10:19:36","1001 - Tamil","0769699492","1","Agent","00:00:03","10","Praveena","00:01:46"
"2026-09-11 11:26:55","1001 - Tamil","0785045419","1","Caller","00:00:04","12","Harshika","00:01:43"
"2026-09-11 12:12:51","1001 - Tamil","0756645553","1","Agent","00:00:04","10","Praveena","00:01:46"
"2026-09-11 12:15:02","1001 - Tamil","0756645553","1","Agent","00:00:03","10","Praveena","00:01:47"
"2026-09-11 13:13:15","1001 - Tamil","0729123404","1","Agent","00:00:03","10","Praveena","00:02:22"
"2026-09-11 14:07:44","1001 - Tamil","0701735522","1","Caller","00:00:04","10","Praveena","00:00:39"
"2026-09-11 14:08:56","1001 - Tamil","0701735522","1","Agent","00:00:04","10","Praveena","00:00:45"
"2026-09-11 14:18:21","1000 - Sinhala","0773419358","1","Agent","00:00:03","10","Praveena","00:00:58"
"2026-09-11 14:29:48","1001 - Tamil","0774477040","1","Agent","00:00:04","10","Praveena","00:02:17"
"2026-09-11 14:55:18","1000 - Sinhala","0758311632","1","Caller","00:00:02","10","Praveena","00:00:12"
"2026-09-11 15:00:41","1001 - Tamil","0758311632","1","Agent","00:00:10","11","Oshadi","00:01:43"
"2026-09-11 15:12:37","1001 - Tamil","0763310115","1","Agent","00:00:09","11","Oshadi","00:02:32"
"2026-09-11 15:45:51","1000 - Sinhala","0776877330","1","Agent","00:00:04","10","Praveena","00:02:20"
"2026-09-11 15:55:58","1000 - Sinhala","0765659058","1","Agent","00:00:04","10","Praveena","00:00:18"
"2026-09-11 15:59:32","1000 - Sinhala","0765659058","1","Caller","00:00:03","10","Praveena","00:03:20"
"2026-09-12 09:06:12","1001 - Tamil","0729123404","1","Caller","00:00:04","10","Praveena","00:00:17"
"2026-09-12 09:06:39","1001 - Tamil","0729123404","1","Caller","00:00:03","10","Praveena","00:00:12"
"2026-09-12 09:08:40","1001 - Tamil","0729123404","1","Caller","00:00:03","10","Praveena","00:01:42"
"2026-09-12 09:48:24","1001 - Tamil","0774477040","1","Agent","00:00:04","10","Praveena","00:02:10"
"2026-09-12 09:53:01","1000 - Sinhala","0750758667","1","Caller","00:00:03","10","Praveena","00:02:46"
"2026-09-12 10:40:17","1000 - Sinhala","0726280078","1","Agent","00:00:03","10","Praveena","00:02:25"
"2026-09-12 10:44:42","1001 - Tamil","0770695712","1","Agent","00:00:03","10","Praveena","00:02:57"
"2026-09-12 10:45:31","1001 - Tamil","0726280078","1","Agent","00:00:03","10","Praveena","00:01:12"
"2026-09-12 10:48:18","1001 - Tamil","0726280078","1","Caller","00:00:03","10","Praveena","00:00:22"
"2026-09-12 10:56:51","1001 - Tamil","0741723684","1","Caller","00:00:03","10","Praveena","00:03:11"
"2026-09-12 11:02:47","1001 - Tamil","0741723684","1","Caller","00:00:04","12","Harshika","00:02:15"
"2026-09-12 11:02:58","1001 - Tamil","0726280078","1","Agent","00:00:03","10","Praveena","00:00:22"
"2026-09-12 11:05:14","1001 - Tamil","0726280078","1","Caller","00:00:04","10","Praveena","00:01:14"
"2026-09-12 11:09:10","1001 - Tamil","0771153310","1","Caller","00:00:03","10","Praveena","00:00:37"
"2026-09-12 11:14:15","1001 - Tamil","0726280078","1","Caller","00:00:03","10","Praveena","00:01:51"
"2026-09-12 11:16:30","1001 - Tamil","0726280078","1","Caller","00:00:03","10","Praveena","00:00:08"
"2026-09-12 11:19:44","1001 - Tamil","0726280078","1","Caller","00:00:03","10","Praveena","00:01:33"
"2026-09-12 11:41:07","1001 - Tamil","0762824199","1","Agent","00:00:03","10","Praveena","00:01:27"
"2026-09-12 12:08:08","1001 - Tamil","0756645553","1","Agent","00:00:04","10","Praveena","00:02:10"
"2026-09-12 12:19:13","1001 - Tamil","0756645553","1","Agent","00:00:03","10","Praveena","00:03:18"
"2026-09-12 14:44:54","1000 - Sinhala","0762061139","1","Agent","00:00:05","10","Praveena","00:02:46"
"2026-09-12 16:07:42","1000 - Sinhala","0764017248","1","Caller","00:00:04","10","Praveena","00:02:36"
"2026-09-12 16:26:50","1000 - Sinhala","0767171425","1","Agent","00:00:04","10","Praveena","00:00:11"
"2026-09-12 16:28:26","1000 - Sinhala","0767171425","1","Caller","00:00:04","10","Praveena","00:01:00"
"2026-09-14 09:01:29","1000 - Sinhala","0770025415","1","Caller","00:00:03","10","Praveena","00:00:16"
"2026-09-14 09:05:05","1000 - Sinhala","0770025415","1","Caller","00:00:03","10","Praveena","00:03:04"
"2026-09-14 09:53:07","1000 - Sinhala","0722734563","1","Caller","00:00:04","10","Praveena","00:00:21"
"2026-09-14 09:59:07","1000 - Sinhala","0764779044","1","Caller","00:00:04","10","Praveena","00:00:15"
"2026-09-14 11:21:21","1000 - Sinhala","0776764529","1","Caller","00:00:03","10","Praveena","00:00:45"
"2026-09-14 11:24:06","1001 - Tamil","0740548072","1","Caller","00:00:03","10","Praveena","00:00:36"
"2026-09-14 11:24:42","1001 - Tamil","0740548072","1","Caller","00:00:03","10","Praveena","00:00:11"
"2026-09-14 11:25:38","1001 - Tamil","0740548072","1","Caller","00:00:04","10","Praveena","00:00:06"
"2026-09-14 11:29:58","1001 - Tamil","0740548072","1","Caller","00:00:03","10","Praveena","00:00:19"
"2026-09-14 11:50:24","1000 - Sinhala","0770279356","1","Caller","00:00:03","10","Praveena","00:00:15"
"2026-09-14 12:38:57","1000 - Sinhala","0774287273","1","Caller","00:00:03","10","Praveena","00:00:08"
"2026-09-14 12:51:21","1001 - Tamil","0760365674","1","Caller","00:00:03","10","Praveena","00:00:23"
"2026-09-14 12:54:52","1000 - Sinhala","0760365674","1","Agent","00:00:03","10","Praveena","00:03:00"
"2026-09-14 13:13:38","1001 - Tamil","0778716688","1","Agent","00:00:03","12","Harshika","00:01:00"
"2026-09-14 13:22:53","1001 - Tamil","0726280078","1","Caller","00:00:03","10","Praveena","00:00:37"
"2026-09-14 13:26:04","1001 - Tamil","0726280078","1","Caller","00:00:03","10","Praveena","00:02:50"
"2026-09-14 16:35:55","1000 - Sinhala","0786030968","1","Caller","00:00:03","10","Praveena","00:00:14"
"2026-09-15 09:20:55","1000 - Sinhala","0758311632","1","Caller","00:00:03","10","Praveena","00:00:45"
"2026-09-15 09:23:59","1000 - Sinhala","0758311632","1","Agent","00:00:03","10","Praveena","00:02:43"
"2026-09-15 09:36:10","1000 - Sinhala","0758311632","1","Agent","00:00:03","10","Praveena","00:03:15"
"2026-09-15 12:39:44","1000 - Sinhala","0756116590","1","Agent","00:00:03","10","Praveena","00:01:15"
"2026-09-15 13:06:39","1001 - Tamil","0753829181","1","Caller","00:00:03","10","Praveena","00:00:20"
"2026-09-15 13:44:54","1000 - Sinhala","0758311632","1","Agent","00:00:03","10","Praveena","00:02:04"
"2026-09-15 14:33:39","1000 - Sinhala","0765659058","1","Agent","00:00:03","10","Praveena","00:05:38"
"2026-09-15 15:16:42","1000 - Sinhala","0764017248","1","Caller","00:00:04","10","Praveena","00:02:58"
"2026-09-15 15:43:40","1000 - Sinhala","0769959135","1","Agent","00:00:03","10","Praveena","00:00:57"
"2026-09-15 16:53:00","1000 - Sinhala","0777668080","1","Agent","00:00:04","10","Praveena","00:00:03"
"2026-09-15 16:56:21","1000 - Sinhala","0777668080","1","Caller","00:00:04","10","Praveena","00:02:53"
"2026-09-15 18:00:23","1000 - Sinhala","0702952935","2","Agent","00:00:40","11","Oshadi","00:04:10"
"2026-09-16 10:23:45","1001 - Tamil","0770083848","1","Caller","00:00:01","10","Praveena","00:00:56"
"2026-09-16 10:28:47","1000 - Sinhala","0773853796","1","Caller","00:01:13","10","Praveena","00:00:51"
"2026-09-16 11:41:23","1000 - Sinhala","0758311632","1","Caller","00:00:03","10","Praveena","00:02:29"
"2026-09-16 11:52:04","1000 - Sinhala","0723821732","1","Agent","00:00:07","11","Oshadi","00:02:02"
"2026-09-16 12:10:42","1000 - Sinhala","0758311632","1","Agent","00:00:03","10","Praveena","00:00:34"
"2026-09-16 13:44:00","1001 - Tamil","0751620035","1","Caller","00:00:14","10","Praveena","00:02:23"
"2026-09-16 13:50:58","1001 - Tamil","0776840175","1","Caller","00:00:06","10","Praveena","00:01:56"
"2026-09-16 14:01:40","1000 - Sinhala","0768520653","1","Agent","00:00:07","10","Praveena","00:01:21"
"2026-09-16 15:32:48","1001 - Tamil","0726280078","1","Caller","00:00:04","10","Praveena","00:02:30"
"2026-09-16 15:41:12","1000 - Sinhala","0777077790","1","Caller","00:00:04","10","Praveena","00:00:28"
"2026-09-16 16:00:42","1001 - Tamil","0776840175","1","Caller","00:00:05","10","Praveena","00:01:52"
"2026-09-16 16:13:38","1000 - Sinhala","0723173780","1","Agent","00:00:38","10","Praveena","00:01:48"
"2026-09-16 16:22:56","1000 - Sinhala","0760094100","1","Caller","00:00:03","10","Praveena","00:01:45"
"2026-09-16 16:25:28","1001 - Tamil","0726280078","1","Agent","00:00:38","10","Praveena","00:00:13"
"2026-09-16 17:03:02","1000 - Sinhala","0773259319","1","Agent","00:00:14","10","Praveena","00:01:08"
"2026-09-16 17:23:31","1000 - Sinhala","0726280078","1","Agent","00:00:05","10","Praveena","00:02:22"
"2026-09-16 17:40:25","1001 - Tamil","0752937280","1","Agent","00:00:05","10","Praveena","00:01:59"
"2026-09-17 09:18:46","1001 - Tamil","0785481865","1","Agent","00:00:03","10","Praveena","00:02:03"
"2026-09-17 09:55:04","1001 - Tamil","0775560463","1","Caller","00:00:03","12","Harshika","00:01:59"
"2026-09-17 10:20:57","1000 - Sinhala","0706729728","1","Caller","00:00:04","10","Praveena","00:03:50"
"2026-09-17 10:26:03","1000 - Sinhala","0742122068","1","Agent","00:00:03","10","Praveena","00:02:05"
"2026-09-17 10:41:05","1000 - Sinhala","0112026600","1","Agent","00:00:03","10","Praveena","00:02:04"
"2026-09-17 10:47:16","1001 - Tamil","0742855354","1","Caller","00:00:03","12","Harshika","00:01:30"
"2026-09-17 11:50:39","1001 - Tamil","0751354093","1","Agent","00:00:03","10","Praveena","00:02:44"
"2026-09-17 11:55:13","1000 - Sinhala","0701623520","1","Agent","00:00:03","10","Praveena","00:02:41"
"2026-09-17 11:58:16","1000 - Sinhala","0701623520","1","Agent","00:00:03","10","Praveena","00:02:34"
"2026-09-17 12:06:25","1000 - Sinhala","0701623520","1","Agent","00:00:03","10","Praveena","00:04:25"
"2026-09-17 13:37:41","1001 - Tamil","0775762499","1","Caller","00:00:04","10","Praveena","00:01:01"
"2026-09-17 13:40:17","1001 - Tamil","0775762499","1","Caller","00:00:03","10","Praveena","00:00:43"
"2026-09-17 13:48:28","1000 - Sinhala","0766685856","1","Caller","00:00:03","10","Praveena","00:02:40"
"2026-09-17 13:51:18","1000 - Sinhala","0788791708","1","Caller","00:00:03","10","Praveena","00:00:26"
"2026-09-17 13:53:32","1000 - Sinhala","0758311632","1","Agent","00:00:03","10","Praveena","00:02:34"
"2026-09-17 13:53:40","1000 - Sinhala","0788791708","1","Caller","00:00:19","10","Praveena","00:00:01"
"2026-09-17 14:40:45","1000 - Sinhala","0742122068","1","Agent","00:00:04","10","Praveena","00:01:48"
"2026-09-17 14:49:28","1000 - Sinhala","0768474669","1","Agent","00:00:03","10","Praveena","00:02:17"
"2026-09-17 15:19:08","1001 - Tamil","0783063543","1","Caller","00:00:09","11","Oshadi","00:00:23"
"2026-09-17 15:20:13","1000 - Sinhala","0775651243","1","Agent","00:00:04","10","Praveena","00:00:39"
"2026-09-17 15:22:52","1001 - Tamil","0783063543","1","Caller","00:00:10","10","Praveena","00:03:08"
"2026-09-17 15:27:16","1000 - Sinhala","0775651243","1","Agent","00:00:03","10","Praveena","00:02:50"
"2026-09-17 15:33:34","1000 - Sinhala","0758311632","1","Caller","00:00:03","10","Praveena","00:00:28"
"2026-09-17 16:28:37","1001 - Tamil","0770819197","1","Caller","00:00:03","10","Praveena","00:01:47"
"2026-09-18 09:04:42","1000 - Sinhala","0760094100","1","Caller","00:00:03","10","Praveena","00:03:23"
"2026-09-18 09:07:06","1000 - Sinhala","0704753062","1","Agent","00:00:03","10","Praveena","00:01:17"
"2026-09-18 09:39:35","1000 - Sinhala","0760671135","1","Agent","00:00:03","10","Praveena","00:04:07"
"2026-09-18 09:40:24","1000 - Sinhala","0705520410","1","Agent","00:00:03","10","Praveena","00:01:39"
"2026-09-18 10:20:56","1000 - Sinhala","0705068728","1","Agent","00:00:03","10","Praveena","00:02:58"
"2026-09-18 10:49:26","1000 - Sinhala","0706729728","1","Caller","00:00:03","10","Praveena","00:01:15"
"2026-09-18 11:03:00","1000 - Sinhala","0760823498","1","Agent","00:00:03","10","Praveena","00:02:26"
"2026-09-18 12:03:55","1000 - Sinhala","0704303988","1","Caller","00:00:04","10","Praveena","00:01:26"
"2026-09-18 12:14:01","1000 - Sinhala","0703055053","1","Agent","00:00:04","10","Praveena","00:01:45"
"2026-09-18 12:17:09","1000 - Sinhala","0713478692","1","Agent","00:00:03","10","Praveena","00:01:39"
"2026-09-18 12:51:42","1000 - Sinhala","0777306010","1","Agent","00:00:04","10","Praveena","00:01:21"
"2026-09-18 12:54:06","1000 - Sinhala","0771992988","1","Agent","00:00:03","10","Praveena","00:01:26"
"2026-09-18 13:00:31","1000 - Sinhala","0777365699","1","Agent","00:00:04","10","Praveena","00:02:18"
"2026-09-18 13:01:57","1000 - Sinhala","0760094100","1","Caller","00:00:04","10","Praveena","00:01:52"
"2026-09-18 13:07:42","1000 - Sinhala","0711856433","1","Agent","00:00:04","10","Praveena","00:01:45"
"2026-09-18 13:10:48","1000 - Sinhala","0711856433","1","Agent","00:00:03","10","Praveena","00:01:51"
"2026-09-18 13:21:09","1000 - Sinhala","0760094100","1","Caller","00:00:04","10","Praveena","00:03:04"
"2026-09-18 13:29:24","1000 - Sinhala","0772261299","1","Caller","00:00:03","10","Praveena","00:02:46"
"2026-09-18 13:41:14","1001 - Tamil","0742855354","1","Caller","00:00:04","12","Harshika","00:01:23"
"2026-09-18 13:48:59","1000 - Sinhala","0779667895","1","Agent","00:00:03","10","Praveena","00:01:35"
"2026-09-18 14:04:56","1000 - Sinhala","0723821732","1","Caller","00:00:02","10","Praveena","00:01:51"
"2026-09-18 14:30:08","1001 - Tamil","0767615608","1","Caller","00:00:03","10","Praveena","00:00:53"
"2026-09-18 14:33:18","1001 - Tamil","0767615608","1","Caller","00:00:03","10","Praveena","00:00:45"
"2026-09-18 14:36:21","1000 - Sinhala","0705520410","2","Agent","00:00:08","11","Oshadi","00:01:41"
"2026-09-18 14:44:42","1000 - Sinhala","0767615608","1","Caller","00:01:13","10","Praveena","00:03:45"
"2026-09-18 16:48:21","1000 - Sinhala","0761950522","1","Caller","00:00:03","10","Praveena","00:00:42"
"2026-09-18 17:10:28","1000 - Sinhala","0760594749","1","Caller","00:00:04","10","Praveena","00:02:02"
"2026-09-18 17:21:09","1000 - Sinhala","0720181404","1","Caller","00:00:04","10","Praveena","00:00:54"
"2026-09-18 17:25:31","1000 - Sinhala","0767617227","1","Caller","00:00:03","10","Praveena","00:00:12"
"2026-09-18 17:26:15","1001 - Tamil","0788178146","1","Caller","00:00:03","10","Praveena","00:02:23"
"2026-09-18 17:29:13","1000 - Sinhala","0772261299","1","Agent","00:00:04","10","Praveena","00:02:06"
"2026-09-18 17:43:07","1000 - Sinhala","0722877805","1","Agent","00:00:03","10","Praveena","00:02:13"
"2026-09-18 17:51:37","1000 - Sinhala","0761950522","1","Agent","00:00:04","10","Praveena","00:02:06"
"2026-09-19 09:12:05","1000 - Sinhala","0717632317","1","Caller","00:00:04","10","Praveena","00:02:09"
"2026-09-19 09:14:58","1000 - Sinhala","0706739704","1","Caller","00:00:03","10","Praveena","00:03:09"
"2026-09-19 09:17:04","1000 - Sinhala","0777778868","1","Agent","00:00:04","10","Praveena","00:02:49"
"2026-09-19 09:18:37","1000 - Sinhala","0713659441","1","Caller","00:00:03","10","Praveena","00:01:59"
"2026-09-19 10:00:05","1001 - Tamil","0759974571","1","Agent","00:00:03","10","Praveena","00:02:09"
"2026-09-19 10:24:32","1000 - Sinhala","0768500499","1","Agent","00:00:03","10","Praveena","00:03:48"
"2026-09-19 10:43:21","1000 - Sinhala","0711856433","1","Agent","00:00:04","10","Praveena","00:01:43"
"2026-09-19 10:48:37","1000 - Sinhala","0715864421","1","Caller","00:00:04","10","Praveena","00:02:24"
"2026-09-19 10:54:57","1000 - Sinhala","0715864421","1","Agent","00:00:03","10","Praveena","00:04:52"
"2026-09-19 11:36:39","1000 - Sinhala","0706739704","1","Caller","00:00:04","10","Praveena","00:01:36"
"2026-09-19 11:58:15","1000 - Sinhala","0779798753","1","Caller","00:00:04","10","Praveena","00:06:34"
"2026-09-19 12:18:24","1000 - Sinhala","0728117884","1","Agent","00:00:04","10","Praveena","00:02:33"
"2026-09-19 12:29:32","1000 - Sinhala","0789012593","1","Caller","00:00:03","10","Praveena","00:00:49"
"2026-09-19 12:49:34","1000 - Sinhala","0721700344","1","Agent","00:00:03","10","Praveena","00:02:09"
"2026-09-19 12:55:44","1000 - Sinhala","0741290107","1","Agent","00:00:04","10","Praveena","00:02:01"
"2026-09-19 13:23:03","1000 - Sinhala","0772065177","1","Agent","00:00:03","10","Praveena","00:01:19"
"2026-09-19 13:48:56","1000 - Sinhala","0772065177","1","Caller","00:00:03","10","Praveena","00:00:29"
"2026-09-19 13:49:52","1000 - Sinhala","0772065177","1","Caller","00:00:04","10","Praveena","00:00:26"
"2026-09-19 13:53:17","1001 - Tamil","0772065177","1","Agent","00:00:03","10","Praveena","00:02:06"
"2026-09-19 14:01:55","1000 - Sinhala","0766701153","1","Caller","00:00:04","10","Praveena","00:00:01"
"2026-09-19 14:05:15","1000 - Sinhala","0766701153","1","Agent","00:00:02","10","Praveena","00:03:01"
"2026-09-19 14:14:43","1000 - Sinhala","0772261299","1","Caller","00:00:04","10","Praveena","00:01:42"
"2026-09-19 14:49:35","1000 - Sinhala","0773253000","1","Agent","00:00:05","10","Praveena","00:01:44"
"2026-09-19 15:01:46","1000 - Sinhala","0719000666","1","Caller","00:00:06","10","Praveena","00:02:49"
"2026-09-19 15:13:25","1000 - Sinhala","0701772888","1","Caller","00:03:35","10","Praveena","00:03:05"
"2026-09-19 16:04:09","1000 - Sinhala","0758311632","1","Caller","00:00:03","10","Praveena","00:03:03"
"2026-09-19 16:36:54","1000 - Sinhala","0773704829","1","Caller","00:00:04","10","Praveena","00:01:36"
"2026-09-19 16:47:24","1001 - Tamil","0701735522","1","Caller","00:00:04","10","Praveena","00:00:03"
"2026-09-19 17:16:12","1000 - Sinhala","0722276725","1","Agent","00:00:03","10","Praveena","00:01:30"
"2026-09-19 17:17:45","1000 - Sinhala","0722276725","1","Caller","00:00:04","10","Praveena","00:01:10"
"2026-09-21 09:07:53","1000 - Sinhala","0719925700","1","Agent","00:00:04","10","Praveena","00:01:11"
"2026-09-21 09:31:59","1000 - Sinhala","0711463981","1","Caller","00:00:03","10","Praveena","00:02:05"
"2026-09-21 09:37:51","1000 - Sinhala","0760094100","1","Agent","00:00:03","10","Praveena","00:00:34"
"2026-09-21 09:40:12","1000 - Sinhala","0760094100","1","Agent","00:00:04","10","Praveena","00:02:01"
"2026-09-21 09:43:24","1000 - Sinhala","0786175033","1","Caller","00:00:03","10","Praveena","00:00:22"
"2026-09-21 09:43:36","1000 - Sinhala","0789283191","1","Agent","00:00:03","10","Praveena","00:01:34"
"2026-09-21 09:45:16","1000 - Sinhala","0786175033","1","Caller","00:00:04","10","Praveena","00:01:38"
"2026-09-21 09:48:47","1000 - Sinhala","0772547133","1","Agent","00:00:03","10","Praveena","00:02:05"
"2026-09-21 10:04:13","1000 - Sinhala","0764017248","1","Caller","00:00:03","10","Praveena","00:00:48"
"2026-09-21 10:06:45","1001 - Tamil","0752006349","1","Caller","00:00:05","10","Praveena","00:02:11"
"2026-09-21 10:31:00","1000 - Sinhala","0778412901","1","Caller","00:00:04","10","Praveena","00:01:55"
"2026-09-21 10:34:02","1000 - Sinhala","0772518834","1","Agent","00:00:03","10","Praveena","00:01:32"
"2026-09-21 10:36:23","1000 - Sinhala","0770682950","1","Agent","00:00:04","10","Praveena","00:01:59"
"2026-09-21 10:53:38","1000 - Sinhala","0701366128","2","Agent","00:00:14","11","Oshadi","00:02:18"
"2026-09-21 10:53:56","1000 - Sinhala","0752615290","1","Caller","00:00:03","10","Praveena","00:02:50"
"2026-09-21 10:56:12","1000 - Sinhala","0766701153","1","Agent","00:00:04","10","Praveena","00:02:23"
"2026-09-21 11:04:45","1000 - Sinhala","0769218763","1","Caller","00:00:05","10","Praveena","00:00:37"
"2026-09-21 11:09:08","1000 - Sinhala","0769218763","1","Caller","00:00:03","10","Praveena","00:02:43"
"2026-09-21 11:17:16","1000 - Sinhala","0754447040","1","Caller","00:00:03","10","Praveena","00:02:28"
"2026-09-21 11:24:17","1000 - Sinhala","0718238741","1","Caller","00:00:03","10","Praveena","00:00:43"
"2026-09-21 11:33:33","1001 - Tamil","0720808613","1","Agent","00:00:04","10","Praveena","00:01:05"
"2026-09-21 11:34:41","1001 - Tamil","0720808613","1","Agent","00:00:03","10","Praveena","00:00:25"
"2026-09-21 11:36:50","1000 - Sinhala","0711847148","1","Agent","00:00:03","10","Praveena","00:00:40"
"2026-09-21 11:40:15","1000 - Sinhala","0711847148","1","Agent","00:00:03","10","Praveena","00:02:53"
"2026-09-21 11:40:46","1000 - Sinhala","0718643367","1","Caller","00:00:16","10","Praveena","00:00:29"
"2026-09-21 11:41:49","1000 - Sinhala","0718643367","1","Caller","00:00:04","10","Praveena","00:00:40"
"2026-09-21 11:44:13","1000 - Sinhala","0718643367","1","Caller","00:00:03","10","Praveena","00:02:01"
"2026-09-21 12:03:38","1000 - Sinhala","0720983134","1","Agent","00:00:04","10","Praveena","00:01:43"
"2026-09-21 12:03:47","1001 - Tamil","0776630708","1","Agent","00:00:02","10","Praveena","00:02:19"
"2026-09-21 12:03:49","1000 - Sinhala","0778169521","1","Agent","00:00:04","10","Praveena","00:02:40"
"2026-09-21 12:11:16","1000 - Sinhala","0772518834","1","Caller","00:00:03","10","Praveena","00:01:59"
"2026-09-21 12:17:29","1000 - Sinhala","0773558692","1","Agent","00:00:04","10","Praveena","00:05:01"
"2026-09-21 12:31:18","1000 - Sinhala","0112026600","1","Agent","00:00:03","10","Praveena","00:02:30"
"2026-09-21 13:18:42","1000 - Sinhala","0702607229","1","Agent","00:00:03","10","Praveena","00:02:58"
"2026-09-21 13:22:50","1000 - Sinhala","0112832100","1","Caller","00:00:04","10","Praveena","00:00:14"
"2026-09-21 13:24:13","1000 - Sinhala","0112832100","1","Agent","00:00:04","10","Praveena","00:01:05"
"2026-09-21 13:33:36","1000 - Sinhala","0763889902","1","Caller","00:00:04","10","Praveena","00:05:58"
"2026-09-21 14:30:59","1000 - Sinhala","0718603822","1","Caller","00:00:04","10","Praveena","00:01:02"
"2026-09-21 14:31:43","1000 - Sinhala","0765992514","1","Caller","00:00:03","10","Praveena","00:01:29"
"2026-09-21 14:33:39","1000 - Sinhala","0765992514","2","Agent","00:00:06","11","Oshadi","00:01:27"
"2026-09-21 14:34:12","1000 - Sinhala","0718603822","1","Agent","00:01:13","10","Praveena","00:01:43"
"2026-09-21 14:42:35","1001 - Tamil","0789897134","1","Caller","00:00:08","11","Oshadi","00:01:16"
"2026-09-21 14:55:50","1001 - Tamil","0740374824","1","Caller","00:00:06","10","Praveena","00:01:39"
"2026-09-21 15:24:15","1000 - Sinhala","0775113795","1","Caller","00:00:02","10","Praveena","00:01:17"
"2026-09-21 15:34:53","1000 - Sinhala","0723173780","1","Caller","00:00:03","10","Praveena","00:00:14"
"2026-09-21 15:37:13","1000 - Sinhala","0723173780","1","Agent","00:00:04","10","Praveena","00:01:58"
"2026-09-21 15:43:54","1001 - Tamil","0752223532","1","Caller","00:00:04","10","Praveena","00:02:00"
"2026-09-21 16:06:50","1000 - Sinhala","0705393951","1","Agent","00:00:03","10","Praveena","00:01:00"
"2026-09-21 16:09:38","1000 - Sinhala","0705393951","1","Agent","00:00:04","10","Praveena","00:02:32"
"2026-09-21 16:12:15","1000 - Sinhala","0779667895","1","Agent","00:00:03","10","Praveena","00:01:12"
"2026-09-21 16:19:37","1000 - Sinhala","0764288480","1","Caller","00:00:03","10","Praveena","00:00:26"
"2026-09-21 16:21:23","1000 - Sinhala","0764288480","1","Caller","00:00:04","10","Praveena","00:01:28"
"2026-09-21 16:53:27","1000 - Sinhala","0719295566","1","Caller","00:00:04","10","Praveena","00:00:10"
"2026-09-21 16:53:59","1000 - Sinhala","0760594749","1","Caller","00:00:04","10","Praveena","00:00:20"
"2026-09-21 16:55:50","1000 - Sinhala","0760594749","1","Caller","00:00:05","10","Praveena","00:01:26"
"2026-09-21 17:01:15","1000 - Sinhala","0740603511","1","Agent","00:00:04","10","Praveena","00:01:31"
"2026-09-21 17:02:12","1000 - Sinhala","0788617169","1","Agent","00:00:04","10","Praveena","00:02:58"
"2026-09-21 17:35:44","1000 - Sinhala","0759100748","1","Agent","00:00:04","10","Praveena","00:02:00"
"2026-09-22 09:03:00","1000 - Sinhala","0718505430","1","Agent","00:00:03","10","Praveena","00:01:27"
"2026-09-22 09:04:31","1000 - Sinhala","0765696742","1","Caller","00:00:07","11","Oshadi","00:02:15"
"2026-09-22 09:06:42","1000 - Sinhala","0711369073","1","Caller","00:00:03","10","Praveena","00:00:32"
"2026-09-22 09:07:39","1000 - Sinhala","0719103197","1","Agent","00:00:11","11","Oshadi","00:01:18"
"2026-09-22 09:09:46","1000 - Sinhala","0777666490","1","Agent","00:00:03","10","Praveena","00:02:29"
"2026-09-22 09:12:42","1000 - Sinhala","0704427937","1","Agent","00:00:03","10","Praveena","00:02:37"
"2026-09-22 09:13:40","1000 - Sinhala","0760094100","1","Caller","00:00:03","10","Praveena","00:00:57"
"2026-09-22 09:15:30","1000 - Sinhala","0705611925","1","Agent","00:00:02","10","Praveena","00:01:39"
"2026-09-22 09:15:59","1000 - Sinhala","0760094100","1","Caller","00:00:03","10","Praveena","00:01:05"
"2026-09-22 09:25:08","1000 - Sinhala","0752241332","1","Caller","00:00:04","10","Praveena","00:02:06"
"2026-09-22 09:25:20","1000 - Sinhala","0764159165","1","Caller","00:00:04","10","Praveena","00:01:46"
"2026-09-22 09:35:24","1000 - Sinhala","0786175033","1","Caller","00:00:03","10","Praveena","00:01:28"
"2026-09-22 09:40:32","1000 - Sinhala","0770125756","1","Agent","00:00:03","10","Praveena","00:02:35"
"2026-09-22 09:42:14","1000 - Sinhala","0713815167","1","Caller","00:00:04","10","Praveena","00:01:23"
"2026-09-22 09:47:45","1000 - Sinhala","0772432507","1","Caller","00:00:03","10","Praveena","00:01:32"
"2026-09-22 09:50:34","1000 - Sinhala","0706493582","1","Agent","00:00:03","10","Praveena","00:02:16"
"2026-09-22 09:59:45","1000 - Sinhala","0772206735","1","Agent","00:00:04","10","Praveena","00:02:25"
"2026-09-22 10:00:17","1000 - Sinhala","0724133335","1","Agent","00:00:04","10","Praveena","00:02:05"
"2026-09-22 10:03:57","1000 - Sinhala","0702842542","1","Agent","00:00:03","10","Praveena","00:01:38"
"2026-09-22 10:04:21","1001 - Tamil","0771747442","1","Agent","00:00:08","11","Oshadi","00:03:57"
"2026-09-22 10:08:37","1000 - Sinhala","0719000666","1","Caller","00:00:04","10","Praveena","00:03:23"
"2026-09-22 10:09:39","1001 - Tamil","0720808613","1","Caller","00:00:08","11","Oshadi","00:01:46"
"2026-09-22 10:10:30","1000 - Sinhala","0778835876","1","Agent","00:00:04","10","Praveena","00:01:28"
"2026-09-22 10:12:02","1000 - Sinhala","0788617169","1","Agent","00:00:38","11","Oshadi","00:02:14"
"2026-09-22 10:29:55","1000 - Sinhala","0718603822","1","Caller","00:00:03","10","Praveena","00:01:09"
"2026-09-22 10:30:04","1000 - Sinhala","0761388907","1","Agent","00:00:03","10","Praveena","00:01:25"
"2026-09-22 10:31:06","1000 - Sinhala","0754536869","1","Caller","00:00:03","10","Praveena","00:00:57"
"2026-09-22 10:32:51","1000 - Sinhala","0754536869","1","Agent","00:00:03","10","Praveena","00:00:32"
"2026-09-22 10:41:38","1000 - Sinhala","0741184933","1","Caller","00:00:03","10","Praveena","00:02:09"
"2026-09-22 10:43:56","1000 - Sinhala","0714091384","1","Agent","00:00:03","10","Praveena","00:02:02"
"2026-09-22 10:44:10","1000 - Sinhala","0712232429","1","Agent","00:00:05","11","Oshadi","00:01:19"
"2026-09-22 10:55:14","1001 - Tamil","0771747442","1","Caller","00:00:03","10","Praveena","00:01:45"
"2026-09-22 11:04:02","1000 - Sinhala","0774004720","1","Agent","00:00:03","10","Praveena","00:01:58"
"2026-09-22 11:04:27","1000 - Sinhala","0757277303","1","Caller","00:00:03","10","Praveena","00:02:16"
"2026-09-22 11:15:53","1000 - Sinhala","0773030377","1","Agent","00:00:04","10","Praveena","00:01:35"
"2026-09-22 11:34:19","1000 - Sinhala","0760813393","1","Caller","00:00:03","10","Praveena","00:00:01"
"2026-09-22 11:46:27","1000 - Sinhala","0711307307","1","Agent","00:00:03","10","Praveena","00:01:54"
"2026-09-22 11:53:38","1000 - Sinhala","0760094100","1","Agent","00:00:03","10","Praveena","00:01:54"
"2026-09-22 11:58:18","1000 - Sinhala","0760094100","1","Caller","00:00:04","10","Praveena","00:00:24"
"2026-09-22 12:11:21","1000 - Sinhala","0764870868","1","Caller","00:00:03","10","Praveena","00:00:22"
"2026-09-22 12:13:25","1001 - Tamil","0718880111","1","Agent","00:00:12","11","Oshadi","00:02:17"
"2026-09-22 12:16:55","1001 - Tamil","0704156673","1","Caller","00:00:04","10","Praveena","00:01:35"
"2026-09-22 12:23:20","1000 - Sinhala","0701512144","1","Agent","00:00:04","10","Praveena","00:01:46"
"2026-09-22 12:23:45","1000 - Sinhala","0764870868","1","Agent","00:00:03","10","Praveena","00:00:56"
"2026-09-22 12:26:47","1000 - Sinhala","0704954601","1","Caller","00:00:04","10","Praveena","00:01:47"
"2026-09-22 12:29:00","1001 - Tamil","0775113795","1","Caller","00:00:06","11","Oshadi","00:02:07"
"2026-09-22 12:30:48","1000 - Sinhala","0789766680","1","Agent","00:00:03","10","Praveena","00:01:40"
"2026-09-22 12:33:13","1000 - Sinhala","0789766680","1","Caller","00:00:04","10","Praveena","00:01:06"
"2026-09-22 12:35:22","1000 - Sinhala","0777669570","1","Agent","00:00:07","11","Oshadi","00:02:35"
"2026-09-22 12:43:05","1000 - Sinhala","0773082757","1","Caller","00:00:03","10","Praveena","00:01:20"
"2026-09-22 12:43:45","1000 - Sinhala","0768495717","1","Agent","00:00:03","10","Praveena","00:03:23"
"2026-09-22 12:45:33","1000 - Sinhala","0777666490","1","Agent","00:00:03","10","Praveena","00:01:36"
"2026-09-22 12:48:09","1000 - Sinhala","0721935476","1","Agent","00:00:03","10","Praveena","00:02:03"
"2026-09-22 13:00:02","1000 - Sinhala","0703637073","1","Agent","00:00:03","10","Praveena","00:02:35"
"2026-09-22 13:14:40","1000 - Sinhala","0773712895","1","Agent","00:00:03","10","Praveena","00:01:50"
"2026-09-22 13:17:02","1001 - Tamil","0767251519","1","Caller","00:00:03","10","Praveena","00:01:07"
"2026-09-22 13:19:10","1000 - Sinhala","0703196546","1","Agent","00:00:35","10","Praveena","00:02:02"
"2026-09-22 13:25:54","1000 - Sinhala","0727381233","1","Caller","00:00:03","10","Praveena","00:01:10"
"2026-09-22 13:34:18","1000 - Sinhala","0702940096","1","Agent","00:00:04","10","Praveena","00:01:28"
"2026-09-22 13:35:37","1000 - Sinhala","0779570952","1","Caller","00:00:53","10","Praveena","00:01:15"
"2026-09-22 13:42:19","1000 - Sinhala","0779461830","1","Agent","00:00:03","10","Praveena","00:02:29"
"2026-09-22 13:50:52","1000 - Sinhala","0721935476","1","Caller","00:00:09","10","Praveena","00:00:01"
"2026-09-22 13:59:45","1000 - Sinhala","0721935476","1","Agent","00:00:03","10","Praveena","00:02:05"
"2026-09-22 14:00:05","1000 - Sinhala","0765579886","1","Caller","00:00:03","10","Praveena","00:01:08"
"2026-09-22 14:02:37","1000 - Sinhala","0765579886","1","Caller","00:00:04","10","Praveena","00:01:26"
"2026-09-22 14:20:22","1000 - Sinhala","0773380177","1","Caller","00:00:03","10","Praveena","00:00:11"
"2026-09-22 14:22:20","1000 - Sinhala","0773380177","1","Caller","00:00:03","10","Praveena","00:01:38"
"2026-09-22 14:23:54","1000 - Sinhala","0779560695","1","Caller","00:00:03","10","Praveena","00:00:12"
"2026-09-22 14:40:09","1000 - Sinhala","0773712895","1","Caller","00:00:04","10","Praveena","00:00:47"
"2026-09-22 14:58:18","1000 - Sinhala","0773380177","1","Agent","00:00:03","10","Praveena","00:03:44"
"2026-09-22 15:13:32","1000 - Sinhala","0760968819","1","Caller","00:00:04","10","Praveena","00:00:53"
"2026-09-22 15:16:41","1000 - Sinhala","0760968819","1","Agent","00:00:03","10","Praveena","00:01:31"
"2026-09-22 15:31:52","1000 - Sinhala","0774570170","1","Caller","00:00:03","10","Praveena","00:00:30"
"2026-09-22 15:35:36","1000 - Sinhala","0752770699","1","Caller","00:00:04","10","Praveena","00:00:18"
"2026-09-22 15:37:35","1000 - Sinhala","0752770699","1","Agent","00:00:03","10","Praveena","00:01:42"
"2026-09-22 15:38:26","1000 - Sinhala","0774570170","1","Agent","00:00:05","11","Oshadi","00:01:43"
"2026-09-22 15:39:33","1000 - Sinhala","0722276725","1","Caller","00:00:03","10","Praveena","00:01:25"
"2026-09-22 15:45:40","1000 - Sinhala","0773936846","1","Caller","00:00:04","10","Praveena","00:00:16"
"2026-09-22 15:55:06","1000 - Sinhala","0773439319","1","Caller","00:00:03","10","Praveena","00:00:14"
"2026-09-22 15:55:55","1001 - Tamil","0785508233","1","Agent","00:00:15","10","Praveena","00:00:42"
"2026-09-22 15:57:36","1000 - Sinhala","0773439319","1","Agent","00:00:37","10","Praveena","00:01:35"
"2026-09-22 15:59:36","1000 - Sinhala","0719521238","1","Caller","00:01:12","10","Praveena","00:01:56"
"2026-09-22 16:02:05","1001 - Tamil","0785508233","1","Agent","00:02:10","10","Praveena","00:02:23"
"2026-09-22 16:02:50","1000 - Sinhala","0777172773","1","Caller","00:00:14","10","Praveena","00:00:37"
"2026-09-22 16:05:07","1000 - Sinhala","0777172773","1","Caller","00:00:03","10","Praveena","00:01:21"
"2026-09-22 16:21:51","1000 - Sinhala","0777685598","1","Caller","00:00:03","10","Praveena","00:02:28"
"2026-09-22 16:27:12","1000 - Sinhala","0704352357","1","Caller","00:00:03","10","Praveena","00:01:46"
"2026-09-22 16:35:39","1000 - Sinhala","0703637073","1","Agent","00:00:03","10","Praveena","00:01:17"
"2026-09-22 16:37:53","1000 - Sinhala","0773595239","1","Agent","00:00:03","10","Praveena","00:02:45"
"2026-09-22 16:38:20","1000 - Sinhala","0713001010","2","Caller","00:00:52","10","Praveena","00:00:23"
"2026-09-22 16:38:24","1000 - Sinhala","0703637386","1","Caller","00:00:15","11","Oshadi","00:01:10"
"2026-09-22 16:40:34","1000 - Sinhala","0713001010","1","Caller","00:00:03","10","Praveena","00:01:51"
"2026-09-22 17:05:19","1001 - Tamil","0759557316","1","Agent","00:00:04","10","Praveena","00:02:35"
"2026-09-22 17:06:07","1000 - Sinhala","0774398671","1","Caller","00:00:04","10","Praveena","00:00:20"
"2026-09-22 17:08:29","1000 - Sinhala","0774398671","1","Agent","00:00:02","10","Praveena","00:01:28"
"2026-09-22 17:14:42","1000 - Sinhala","0761119702","1","Caller","00:00:02","10","Praveena","00:04:00"
"2026-09-22 17:36:35","1000 - Sinhala","0777656765","1","Caller","00:00:03","10","Praveena","00:01:48"
"2026-09-22 17:44:14","1000 - Sinhala","0766022085","1","Caller","00:00:03","10","Praveena","00:00:19"
"2026-09-22 17:52:08","1000 - Sinhala","0774398671","1","Agent","00:00:03","10","Praveena","00:01:29"
"2026-09-22 17:53:19","1000 - Sinhala","0766022085","1","Caller","00:00:03","10","Praveena","00:00:23"
"2026-09-22 17:56:29","1000 - Sinhala","0766022085","1","Agent","00:00:03","10","Praveena","00:02:05"
"2026-09-23 09:05:32","1000 - Sinhala","0713815167","1","Caller","00:00:02","10","Praveena","00:00:58"
"2026-09-23 09:06:53","1000 - Sinhala","0701366128","1","Caller","00:00:01","10","Praveena","00:02:02"
"2026-09-23 09:07:26","1000 - Sinhala","0701772888","1","Caller","00:00:03","10","Praveena","00:03:57"
"2026-09-23 09:15:05","1000 - Sinhala","0713815167","2","Agent","00:00:05","11","Oshadi","00:00:03"
"2026-09-23 09:16:12","1000 - Sinhala","0770125756","1","Caller","00:00:02","10","Praveena","00:02:01"
"2026-09-23 09:16:34","1000 - Sinhala","0713815167","1","Caller","00:00:03","10","Praveena","00:01:11"
"2026-09-23 09:17:05","1000 - Sinhala","0789766680","1","Agent","00:00:03","10","Praveena","00:02:06"
"2026-09-23 09:19:07","1000 - Sinhala","0754699275","1","Caller","00:00:03","10","Praveena","00:00:24"
"2026-09-23 09:19:53","1000 - Sinhala","0789766680","1","Caller","00:00:02","10","Praveena","00:00:54"
"2026-09-23 09:22:27","1000 - Sinhala","0754699275","1","Caller","00:00:03","12","Harshika","00:01:14"
"2026-09-23 09:23:09","1000 - Sinhala","0752281482","2","Agent","00:00:57","10","Praveena","00:03:13"
"2026-09-23 09:24:07","1000 - Sinhala","0702842542","1","Caller","00:00:03","10","Praveena","00:00:18"
"2026-09-23 09:24:47","1000 - Sinhala","0702842542","1","Caller","00:00:03","10","Praveena","00:00:18"
"2026-09-23 09:27:38","1000 - Sinhala","0702842542","1","Agent","00:00:03","10","Praveena","00:02:40"
"2026-09-23 09:28:14","1000 - Sinhala","0766546309","2","Caller","00:00:40","10","Praveena","00:00:33"
"2026-09-23 09:28:27","1000 - Sinhala","0742113411","2","Agent","00:00:30","10","Praveena","00:00:43"
"2026-09-23 09:29:44","1000 - Sinhala","0770299202","1","Agent","00:00:30","11","Oshadi","00:03:24"
"2026-09-23 09:30:12","1000 - Sinhala","0711318334","1","Caller","00:00:03","10","Praveena","00:01:43"
"2026-09-23 09:32:08","1001 - Tamil","0742113411","1","Caller","00:00:55","11","Oshadi","00:02:12"
"2026-09-23 09:35:22","1000 - Sinhala","0777597486","1","Caller","00:00:03","10","Praveena","00:01:36"
"2026-09-23 09:39:59","1000 - Sinhala","0766546309","1","Agent","00:00:03","10","Praveena","00:03:20"
"2026-09-23 09:42:17","1000 - Sinhala","0712218357","1","Caller","00:00:03","10","Praveena","00:01:21"
"2026-09-23 09:47:37","1000 - Sinhala","0776930044","1","Caller","00:00:03","10","Praveena","00:01:54"
"2026-09-23 09:53:55","1000 - Sinhala","0702842542","1","Agent","00:00:03","10","Praveena","00:02:34"
"2026-09-23 09:54:47","1000 - Sinhala","0702952935","1","Agent","00:00:02","10","Praveena","00:01:59"
"2026-09-23 09:56:50","1001 - Tamil","0777716146","1","Caller","00:00:03","10","Praveena","00:01:37"
"2026-09-23 10:03:12","1000 - Sinhala","0719521238","1","Agent","00:00:04","10","Praveena","00:01:58"
"2026-09-23 10:03:32","1000 - Sinhala","0740226979","1","Agent","00:00:03","10","Praveena","00:01:58"
"2026-09-23 10:14:43","1000 - Sinhala","0777742428","1","Agent","00:00:03","10","Praveena","00:01:14"
"2026-09-23 10:18:31","1000 - Sinhala","0765379577","1","Agent","00:00:03","10","Praveena","00:02:22"
"2026-09-23 10:25:00","1000 - Sinhala","0724530061","1","Agent","00:00:03","10","Praveena","00:02:31"
"2026-09-23 10:26:56","1000 - Sinhala","0773439319","1","Agent","00:00:03","10","Praveena","00:01:40"
"2026-09-23 10:28:19","1001 - Tamil","0742742323","1","Caller","00:00:03","10","Praveena","00:02:12"
"2026-09-23 10:34:52","1000 - Sinhala","0789766680","1","Caller","00:00:03","10","Praveena","00:00:31"
"2026-09-23 10:36:27","1000 - Sinhala","0753831520","2","Caller","00:00:06","12","Harshika","00:02:00"
"2026-09-23 10:43:28","1001 - Tamil","0704156673","1","Caller","00:00:03","10","Praveena","00:01:02"
"2026-09-23 10:44:09","1000 - Sinhala","0776422909","1","Agent","00:00:03","10","Praveena","00:02:07"
"2026-09-23 10:46:43","1000 - Sinhala","0705015208","1","Caller","00:00:04","10","Praveena","00:01:01"
"2026-09-23 10:47:01","1000 - Sinhala","0712632363","1","Caller","00:00:02","10","Praveena","00:01:09"
"2026-09-23 10:48:27","1000 - Sinhala","0705015208","1","Caller","00:00:03","10","Praveena","00:01:17"
"2026-09-23 10:49:42","1000 - Sinhala","0712632363","1","Agent","00:00:07","11","Oshadi","00:02:19"
"2026-09-23 10:51:10","1001 - Tamil","0720808613","1","Caller","00:00:03","10","Praveena","00:01:28"
"2026-09-23 10:53:43","1001 - Tamil","0720808613","1","Agent","00:00:03","10","Praveena","00:02:03"
"2026-09-23 11:00:16","1000 - Sinhala","0770682553","1","Agent","00:00:03","10","Praveena","00:02:44"
"2026-09-23 11:00:47","1000 - Sinhala","0783061103","1","Agent","00:00:03","10","Praveena","00:02:10"
"2026-09-23 11:02:26","1000 - Sinhala","0770299202","1","Caller","00:00:04","12","Harshika","00:01:36"
"2026-09-23 11:05:47","1000 - Sinhala","0765681082","1","Agent","00:00:04","10","Praveena","00:02:51"
"2026-09-23 11:16:30","1000 - Sinhala","0781632019","1","Caller","00:00:04","10","Praveena","00:02:11"
"2026-09-23 11:17:43","1000 - Sinhala","0783061103","1","Agent","00:00:04","10","Praveena","00:04:08"
"2026-09-23 11:31:18","1000 - Sinhala","0788791708","1","Agent","00:00:04","10","Praveena","00:03:03"
"2026-09-23 11:32:40","1000 - Sinhala","0763776934","1","Caller","00:00:03","10","Praveena","00:01:23"
"2026-09-23 11:34:50","1000 - Sinhala","0778412901","1","Caller","00:00:02","10","Praveena","00:00:19"
"2026-09-23 11:36:54","1000 - Sinhala","0778412901","1","Caller","00:00:03","10","Praveena","00:01:29"
"2026-09-23 11:44:11","1000 - Sinhala","0710472940","1","Caller","00:00:03","10","Praveena","00:00:39"
"2026-09-23 11:45:23","1000 - Sinhala","0777669570","1","Agent","00:00:04","10","Praveena","00:02:18"
"2026-09-23 11:46:28","1000 - Sinhala","0773354041","1","Agent","00:00:04","10","Praveena","00:02:28"
"2026-09-23 11:49:44","1000 - Sinhala","0770050347","1","Caller","00:00:03","10","Praveena","00:00:11"
"2026-09-23 11:57:00","1000 - Sinhala","0725243323","1","Agent","00:00:02","10","Praveena","00:02:18"
"2026-09-23 12:06:03","1000 - Sinhala","0752332696","1","Agent","00:00:03","10","Praveena","00:03:34"
"2026-09-23 12:10:43","1000 - Sinhala","0703442817","1","Caller","00:00:03","10","Praveena","00:00:19"
"2026-09-23 12:13:16","1000 - Sinhala","0703442817","1","Agent","00:00:03","10","Praveena","00:02:17"
"2026-09-23 12:23:25","1000 - Sinhala","0779560695","1","Caller","00:00:04","10","Praveena","00:01:44"
"2026-09-23 12:24:56","1000 - Sinhala","0773439319","1","Caller","00:00:03","10","Praveena","00:00:44"
"2026-09-23 12:28:28","1000 - Sinhala","0764160134","1","Caller","00:00:03","10","Praveena","00:01:51"
"2026-09-23 12:28:31","1000 - Sinhala","0773439319","1","Caller","00:00:04","11","Oshadi","00:01:47"
"2026-09-23 12:30:47","1000 - Sinhala","0773439319","1","Caller","00:00:02","10","Praveena","00:01:56"
"2026-09-23 12:33:14","1001 - Tamil","0753255419","1","Agent","00:00:02","10","Praveena","00:02:14"
"2026-09-23 12:51:00","1000 - Sinhala","0701772888","1","Agent","00:00:02","10","Praveena","00:01:03"
"2026-09-23 12:51:38","1000 - Sinhala","0716837678","1","Agent","00:00:04","10","Praveena","00:01:48"
"2026-09-23 12:51:55","1000 - Sinhala","0760310625","1","Caller","00:00:03","10","Praveena","00:01:07"
"2026-09-23 12:54:15","1000 - Sinhala","0741824834","1","Agent","00:00:10","11","Oshadi","00:01:01"
"2026-09-23 12:55:30","1000 - Sinhala","0701772888","1","Caller","00:00:03","10","Praveena","00:03:02"
"2026-09-23 12:56:54","1000 - Sinhala","0714661770","1","Caller","00:00:03","10","Praveena","00:00:57"
"2026-09-23 12:58:54","1000 - Sinhala","0714661770","1","Agent","00:00:07","11","Oshadi","00:01:34"
"2026-09-23 13:11:48","1000 - Sinhala","0774398671","1","Caller","00:00:03","10","Praveena","00:02:12"
"2026-09-23 13:13:27","1000 - Sinhala","0701512144","1","Caller","00:00:03","10","Praveena","00:01:05"
"2026-09-23 13:14:46","1000 - Sinhala","0781096628","1","Caller","00:00:18","10","Praveena","00:01:14"
"2026-09-23 13:17:54","1000 - Sinhala","0719344310","2","Caller","00:01:29","10","Praveena","00:03:05"
"2026-09-23 13:18:20","1000 - Sinhala","0757158837","1","Caller","00:00:02","10","Praveena","00:00:11"
"2026-09-23 13:21:38","1000 - Sinhala","0719049401","1","Caller","00:00:03","10","Praveena","00:03:05"
"2026-09-23 13:23:43","1000 - Sinhala","0764025941","1","Caller","00:00:04","10","Praveena","00:01:16"
"2026-09-23 13:24:38","1001 - Tamil","0751286178","1","Caller","00:00:06","12","Harshika","00:01:01"
"2026-09-23 13:29:12","1000 - Sinhala","0775677759","1","Agent","00:00:03","10","Praveena","00:00:20"
"2026-09-23 13:31:44","1000 - Sinhala","0775677759","1","Agent","00:00:03","10","Praveena","00:02:06"
"2026-09-23 13:32:13","1000 - Sinhala","0702477678","1","Caller","00:00:03","10","Praveena","00:00:22"
"2026-09-23 13:39:52","1000 - Sinhala","0722734563","1","Caller","00:00:03","10","Praveena","00:00:16"
"2026-09-23 13:42:37","1001 - Tamil","0751286178","1","Caller","00:00:03","10","Praveena","00:00:50"
"2026-09-23 13:44:19","1001 - Tamil","0751286178","1","Caller","00:00:03","10","Praveena","00:01:31"
"2026-09-23 13:46:03","1000 - Sinhala","0757158837","1","Agent","00:00:04","10","Praveena","00:01:21"
"2026-09-23 13:54:24","1000 - Sinhala","0773712895","1","Agent","00:00:03","10","Praveena","00:02:28"
"2026-09-23 13:54:26","1000 - Sinhala","0777713967","1","Caller","00:00:04","10","Praveena","00:02:06"
"2026-09-23 13:59:08","1000 - Sinhala","0788791708","1","Agent","00:00:18","10","Praveena","00:04:40"
"2026-09-23 14:01:25","1000 - Sinhala","0779080740","1","Caller","00:00:03","10","Praveena","00:01:22"
"2026-09-23 14:04:53","1001 - Tamil","0742592043","1","Caller","00:00:03","10","Praveena","00:02:18"
"2026-09-23 14:09:56","1001 - Tamil","0771414888","1","Agent","00:00:04","10","Praveena","00:01:51"
"2026-09-23 14:12:55","1001 - Tamil","0721747803","1","Caller","00:00:03","10","Praveena","00:01:48"
"2026-09-23 14:18:01","1000 - Sinhala","0719521238","1","Caller","00:00:03","10","Praveena","00:03:30"
"2026-09-23 14:25:56","1000 - Sinhala","0702060534","1","Caller","00:00:03","10","Praveena","00:01:33"
"2026-09-23 14:38:00","1000 - Sinhala","0763571623","1","Agent","00:00:04","10","Praveena","00:01:26"
"2026-09-23 14:43:21","1001 - Tamil","0704156673","1","Caller","00:00:03","10","Praveena","00:01:05"
"2026-09-23 14:44:12","1000 - Sinhala","0714610067","1","Caller","00:00:03","10","Praveena","00:02:13"
"2026-09-23 14:45:10","1001 - Tamil","0721186290","1","Agent","00:00:04","10","Praveena","00:04:08"
"2026-09-23 14:46:38","1000 - Sinhala","0753685653","1","Caller","00:00:03","10","Praveena","00:01:02"
"2026-09-23 14:53:31","1000 - Sinhala","0710374645","1","Agent","00:00:02","10","Praveena","00:00:50"
"2026-09-23 14:56:07","1000 - Sinhala","0701260288","1","Caller","00:00:05","10","Praveena","00:01:26"
"2026-09-23 14:56:19","1000 - Sinhala","0710374645","1","Agent","00:00:04","10","Praveena","00:02:24"
"2026-09-23 14:57:30","1000 - Sinhala","0750529269","1","Agent","00:00:03","10","Praveena","00:01:08"
"2026-09-23 14:58:24","1000 - Sinhala","0701260288","1","Caller","00:00:04","10","Praveena","00:00:31"
"2026-09-23 14:58:50","1000 - Sinhala","0753435756","1","Agent","00:00:05","11","Oshadi","00:01:48"
"2026-09-23 14:59:26","1000 - Sinhala","0701260288","1","Caller","00:00:03","10","Praveena","00:00:46"
"2026-09-23 15:02:09","1000 - Sinhala","0715643636","1","Agent","00:00:03","10","Praveena","00:01:48"
"2026-09-23 15:06:37","1000 - Sinhala","0766516659","1","Caller","00:00:06","10","Praveena","00:02:47"
"2026-09-23 15:10:46","1000 - Sinhala","0701272009","1","Caller","00:00:03","10","Praveena","00:00:17"
"2026-09-23 15:11:01","1000 - Sinhala","0766516659","2","Caller","00:00:08","11","Oshadi","00:00:25"
"2026-09-23 15:19:45","1000 - Sinhala","0773040108","1","Agent","00:00:04","10","Praveena","00:03:30"
"2026-09-23 15:21:00","1000 - Sinhala","0710413208","1","Caller","00:00:03","10","Praveena","00:00:24"
"2026-09-23 15:22:23","1000 - Sinhala","0710413208","1","Agent","00:00:03","10","Praveena","00:01:03"
"2026-09-23 15:28:40","1000 - Sinhala","0756614555","1","Caller","00:00:03","10","Praveena","00:00:39"
"2026-09-23 15:29:24","1000 - Sinhala","0724592568","1","Agent","00:00:03","10","Praveena","00:01:55"
"2026-09-23 15:36:59","1000 - Sinhala","0761950522","1","Agent","00:00:04","10","Praveena","00:02:28"
"2026-09-23 15:41:35","1000 - Sinhala","0741314070","1","Caller","00:00:03","10","Praveena","00:00:12"
"2026-09-23 15:42:19","1000 - Sinhala","0741314070","1","Caller","00:00:02","10","Praveena","00:00:23"
"2026-09-23 15:48:24","1000 - Sinhala","0776459108","1","Caller","00:00:03","10","Praveena","00:01:25"
"2026-09-23 16:00:15","1000 - Sinhala","0776930044","1","Caller","00:00:04","10","Praveena","00:02:11"
"2026-09-23 16:04:21","1000 - Sinhala","0702952935","1","Agent","00:00:03","10","Praveena","00:02:01"
"2026-09-23 16:06:46","1000 - Sinhala","0717607548","1","Caller","00:00:03","10","Praveena","00:02:02"
"2026-09-23 16:11:07","1000 - Sinhala","0715237186","1","Agent","00:00:03","10","Praveena","00:01:41"
"2026-09-23 16:11:42","1000 - Sinhala","0764061665","1","Agent","00:00:03","10","Praveena","00:01:29"
"2026-09-23 16:18:08","1000 - Sinhala","0762096635","1","Caller","00:00:03","10","Praveena","00:01:51"
"2026-09-23 16:18:42","1000 - Sinhala","0707681836","1","Agent","00:00:04","10","Praveena","00:02:59"
"2026-09-23 16:25:25","1000 - Sinhala","0728117884","1","Agent","00:00:04","10","Praveena","00:01:52"
"2026-09-23 16:28:50","1000 - Sinhala","0722374616","1","Agent","00:00:03","10","Praveena","00:02:25"
"2026-09-23 16:40:21","1001 - Tamil","0759557316","1","Caller","00:00:03","10","Praveena","00:01:36"
"2026-09-23 16:59:03","1000 - Sinhala","0777224941","1","Caller","00:00:03","10","Praveena","00:00:28"
"2026-09-23 17:29:20","1000 - Sinhala","0701512144","1","Caller","00:00:04","10","Praveena","00:01:03"
"2026-09-23 17:32:40","1000 - Sinhala","0741360860","1","Agent","00:00:04","10","Praveena","00:03:04"
"2026-09-23 17:35:01","1000 - Sinhala","0713815167","1","Caller","00:00:03","10","Praveena","00:02:36"
"2026-09-23 17:45:45","1000 - Sinhala","0759100748","1","Agent","00:00:03","10","Praveena","00:01:22"
"2026-09-23 17:48:21","1000 - Sinhala","0754536869","1","Agent","00:00:03","10","Praveena","00:01:30"
"2026-09-23 17:48:27","1000 - Sinhala","0759100748","1","Agent","00:00:03","10","Praveena","00:01:52"
"2026-09-24 09:03:15","1000 - Sinhala","0767001510","1","Caller","00:00:03","10","Praveena","00:00:26"
"2026-09-24 09:06:41","1000 - Sinhala","0774143519","1","Caller","00:00:09","11","Oshadi","00:00:15"
"2026-09-24 09:06:43","1000 - Sinhala","0785501843","1","Agent","00:00:03","10","Praveena","00:01:08"
"2026-09-24 09:08:06","1000 - Sinhala","0767001510","1","Agent","00:00:03","10","Praveena","00:01:18"
"2026-09-24 09:09:34","1000 - Sinhala","0704427937","1","Caller","00:00:08","11","Oshadi","00:00:43"
"2026-09-24 09:11:03","1000 - Sinhala","0702862024","1","Caller","00:00:03","10","Praveena","00:02:35"
"2026-09-24 09:11:49","1000 - Sinhala","0778835876","1","Agent","00:00:03","11","Oshadi","00:01:49"
"2026-09-24 09:13:51","1000 - Sinhala","0704427937","1","Caller","00:01:03","10","Praveena","00:02:45"
"2026-09-24 09:14:21","1001 - Tamil","0775113795","1","Caller","00:00:03","12","Harshika","00:01:28"
"2026-09-24 09:14:54","1000 - Sinhala","0701366128","1","Agent","00:00:03","11","Oshadi","00:01:52"
"2026-09-24 09:30:24","1001 - Tamil","0775113795","1","Caller","00:00:04","10","Praveena","00:01:32"
"2026-09-24 09:31:08","1000 - Sinhala","0775892506","1","Caller","00:00:03","10","Praveena","00:02:08"
"2026-09-24 09:32:15","1000 - Sinhala","0721186290","1","Agent","00:00:03","10","Praveena","00:03:02"
"2026-09-24 09:32:36","1000 - Sinhala","0773253000","1","Caller","00:01:53","11","Oshadi","00:01:27"
"2026-09-24 09:32:49","1000 - Sinhala","0773354041","2","Caller","00:00:32","12","Harshika","00:01:20"
"2026-09-24 09:33:42","1000 - Sinhala","0767390081","1","Caller","00:00:06","11","Oshadi","00:00:07"
"2026-09-24 09:34:08","1000 - Sinhala","0712274138","1","Agent","00:00:04","10","Praveena","00:01:30"
"2026-09-24 09:35:26","1000 - Sinhala","0767390081","1","Caller","00:00:09","11","Oshadi","00:01:18"
"2026-09-24 09:36:58","1000 - Sinhala","0712274138","1","Agent","00:00:04","11","Oshadi","00:02:15"
"2026-09-24 09:40:34","1001 - Tamil","0704156673","1","Caller","00:00:04","10","Praveena","00:00:14"
"2026-09-24 09:41:57","1000 - Sinhala","0772885330","1","Caller","00:00:02","10","Praveena","00:01:33"
"2026-09-24 09:42:09","1000 - Sinhala","0773292026","1","Agent","00:00:03","10","Praveena","00:01:14"
"2026-09-24 09:45:01","1000 - Sinhala","0704156673","1","Caller","00:00:20","12","Harshika","00:03:20"
"2026-09-24 09:46:31","1000 - Sinhala","0757518781","1","Caller","00:00:10","11","Oshadi","00:00:15"
"2026-09-24 09:46:32","1000 - Sinhala","0775790066","1","Caller","00:00:03","10","Praveena","00:01:49"
"2026-09-24 09:48:06","1000 - Sinhala","0757518781","1","Agent","00:00:03","10","Praveena","00:01:05"
"2026-09-24 09:48:33","1000 - Sinhala","0752829869","1","Caller","00:00:04","11","Oshadi","00:01:59"
"2026-09-24 09:50:42","1001 - Tamil","0775113795","1","Caller","00:00:03","10","Praveena","00:00:25"
"2026-09-24 10:02:52","1000 - Sinhala","0740122592","1","Caller","00:00:04","10","Praveena","00:01:27"
"2026-09-24 10:02:52","1000 - Sinhala","0112832100","1","Caller","00:00:04","10","Praveena","00:00:37"
"2026-09-24 10:04:29","1000 - Sinhala","0112832100","1","Caller","00:00:03","10","Praveena","00:01:15"
"2026-09-24 10:04:42","1000 - Sinhala","0702862024","1","Caller","00:00:22","10","Praveena","00:00:10"
"2026-09-24 10:05:50","1000 - Sinhala","0761010590","1","Caller","00:00:04","10","Praveena","00:00:52"
"2026-09-24 10:08:00","1000 - Sinhala","0702862024","1","Agent","00:00:04","11","Oshadi","00:02:33"
"2026-09-24 10:11:04","1000 - Sinhala","0112667510","1","Caller","00:00:03","10","Praveena","00:01:03"
"2026-09-24 10:11:49","1000 - Sinhala","0779641046","1","Caller","00:00:03","10","Praveena","00:01:40"
"2026-09-24 10:13:00","1000 - Sinhala","0112667510","1","Caller","00:00:03","12","Harshika","00:01:37"
"2026-09-24 10:20:46","1000 - Sinhala","0771392255","1","Caller","00:00:04","10","Praveena","00:01:33"
"2026-09-24 10:26:44","1000 - Sinhala","0773712895","1","Caller","00:00:03","10","Praveena","00:00:11"
"2026-09-24 10:39:05","1000 - Sinhala","0713976005","1","Caller","00:00:03","10","Praveena","00:00:40"
"2026-09-24 10:39:52","1000 - Sinhala","0718622358","2","Caller","00:00:04","12","Harshika","00:02:18"
"2026-09-24 10:40:30","1000 - Sinhala","0770268742","1","Agent","00:00:03","10","Praveena","00:02:58"
"2026-09-24 10:41:17","1000 - Sinhala","0772927915","1","Caller","00:00:06","11","Oshadi","00:00:22"
"2026-09-24 10:41:52","1000 - Sinhala","0713976005","1","Agent","00:00:04","10","Praveena","00:02:00"
"2026-09-24 10:42:51","1000 - Sinhala","0772927915","1","Caller","00:00:12","11","Oshadi","00:00:59"
"2026-09-24 10:44:19","1000 - Sinhala","0743235566","2","Caller","00:00:09","11","Oshadi","00:02:27"
"2026-09-24 10:44:28","1000 - Sinhala","0713815167","1","Caller","00:00:03","10","Praveena","00:00:40"
"2026-09-24 10:45:55","1000 - Sinhala","0774304331","1","Caller","00:00:03","12","Harshika","00:04:18"
"2026-09-24 10:47:11","1000 - Sinhala","0713815167","1","Caller","00:00:03","10","Praveena","00:00:46"
"2026-09-24 10:48:53","1000 - Sinhala","0713815167","1","Caller","00:00:03","10","Praveena","00:01:11"
"2026-09-24 10:52:07","1000 - Sinhala","0758623255","1","Agent","00:00:04","12","Harshika","00:00:32"
"2026-09-24 10:56:42","1000 - Sinhala","0758623255","1","Caller","00:00:02","10","Praveena","00:00:41"
"2026-09-24 10:57:35","1000 - Sinhala","0758623255","1","Caller","00:00:06","12","Harshika","00:00:30"
"2026-09-24 10:58:04","1000 - Sinhala","0768013737","1","Caller","00:00:03","10","Praveena","00:01:05"
"2026-09-24 10:58:51","1000 - Sinhala","0777852610","1","Caller","00:00:03","10","Praveena","00:01:22"
"2026-09-24 11:01:10","1000 - Sinhala","0758623255","1","Agent","00:00:03","10","Praveena","00:02:03"
"2026-09-24 11:06:26","1000 - Sinhala","0768013737","1","Caller","00:00:03","10","Praveena","00:02:04"
"2026-09-24 11:06:53","1000 - Sinhala","0715586055","1","Caller","00:00:03","10","Praveena","00:03:19"
"2026-09-24 11:08:00","1000 - Sinhala","0707959079","1","Caller","00:00:03","10","Praveena","00:01:53"
"2026-09-24 11:14:16","1000 - Sinhala","0760303011","1","Caller","00:00:05","12","Harshika","00:01:42"
"2026-09-24 11:15:42","1000 - Sinhala","0741366967","1","Agent","00:00:03","11","Oshadi","00:01:26"
"2026-09-24 11:22:53","1000 - Sinhala","0711786878","1","Caller","00:00:03","10","Praveena","00:02:33"
"2026-09-24 11:24:32","1000 - Sinhala","0777609079","1","Agent","00:00:04","10","Praveena","00:01:24"
"2026-09-24 11:33:19","1000 - Sinhala","0704954601","1","Agent","00:00:03","10","Praveena","00:02:33"
"2026-09-24 11:36:26","1000 - Sinhala","0758623255","1","Agent","00:00:03","10","Praveena","00:01:01"
"2026-09-24 11:38:21","1000 - Sinhala","0758623255","1","Caller","00:00:04","10","Praveena","00:01:35"
"2026-09-24 11:38:49","1000 - Sinhala","0702862024","1","Agent","00:00:08","11","Oshadi","00:01:28"
"2026-09-24 11:47:19","1000 - Sinhala","0712238705","1","Caller","00:00:04","10","Praveena","00:00:46"
"2026-09-24 11:47:28","1001 - Tamil","0726102774","1","Caller","00:00:04","12","Harshika","00:02:26"
"2026-09-24 11:53:08","1000 - Sinhala","0707302929","1","Agent","00:00:03","10","Praveena","00:02:09"
"2026-09-24 11:53:48","1000 - Sinhala","0743568714","1","Caller","00:00:02","10","Praveena","00:02:22"
"2026-09-24 11:56:24","1000 - Sinhala","0725243323","1","Agent","00:01:13","11","Oshadi","00:02:03"
"2026-09-24 11:57:26","1000 - Sinhala","0714661770","1","Agent","00:00:53","12","Harshika","00:01:42"
"2026-09-24 11:58:41","1000 - Sinhala","0769161572","2","Agent","00:00:16","11","Oshadi","00:04:52"
"2026-09-24 11:59:19","1000 - Sinhala","0743568714","1","Caller","00:00:43","10","Praveena","00:00:35"
"2026-09-24 12:01:01","1000 - Sinhala","0761422668","1","Agent","00:00:05","11","Oshadi","00:04:07"
"2026-09-24 12:02:12","1000 - Sinhala","0702396494","1","Agent","00:00:04","10","Praveena","00:01:53"
"2026-09-24 12:09:39","1000 - Sinhala","0772070756","1","Caller","00:00:03","10","Praveena","00:00:16"
"2026-09-24 12:09:54","1000 - Sinhala","0720983134","1","Caller","00:00:03","10","Praveena","00:00:59"
"2026-09-24 12:13:21","1000 - Sinhala","0743568714","1","Caller","00:00:02","10","Praveena","00:01:32"
"2026-09-24 12:13:45","1000 - Sinhala","0756255007","1","Agent","00:00:04","10","Praveena","00:02:00"
"2026-09-24 12:16:49","1000 - Sinhala","0772885330","1","Caller","00:00:03","10","Praveena","00:01:49"
"2026-09-24 12:19:36","1000 - Sinhala","0768474669","1","Agent","00:00:03","10","Praveena","00:01:17"
"2026-09-24 12:19:54","1000 - Sinhala","0112750750","1","Agent","00:00:03","10","Praveena","00:00:53"
"2026-09-24 12:21:50","1000 - Sinhala","0713060382","1","Agent","00:00:03","10","Praveena","00:01:36"
"2026-09-24 12:21:54","1001 - Tamil","0754426703","1","Caller","00:00:04","12","Harshika","00:01:07"
"2026-09-24 12:29:24","1000 - Sinhala","0760331604","1","Agent","00:00:02","10","Praveena","00:00:39"
"2026-09-24 12:30:12","1000 - Sinhala","0760331604","1","Agent","00:00:03","10","Praveena","00:00:04"
"2026-09-24 12:39:04","1000 - Sinhala","0743421424","1","Caller","00:00:03","10","Praveena","00:00:42"
"2026-09-24 12:40:17","1000 - Sinhala","0774754356","1","Caller","00:00:04","10","Praveena","00:03:40"
"2026-09-24 12:41:35","1000 - Sinhala","0743421424","1","Caller","00:00:03","10","Praveena","00:01:55"
"2026-09-24 12:43:02","1000 - Sinhala","0112750750","1","Agent","00:00:41","11","Oshadi","00:01:23"
"2026-09-24 12:46:51","1000 - Sinhala","0750473885","1","Agent","00:00:03","10","Praveena","00:02:50"
"2026-09-24 12:47:44","1000 - Sinhala","0741314070","1","Agent","00:00:03","10","Praveena","00:01:30"
"2026-09-24 12:49:15","1000 - Sinhala","0705611925","1","Agent","00:00:03","10","Praveena","00:01:16"
"2026-09-24 13:00:22","1000 - Sinhala","0778042040","1","Caller","00:00:02","10","Praveena","00:01:43"
"2026-09-24 13:07:57","1000 - Sinhala","0706363802","1","Caller","00:00:03","10","Praveena","00:01:52"
"2026-09-24 13:12:47","1000 - Sinhala","0777669570","1","Agent","00:00:03","10","Praveena","00:02:01"
"2026-09-24 13:22:36","1000 - Sinhala","0715643636","1","Agent","00:00:04","10","Praveena","00:03:03"
"2026-09-24 13:23:16","1000 - Sinhala","0714326431","1","Agent","00:00:03","10","Praveena","00:02:30"
"2026-09-24 13:29:39","1000 - Sinhala","0701642455","1","Caller","00:00:04","10","Praveena","00:00:14"
"2026-09-24 13:34:14","1000 - Sinhala","0773082757","1","Agent","00:00:03","10","Praveena","00:01:12"
"2026-09-24 13:34:44","1000 - Sinhala","0713815167","1","Caller","00:00:07","10","Praveena","00:00:23"
"2026-09-24 13:35:51","1001 - Tamil","0769096931","1","Caller","00:00:08","12","Harshika","00:01:49"
"2026-09-24 13:39:21","1000 - Sinhala","0779641046","1","Caller","00:00:02","10","Praveena","00:00:11"
"2026-09-24 13:41:41","1000 - Sinhala","0779641046","1","Caller","00:00:03","12","Harshika","00:01:57"
"2026-09-24 13:42:03","1000 - Sinhala","0702477678","1","Agent","00:00:03","10","Praveena","00:02:31"
"2026-09-24 13:52:52","1000 - Sinhala","0776930044","1","Caller","00:00:03","10","Praveena","00:00:51"
"2026-09-24 13:55:39","1000 - Sinhala","0712313517","1","Agent","00:00:07","11","Oshadi","00:01:11"
"2026-09-24 13:56:31","1000 - Sinhala","0701260288","1","Agent","00:00:03","10","Praveena","00:01:37"
"2026-09-24 13:58:54","1000 - Sinhala","0776930044","1","Caller","00:00:40","11","Oshadi","00:03:02"
"2026-09-24 14:02:07","1000 - Sinhala","0776930044","1","Agent","00:00:03","10","Praveena","00:02:49"
"2026-09-24 14:02:43","1000 - Sinhala","0755799438","1","Agent","00:00:42","11","Oshadi","00:01:19"
"2026-09-24 14:12:56","1000 - Sinhala","0760004776","1","Agent","00:00:04","10","Praveena","00:03:08"
"2026-09-24 14:18:03","1000 - Sinhala","0760310023","1","Agent","00:00:03","10","Praveena","00:01:19"
"2026-09-24 14:20:22","1000 - Sinhala","0761422668","1","Caller","00:00:03","10","Praveena","00:02:45"
"2026-09-24 14:26:44","1000 - Sinhala","0789766680","1","Caller","00:00:03","10","Praveena","00:01:05"
"2026-09-24 14:28:42","1000 - Sinhala","0768186770","1","Caller","00:00:03","10","Praveena","00:02:34"
"2026-09-24 14:30:44","1000 - Sinhala","0771747442","1","Caller","00:00:03","10","Praveena","00:00:08"
"2026-09-24 14:31:53","1000 - Sinhala","0770460000","1","Agent","00:00:37","11","Oshadi","00:03:28"
"2026-09-24 14:38:25","1000 - Sinhala","0771747442","1","Agent","00:00:04","10","Praveena","00:02:55"
"2026-09-24 14:39:09","1000 - Sinhala","0728757312","1","Caller","00:00:03","10","Praveena","00:01:17"
"2026-09-24 14:44:55","1000 - Sinhala","0770460000","1","Agent","00:00:03","10","Praveena","00:03:08"
"2026-09-24 14:47:45","1000 - Sinhala","0711648800","1","Agent","00:00:03","10","Praveena","00:02:18"
"2026-09-24 14:54:38","1000 - Sinhala","0760594749","1","Agent","00:00:04","10","Praveena","00:01:48"
"2026-09-24 15:04:04","1001 - Tamil","0774047988","1","Caller","00:00:03","10","Praveena","00:01:05"
"2026-09-24 15:04:21","1000 - Sinhala","0773502956","1","Caller","00:00:04","10","Praveena","00:02:59"
"2026-09-24 15:05:25","1000 - Sinhala","0763661261","1","Caller","00:00:04","10","Praveena","00:00:44"
"2026-09-24 15:06:50","1000 - Sinhala","0773936846","1","Caller","00:00:03","10","Praveena","00:01:16"
"2026-09-24 15:11:29","1000 - Sinhala","0342285658","1","Agent","00:00:03","10","Praveena","00:02:05"
"2026-09-24 15:12:35","1000 - Sinhala","0758623255","1","Caller","00:00:05","10","Praveena","00:01:04"
"2026-09-24 15:13:14","1000 - Sinhala","0717718772","1","Agent","00:00:04","10","Praveena","00:01:54"
"2026-09-24 15:18:43","1000 - Sinhala","0760303011","1","Caller","00:00:08","11","Oshadi","00:00:26"
"2026-09-24 15:20:07","1000 - Sinhala","0760303011","1","Caller","00:00:03","10","Praveena","00:01:05"
"2026-09-24 15:22:10","1000 - Sinhala","0760303011","1","Caller","00:00:04","10","Praveena","00:00:43"
"2026-09-24 15:25:12","1000 - Sinhala","0770429223","1","Caller","00:00:03","10","Praveena","00:01:53"
"2026-09-24 15:25:36","1000 - Sinhala","0760303011","1","Agent","00:00:03","12","Harshika","00:02:00"
"2026-09-24 15:30:26","1000 - Sinhala","0767634409","1","Agent","00:00:03","10","Praveena","00:01:32"
"2026-09-24 15:34:32","1000 - Sinhala","0770460000","1","Caller","00:00:03","10","Praveena","00:03:51"
"2026-09-24 15:37:17","1000 - Sinhala","0114702702","1","Caller","00:00:04","10","Praveena","00:00:35"
"2026-09-24 15:37:42","1000 - Sinhala","0764355224","1","Caller","00:00:04","10","Praveena","00:02:19"
"2026-09-24 15:41:57","1000 - Sinhala","0114702702","1","Caller","00:00:02","10","Praveena","00:04:11"
"2026-09-24 15:41:57","1000 - Sinhala","0743235566","1","Agent","00:00:06","11","Oshadi","00:02:11"
"2026-09-24 15:44:07","1000 - Sinhala","0702862024","1","Caller","00:00:04","10","Praveena","00:00:43"
"2026-09-24 15:45:03","1000 - Sinhala","0702862024","1","Caller","00:00:04","10","Praveena","00:00:36"
"2026-09-24 15:47:20","1000 - Sinhala","0707295176","1","Caller","00:00:04","10","Praveena","00:00:30"
"2026-09-24 15:50:07","1000 - Sinhala","0707295176","1","Agent","00:00:38","10","Praveena","00:01:17"
"2026-09-24 15:51:31","1000 - Sinhala","0707295176","1","Agent","00:00:04","12","Harshika","00:00:45"
"2026-09-24 15:51:41","1000 - Sinhala","0777553300","1","Caller","00:00:03","10","Praveena","00:01:22"
"2026-09-24 15:58:09","1000 - Sinhala","0702862024","1","Caller","00:00:03","10","Praveena","00:00:05"
"2026-09-24 15:59:19","1000 - Sinhala","0702862024","1","Caller","00:00:03","10","Praveena","00:00:59"
"2026-09-24 15:59:23","1000 - Sinhala","0743235566","1","Caller","00:00:52","10","Praveena","00:00:00"
"2026-09-24 16:01:53","1000 - Sinhala","0770340369","1","Caller","00:00:02","10","Praveena","00:02:18"
"2026-09-24 16:07:55","1001 - Tamil","0775113795","1","Caller","00:00:03","10","Praveena","00:00:44"
"2026-09-24 16:08:11","1000 - Sinhala","0713815167","1","Caller","00:00:04","12","Harshika","00:01:42"
"2026-09-24 16:08:50","1000 - Sinhala","0764160134","1","Caller","00:00:07","11","Oshadi","00:00:15"
"2026-09-24 16:12:34","1000 - Sinhala","0743235566","1","Caller","00:00:03","10","Praveena","00:01:03"
"2026-09-24 16:13:19","1000 - Sinhala","0774398671","1","Caller","00:00:04","10","Praveena","00:02:48"
"2026-09-24 16:13:33","1000 - Sinhala","0702952935","1","Agent","00:00:03","10","Praveena","00:02:16"
"2026-09-24 16:15:01","1000 - Sinhala","0764160134","1","Caller","00:00:03","10","Praveena","00:00:55"
"2026-09-24 16:18:34","1000 - Sinhala","0715247849","1","Caller","00:00:04","10","Praveena","00:00:23"
"2026-09-24 16:23:32","1000 - Sinhala","0779641046","1","Caller","00:00:03","10","Praveena","00:01:42"
"2026-09-24 16:26:22","1000 - Sinhala","0769161572","1","Caller","00:00:03","10","Praveena","00:00:44"
"2026-09-24 16:26:37","1001 - Tamil","0763334828","1","Caller","00:00:04","10","Praveena","00:00:18"
"2026-09-24 16:28:26","1000 - Sinhala","0769161572","1","Caller","00:00:02","10","Praveena","00:01:46"
"2026-09-24 16:31:06","1000 - Sinhala","0769161572","1","Agent","00:00:04","10","Praveena","00:01:36"
"2026-09-24 16:33:27","1000 - Sinhala","0714661770","1","Agent","00:00:04","10","Praveena","00:01:34"
"2026-09-24 16:34:39","1000 - Sinhala","0714661770","1","Caller","00:00:04","10","Praveena","00:00:42"
"2026-09-24 16:36:08","1000 - Sinhala","0714661770","1","Agent","00:00:04","10","Praveena","00:01:05"
"2026-09-24 16:46:41","1000 - Sinhala","0771392255","1","Agent","00:00:04","10","Praveena","00:03:55"
"2026-09-24 16:58:05","1000 - Sinhala","0758623255","1","Caller","00:00:03","10","Praveena","00:02:10"
"2026-09-24 17:03:27","1000 - Sinhala","0775818983","1","Caller","00:00:03","10","Praveena","00:01:42"
"2026-09-24 17:09:11","1000 - Sinhala","0715247849","1","Caller","00:00:03","10","Praveena","00:00:10"
"2026-09-24 17:12:21","1000 - Sinhala","0773320779","1","Caller","00:00:04","10","Praveena","00:03:25"
"2026-09-24 17:26:46","1000 - Sinhala","0763610412","1","Caller","00:00:04","10","Praveena","00:02:38"
"2026-09-24 17:28:32","1000 - Sinhala","0704753062","1","Agent","00:00:04","10","Praveena","00:02:40"
"2026-09-24 17:36:12","1000 - Sinhala","0779663848","1","Agent","00:00:03","10","Praveena","00:02:20"
"2026-09-24 17:38:31","1001 - Tamil","0713868033","1","Caller","00:00:03","10","Praveena","00:01:45"
"2026-09-24 17:46:53","1000 - Sinhala","0761422668","1","Caller","00:00:03","10","Praveena","00:02:55"
"2026-09-25 09:01:53","1000 - Sinhala","0777676855","1","Caller","00:00:03","10","Praveena","00:01:25"
"2026-09-25 09:03:32","1000 - Sinhala","0702952935","1","Caller","00:00:03","10","Praveena","00:01:07"
"2026-09-25 09:04:58","1001 - Tamil","0751286178","1","Agent","00:00:03","10","Praveena","00:01:58"
"2026-09-25 09:05:16","1000 - Sinhala","0781396880","1","Caller","00:00:08","11","Oshadi","00:00:02"
"2026-09-25 09:05:33","1000 - Sinhala","0768520653","1","Agent","00:00:03","10","Praveena","00:01:44"
"2026-09-25 09:06:22","1000 - Sinhala","0702952935","1","Caller","00:00:02","10","Praveena","00:00:34"
"2026-09-25 09:07:25","1001 - Tamil","0758024599","1","Caller","00:00:02","10","Praveena","00:01:22"
"2026-09-25 09:11:53","1000 - Sinhala","0702952935","1","Caller","00:00:03","10","Praveena","00:03:53"
"2026-09-25 09:12:32","1000 - Sinhala","0781396880","1","Agent","00:00:03","12","Harshika","00:02:38"
"2026-09-25 09:16:25","1000 - Sinhala","0771114170","1","Agent","00:00:03","10","Praveena","00:02:04"
"2026-09-25 09:19:45","1000 - Sinhala","0712274138","1","Caller","00:00:04","10","Praveena","00:00:13"
"2026-09-25 09:20:40","1000 - Sinhala","0712274138","1","Caller","00:00:04","10","Praveena","00:00:21"
"2026-09-25 09:23:17","1000 - Sinhala","0712274138","1","Caller","00:00:03","10","Praveena","00:01:58"
"2026-09-25 09:26:25","1000 - Sinhala","0728118400","1","Agent","00:00:03","10","Praveena","00:00:35"
"2026-09-25 09:27:17","1000 - Sinhala","0773129103","1","Caller","00:00:03","10","Praveena","00:02:04"
"2026-09-25 09:28:02","1000 - Sinhala","0701642455","1","Caller","00:00:02","10","Praveena","00:01:14"
"2026-09-25 09:31:36","1000 - Sinhala","0777716146","1","Caller","00:00:03","10","Praveena","00:01:31"
"2026-09-25 09:32:34","1000 - Sinhala","0728118400","1","Agent","00:00:07","11","Oshadi","00:02:08"
"2026-09-25 09:33:55","1000 - Sinhala","0766859862","1","Agent","00:00:03","10","Praveena","00:00:37"
"2026-09-25 09:34:39","1000 - Sinhala","0766859862","1","Caller","00:00:05","11","Oshadi","00:00:12"
"2026-09-25 09:35:14","1000 - Sinhala","0741242567","1","Agent","00:00:07","10","Praveena","00:01:21"
"2026-09-25 09:38:10","1000 - Sinhala","0775226425","1","Agent","00:00:03","10","Praveena","00:02:28"
"2026-09-25 09:38:43","1000 - Sinhala","0771814839","1","Caller","00:00:04","10","Praveena","00:00:01"
"2026-09-25 09:41:26","1000 - Sinhala","0771814839","1","Agent","00:00:03","10","Praveena","00:01:50"
"2026-09-25 09:47:30","1000 - Sinhala","0788617169","1","Agent","00:00:03","10","Praveena","00:01:49"
"2026-09-25 09:48:38","1000 - Sinhala","0771234508","1","Caller","00:00:03","10","Praveena","00:01:55"
"2026-09-25 09:51:18","1000 - Sinhala","0711648800","1","Caller","00:00:04","10","Praveena","00:02:16"
"2026-09-25 09:53:30","1000 - Sinhala","0711307307","1","Agent","00:00:04","10","Praveena","00:01:12"
"2026-09-25 09:54:05","1000 - Sinhala","0765992514","1","Caller","00:00:05","11","Oshadi","00:01:39"
"2026-09-25 09:54:34","1000 - Sinhala","0764239832","1","Caller","00:00:03","10","Praveena","00:00:38"
"2026-09-25 09:56:01","1000 - Sinhala","0764239832","1","Caller","00:00:03","10","Praveena","00:00:56"
"2026-09-25 09:57:57","1000 - Sinhala","0764239832","1","Caller","00:00:03","10","Praveena","00:01:16"
"2026-09-25 10:02:52","1000 - Sinhala","0713243208","1","Agent","00:00:03","10","Praveena","00:01:54"
"2026-09-25 10:03:20","1001 - Tamil","0763334828","1","Caller","00:00:03","10","Praveena","00:01:19"
"2026-09-25 10:04:12","1000 - Sinhala","0777685598","1","Caller","00:00:02","10","Praveena","00:01:32"
"2026-09-25 10:04:24","1000 - Sinhala","0713060382","1","Caller","00:00:08","12","Harshika","00:01:30"
"2026-09-25 10:05:22","1000 - Sinhala","0713815167","1","Caller","00:00:33","11","Oshadi","00:00:08"
"2026-09-25 10:06:43","1000 - Sinhala","0701260288","1","Caller","00:00:03","10","Praveena","00:02:13"
"2026-09-25 10:07:00","1000 - Sinhala","0713815167","1","Caller","00:00:07","11","Oshadi","00:01:16"
"2026-09-25 10:13:59","1000 - Sinhala","0701366128","1","Caller","00:00:03","10","Praveena","00:02:32"
"2026-09-25 10:14:31","1000 - Sinhala","0779337500","1","Caller","00:00:03","12","Harshika","00:01:32"
"2026-09-25 10:16:26","1000 - Sinhala","0777685598","1","Caller","00:00:35","10","Praveena","00:02:22"
"2026-09-25 10:16:42","1000 - Sinhala","0777030624","2","Caller","00:00:29","10","Praveena","00:02:32"
"2026-09-25 10:18:58","1000 - Sinhala","0720954465","1","Agent","00:00:02","10","Praveena","00:02:13"
"2026-09-25 10:20:14","1000 - Sinhala","0721032583","1","Caller","00:00:03","12","Harshika","00:01:48"
"2026-09-25 10:20:54","1001 - Tamil","0706428878","1","Caller","00:00:03","10","Praveena","00:01:11"
"2026-09-25 10:21:17","1000 - Sinhala","0772350712","1","Caller","00:00:03","10","Praveena","00:01:25"
"2026-09-25 10:23:39","1000 - Sinhala","0785501843","1","Agent","00:00:03","10","Praveena","00:03:39"
"2026-09-25 10:24:22","1000 - Sinhala","0711786878","1","Agent","00:00:03","12","Harshika","00:02:55"
"2026-09-25 10:24:28","1000 - Sinhala","0761422668","1","Caller","00:00:06","11","Oshadi","00:02:43"
"2026-09-25 10:29:11","1000 - Sinhala","0773320779","1","Agent","00:00:03","10","Praveena","00:00:32"
"2026-09-25 10:29:28","1000 - Sinhala","0777685598","1","Caller","00:00:05","12","Harshika","00:01:49"
"2026-09-25 10:30:54","1000 - Sinhala","0773320779","1","Caller","00:00:03","10","Praveena","00:01:07"
"2026-09-25 10:31:52","1000 - Sinhala","0740603511","1","Caller","00:00:06","11","Oshadi","00:01:38"
"2026-09-25 10:34:51","1000 - Sinhala","0772002015","1","Caller","00:00:04","10","Praveena","00:00:30"
"2026-09-25 10:38:13","1000 - Sinhala","0766514783","1","Agent","00:00:03","10","Praveena","00:03:03"
"2026-09-25 10:43:47","1000 - Sinhala","0721747803","2","Caller","00:00:10","10","Praveena","00:00:18"
"2026-09-25 10:44:11","1000 - Sinhala","0761998153","1","Caller","00:00:20","10","Praveena","00:00:47"
"2026-09-25 10:44:30","1000 - Sinhala","0112456824","1","Agent","00:00:07","11","Oshadi","00:02:06"
"2026-09-25 10:46:54","1000 - Sinhala","0721747803","1","Caller","00:00:03","10","Praveena","00:01:36"
"2026-09-25 10:48:00","1000 - Sinhala","0711992710","1","Caller","00:00:13","10","Praveena","00:01:04"
"2026-09-25 10:48:39","1000 - Sinhala","0764804618","2","Agent","00:00:22","12","Harshika","00:01:28"
"2026-09-25 10:49:02","1000 - Sinhala","0761998153","1","Agent","00:00:07","11","Oshadi","00:02:20"
"2026-09-25 10:50:13","1000 - Sinhala","0764159165","1","Agent","00:00:02","10","Praveena","00:01:37"
"2026-09-25 10:50:28","1000 - Sinhala","0764239832","2","Caller","00:00:09","12","Harshika","00:01:45"
"2026-09-25 10:53:54","1000 - Sinhala","0763209708","1","Agent","00:00:03","10","Praveena","00:01:34"
"2026-09-25 10:55:22","1000 - Sinhala","0776459108","1","Agent","00:00:04","10","Praveena","00:02:00"
"2026-09-25 11:03:22","1000 - Sinhala","0771114170","1","Caller","00:00:03","10","Praveena","00:02:51"
"2026-09-25 11:04:39","1000 - Sinhala","0715341311","1","Agent","00:00:04","10","Praveena","00:00:19"
"2026-09-25 11:06:13","1000 - Sinhala","0754699275","1","Caller","00:00:03","10","Praveena","00:01:14"
"2026-09-25 11:06:49","1000 - Sinhala","0715587497","1","Caller","00:00:04","10","Praveena","00:00:15"
"2026-09-25 11:07:38","1000 - Sinhala","0715341311","2","Agent","00:00:41","11","Oshadi","00:02:00"
"2026-09-25 11:09:07","1000 - Sinhala","0715587497","1","Caller","00:00:04","10","Praveena","00:01:33"
"2026-09-25 11:13:02","1000 - Sinhala","0777333847","1","Agent","00:00:04","10","Praveena","00:01:16"
"2026-09-25 11:20:48","1000 - Sinhala","0777218464","1","Agent","00:00:03","10","Praveena","00:03:39"
"2026-09-25 11:20:55","1000 - Sinhala","0712333333","1","Caller","00:00:03","10","Praveena","00:02:45"
"2026-09-25 11:23:39","1000 - Sinhala","0752224714","1","Caller","00:00:03","10","Praveena","00:02:10"
"2026-09-25 11:25:43","1000 - Sinhala","0711463981","1","Caller","00:00:03","10","Praveena","00:01:21"
"2026-09-25 11:27:19","1000 - Sinhala","0725604253","1","Caller","00:00:02","10","Praveena","00:01:34"
"2026-09-25 11:27:39","1000 - Sinhala","0750456148","1","Caller","00:00:07","11","Oshadi","00:00:32"
"2026-09-25 11:28:47","1000 - Sinhala","0750456148","1","Caller","00:00:03","10","Praveena","00:00:37"
"2026-09-25 11:29:47","1000 - Sinhala","0774398671","1","Caller","00:00:13","12","Harshika","00:02:27"
"2026-09-25 11:29:54","1001 - Tamil","0774042557","1","Agent","00:00:04","10","Praveena","00:02:04"
"2026-09-25 11:31:10","1000 - Sinhala","0740122592","1","Caller","00:00:03","10","Praveena","00:00:41"
"2026-09-25 11:32:57","1000 - Sinhala","0740122592","1","Agent","00:00:03","10","Praveena","00:01:27"
"2026-09-25 11:38:26","1000 - Sinhala","0702372000","1","Caller","00:01:13","10","Praveena","00:05:23"
"2026-09-25 11:41:18","1000 - Sinhala","0772310539","1","Caller","00:00:13","12","Harshika","00:00:18"
"2026-09-25 11:49:25","1000 - Sinhala","0703232323","1","Caller","00:00:03","10","Praveena","00:01:07"
"2026-09-25 11:52:13","1000 - Sinhala","0772270962","1","Caller","00:00:03","10","Praveena","00:02:09"
"2026-09-25 11:53:15","1000 - Sinhala","0766287432","1","Caller","00:00:57","10","Praveena","00:00:59"
"2026-09-25 11:57:18","1000 - Sinhala","0772310539","1","Caller","00:00:06","11","Oshadi","00:02:59"
"2026-09-25 11:58:14","1000 - Sinhala","0761422668","2","Caller","00:01:37","10","Praveena","00:04:56"
"2026-09-25 12:00:56","1000 - Sinhala","0741519291","1","Agent","00:00:03","10","Praveena","00:01:29"
"2026-09-25 12:04:20","1000 - Sinhala","0774398671","1","Caller","00:00:03","10","Praveena","00:02:11"
"2026-09-25 12:08:39","1000 - Sinhala","0752241332","1","Caller","00:00:04","10","Praveena","00:02:19"
"2026-09-25 12:10:30","1001 - Tamil","0775635997","1","Agent","00:00:06","11","Oshadi","00:01:59"
"2026-09-25 12:12:43","1000 - Sinhala","0768423637","1","Agent","00:00:03","10","Praveena","00:01:25"
"2026-09-25 12:13:55","1000 - Sinhala","0761685972","1","Caller","00:00:03","10","Praveena","00:02:04"
"2026-09-25 12:14:24","1000 - Sinhala","0776459108","1","Caller","00:00:25","10","Praveena","00:00:26"
"2026-09-25 12:14:50","1000 - Sinhala","0716855656","1","Caller","00:00:06","11","Oshadi","00:02:29"
"2026-09-25 12:16:09","1000 - Sinhala","0711122240","1","Agent","00:00:04","10","Praveena","00:01:24"
"2026-09-25 12:23:26","1000 - Sinhala","0717871799","1","Caller","00:00:04","10","Praveena","00:01:57"
"2026-09-25 12:25:12","1000 - Sinhala","0777585239","1","Agent","00:00:02","10","Praveena","00:01:32"
"2026-09-25 12:26:52","1000 - Sinhala","0719049401","1","Caller","00:00:05","12","Harshika","00:04:43"
"2026-09-25 12:30:12","1000 - Sinhala","0772885330","1","Caller","00:00:03","10","Praveena","00:00:35"
"2026-09-25 12:31:25","1000 - Sinhala","0772885330","1","Agent","00:00:07","11","Oshadi","00:00:53"
"2026-09-25 12:31:30","1000 - Sinhala","0757884050","1","Caller","00:00:03","10","Praveena","00:02:30"
"2026-09-25 12:32:24","1000 - Sinhala","0724052120","1","Caller","00:00:03","10","Praveena","00:00:28"
"2026-09-25 12:33:19","1000 - Sinhala","0724052120","1","Caller","00:00:03","10","Praveena","00:00:26"
"2026-09-25 12:46:30","1001 - Tamil","0753406188","1","Caller","00:00:03","10","Praveena","00:02:46"
"2026-09-25 12:55:13","1000 - Sinhala","0716144516","1","Agent","00:00:03","10","Praveena","00:02:04"
"2026-09-25 12:56:30","1000 - Sinhala","0756230063","1","Agent","00:00:03","10","Praveena","00:01:28"
"2026-09-25 12:57:14","1000 - Sinhala","0714878142","1","Caller","00:00:04","10","Praveena","00:01:08"
"2026-09-25 13:00:22","1000 - Sinhala","0713815167","1","Caller","00:00:04","10","Praveena","00:02:08"
"2026-09-25 13:03:20","1000 - Sinhala","0775133249","1","Caller","00:00:04","10","Praveena","00:01:13"
"2026-09-25 13:11:11","1000 - Sinhala","0760004776","1","Caller","00:00:04","12","Harshika","00:02:20"
"2026-09-25 13:17:01","1000 - Sinhala","0752281482","1","Agent","00:00:03","10","Praveena","00:02:42"
"2026-09-25 13:21:35","1000 - Sinhala","0759442001","1","Caller","00:00:06","12","Harshika","00:01:26"
"2026-09-25 13:32:48","1000 - Sinhala","0773936846","1","Caller","00:00:05","10","Praveena","00:00:14"
"2026-09-25 13:34:22","1000 - Sinhala","0712232429","1","Caller","00:00:04","10","Praveena","00:00:12"
"2026-09-25 13:35:34","1000 - Sinhala","0773936846","1","Caller","00:00:03","10","Praveena","00:01:14"
"2026-09-25 13:36:18","1000 - Sinhala","0711369073","1","Agent","00:00:05","12","Harshika","00:01:35"
"2026-09-25 13:39:52","1000 - Sinhala","0779641046","1","Caller","00:00:03","10","Praveena","00:01:40"
"2026-09-25 13:41:14","1000 - Sinhala","0752227922","1","Caller","00:01:16","10","Praveena","00:01:19"
"2026-09-25 13:47:30","1000 - Sinhala","0763233280","1","Agent","00:00:04","10","Praveena","00:01:20"
"2026-09-25 13:51:50","1000 - Sinhala","0705536525","1","Agent","00:00:04","10","Praveena","00:02:41"
"2026-09-25 13:54:27","1000 - Sinhala","0715896961","2","Agent","00:02:48","10","Praveena","00:02:34"
"2026-09-25 13:54:38","1000 - Sinhala","0721032583","2","Caller","00:04:10","10","Praveena","00:00:10"
"2026-09-25 13:55:58","1000 - Sinhala","0716837678","2","Caller","00:02:05","10","Praveena","00:01:25"
"2026-09-25 13:59:01","1001 - Tamil","0766673957","1","Agent","00:00:03","10","Praveena","00:01:54"
"2026-09-25 13:59:09","1000 - Sinhala","0721032583","1","Caller","00:01:12","10","Praveena","00:03:07"
"2026-09-25 14:01:16","1000 - Sinhala","0779080740","1","Caller","00:00:03","10","Praveena","00:00:44"
"2026-09-25 14:03:17","1000 - Sinhala","0779080740","1","Caller","00:00:03","10","Praveena","00:01:22"
"2026-09-25 14:07:37","1000 - Sinhala","0779156299","1","Caller","00:00:03","10","Praveena","00:01:55"
"2026-09-25 14:12:42","1001 - Tamil","0779992808","1","Caller","00:00:03","10","Praveena","00:00:49"
"2026-09-25 14:12:50","1000 - Sinhala","0702952935","1","Caller","00:00:04","10","Praveena","00:02:16"
"2026-09-25 14:15:02","1001 - Tamil","0779992808","1","Caller","00:00:04","10","Praveena","00:01:54"
"2026-09-25 14:21:29","1000 - Sinhala","0758183197","1","Caller","00:00:04","10","Praveena","00:01:30"
"2026-09-25 14:29:18","1000 - Sinhala","0715983354","1","Caller","00:00:03","10","Praveena","00:00:05"
"2026-09-25 14:31:08","1000 - Sinhala","0715983354","1","Agent","00:00:03","10","Praveena","00:01:34"
"2026-09-25 14:36:14","1000 - Sinhala","0764160134","1","Caller","00:00:04","10","Praveena","00:01:43"
"2026-09-25 14:47:00","1000 - Sinhala","0773129103","1","Caller","00:00:03","10","Praveena","00:02:36"
"2026-09-25 14:57:11","1000 - Sinhala","0772885330","1","Agent","00:00:03","10","Praveena","00:01:34"
"2026-09-25 14:58:25","1000 - Sinhala","0713060382","1","Caller","00:00:04","10","Praveena","00:00:25"
"2026-09-25 14:59:30","1000 - Sinhala","0713060382","1","Caller","00:00:03","10","Praveena","00:00:18"
"2026-09-25 15:04:30","1001 - Tamil","0782646944","1","Agent","00:00:04","10","Praveena","00:02:00"
"2026-09-25 15:07:08","1001 - Tamil","0752402475","1","Agent","00:00:04","10","Praveena","00:01:41"
"2026-09-25 15:07:28","1000 - Sinhala","0712232429","1","Caller","00:00:04","10","Praveena","00:01:21"
"2026-09-25 15:14:54","1000 - Sinhala","0772662971","1","Caller","00:00:03","10","Praveena","00:00:42"
"2026-09-25 15:20:02","1000 - Sinhala","0741273718","1","Caller","00:00:03","10","Praveena","00:00:55"
"2026-09-25 15:20:35","1000 - Sinhala","0776459108","1","Caller","00:00:04","10","Praveena","00:02:44"
"2026-09-25 15:27:25","1000 - Sinhala","0760004776","1","Agent","00:00:03","10","Praveena","00:02:12"
"2026-09-25 15:30:06","1000 - Sinhala","0711225474","1","Caller","00:00:03","10","Praveena","00:02:13"
"2026-09-25 15:30:51","1000 - Sinhala","0719049401","1","Caller","00:00:03","12","Harshika","00:01:43"
"2026-09-25 15:33:48","1000 - Sinhala","0756848273","1","Agent","00:00:03","10","Praveena","00:02:16"
"2026-09-25 15:38:18","1000 - Sinhala","0777030624","1","Agent","00:00:03","10","Praveena","00:01:09"
"2026-09-25 15:42:16","1000 - Sinhala","0774398671","1","Caller","00:00:03","10","Praveena","00:00:34"
"2026-09-25 15:44:06","1000 - Sinhala","0774398671","1","Caller","00:00:03","10","Praveena","00:01:30"
"2026-09-25 15:44:48","1000 - Sinhala","0772252549","1","Caller","00:00:09","10","Praveena","00:00:40"
"2026-09-25 15:45:02","1000 - Sinhala","0784617927","1","Agent","00:00:19","11","Oshadi","00:01:29"
"2026-09-25 15:59:22","1000 - Sinhala","0711786878","1","Agent","00:00:03","10","Praveena","00:02:50"
"2026-09-25 16:00:12","1000 - Sinhala","0740345636","1","Caller","00:00:03","10","Praveena","00:01:28"
"2026-09-25 16:03:21","1000 - Sinhala","0711463981","1","Caller","00:00:04","10","Praveena","00:02:05"
"2026-09-25 16:11:01","1000 - Sinhala","0716134154","1","Agent","00:00:03","10","Praveena","00:02:48"
"2026-09-25 16:32:58","1000 - Sinhala","0753831520","1","Caller","00:00:03","10","Praveena","00:00:10"
"2026-09-25 16:41:42","1000 - Sinhala","0754536869","1","Caller","00:00:03","10","Praveena","00:01:39"
"2026-09-25 16:51:16","1000 - Sinhala","0717648388","1","Agent","00:00:03","10","Praveena","00:01:42"
"2026-09-25 16:53:09","1000 - Sinhala","0754536869","1","Caller","00:00:03","10","Praveena","00:00:37"
"2026-09-25 16:56:44","1000 - Sinhala","0758183197","1","Agent","00:00:04","12","Harshika","00:00:28"
"2026-09-25 16:56:56","1000 - Sinhala","0754536869","1","Agent","00:00:09","11","Oshadi","00:01:54"
"2026-09-25 16:58:37","1000 - Sinhala","0743640412","1","Agent","00:00:18","12","Harshika","00:01:41"
"2026-09-25 16:59:59","1000 - Sinhala","0758183197","1","Agent","00:00:05","11","Oshadi","00:02:57"
"2026-09-25 17:03:01","1000 - Sinhala","0775677759","1","Caller","00:00:04","10","Praveena","00:08:19"
"2026-09-25 17:03:57","1000 - Sinhala","0758699872","1","Agent","00:00:39","11","Oshadi","00:01:35"
"2026-09-25 17:15:42","1000 - Sinhala","0710228732","1","Agent","00:00:04","10","Praveena","00:02:44"
"2026-09-25 17:17:26","1000 - Sinhala","0760004776","1","Agent","00:00:03","10","Praveena","00:02:50"
"2026-09-25 17:18:09","1000 - Sinhala","0772270962","1","Caller","00:01:22","10","Praveena","00:00:40"
"2026-09-25 17:19:10","1000 - Sinhala","0711786878","1","Agent","00:00:33","11","Oshadi","00:03:12"
"2026-09-25 17:19:23","1000 - Sinhala","0777133824","1","Agent","00:01:07","12","Harshika","00:00:27"
"2026-09-25 17:21:44","1000 - Sinhala","0777133824","1","Caller","00:00:05","10","Praveena","00:02:37"
"2026-09-25 17:26:07","1000 - Sinhala","0763056853","1","Caller","00:00:03","10","Praveena","00:00:19"
"2026-09-25 17:29:44","1000 - Sinhala","0716134154","1","Agent","00:00:03","10","Praveena","00:02:38"
"2026-09-25 17:31:23","1000 - Sinhala","0770682553","1","Caller","00:00:04","10","Praveena","00:00:32"
"2026-09-25 17:31:24","1000 - Sinhala","0773082757","1","Agent","00:00:03","12","Harshika","00:02:26"
"2026-09-25 17:36:03","1000 - Sinhala","0760004776","1","Caller","00:00:03","10","Praveena","00:00:16"
"2026-09-25 17:38:50","1000 - Sinhala","0772927915","1","Caller","00:00:04","10","Praveena","00:01:12"
"2026-09-25 17:43:57","1000 - Sinhala","0772270962","1","Caller","00:00:03","12","Harshika","00:02:38"
"2026-09-25 18:00:59","1000 - Sinhala","0722374616","1","Agent","00:00:04","10","Praveena","00:03:49"
"2026-09-28 09:00:41","1000 - Sinhala","0768186770","1","Caller","00:00:39","10","Praveena","00:00:14"
"2026-09-28 09:01:12","1000 - Sinhala","0770489950","1","Caller","00:00:03","10","Praveena","00:00:13"
"2026-09-28 09:02:01","1000 - Sinhala","0770560166","1","Caller","00:00:02","10","Praveena","00:00:57"
"2026-09-28 09:03:23","1000 - Sinhala","0777944900","1","Agent","00:00:08","11","Oshadi","00:01:55"
"2026-09-28 09:03:28","1000 - Sinhala","0770489950","1","Caller","00:00:14","10","Praveena","00:01:24"
"2026-09-28 09:04:22","1000 - Sinhala","0706350063","2","Agent","00:00:03","12","Harshika","00:02:53"
"2026-09-28 09:05:11","1000 - Sinhala","0704753062","1","Caller","00:00:30","11","Oshadi","00:00:43"
"2026-09-28 09:07:12","1000 - Sinhala","0766701153","1","Agent","00:00:07","11","Oshadi","00:01:41"
"2026-09-28 09:07:38","1000 - Sinhala","0715237186","1","Caller","00:01:30","11","Oshadi","00:00:16"
"2026-09-28 09:09:54","1000 - Sinhala","0778241860","2","Agent","00:00:08","11","Oshadi","00:02:27"
"2026-09-28 09:11:21","1000 - Sinhala","0768186770","2","Agent","00:01:27","11","Oshadi","00:07:51"
"2026-09-28 09:13:00","1000 - Sinhala","0703196546","1","Agent","00:00:03","10","Praveena","00:00:37"
"2026-09-28 09:13:27","1000 - Sinhala","0767854324","1","Agent","00:00:07","11","Oshadi","00:02:19"
"2026-09-28 09:15:30","1000 - Sinhala","0718184635","1","Caller","00:00:03","12","Harshika","00:00:40"
"2026-09-28 09:16:31","1000 - Sinhala","0767854324","1","Agent","00:00:06","11","Oshadi","00:02:23"
"2026-09-28 09:18:03","1000 - Sinhala","0703196546","1","Caller","00:00:03","10","Praveena","00:04:45"
"2026-09-28 09:18:11","1000 - Sinhala","0724592568","2","Caller","00:01:12","11","Oshadi","00:01:23"
"2026-09-28 09:19:29","1000 - Sinhala","0775226425","4","Agent","00:01:09","11","Oshadi","00:01:57"
"2026-09-28 09:19:44","1000 - Sinhala","0724592568","1","Caller","00:01:17","11","Oshadi","00:00:09"
"2026-09-28 09:21:30","1000 - Sinhala","0704753062","1","Agent","00:00:03","10","Praveena","00:03:13"
"2026-09-28 09:21:51","1000 - Sinhala","0764228857","2","Caller","00:00:55","10","Praveena","00:00:13"
"2026-09-28 09:22:05","1000 - Sinhala","0753516162","1","Caller","00:00:51","10","Praveena","00:00:32"
"2026-09-28 09:22:22","1000 - Sinhala","0775226425","1","Caller","00:00:04","11","Oshadi","00:02:28"
"2026-09-28 09:23:48","1001 - Tamil","0770653812","1","Agent","00:00:27","10","Praveena","00:02:06"
"2026-09-28 09:24:56","1000 - Sinhala","0764228857","2","Agent","00:00:07","11","Oshadi","00:02:09"
"2026-09-28 09:25:10","1000 - Sinhala","0713815167","1","Agent","00:00:10","12","Harshika","00:00:35"
"2026-09-28 09:25:39","1000 - Sinhala","0719826081","1","Caller","00:00:20","10","Praveena","00:01:48"
"2026-09-28 09:27:42","1000 - Sinhala","0713815167","1","Caller","00:00:04","10","Praveena","00:01:41"
"2026-09-28 09:27:44","1000 - Sinhala","0719000666","1","Caller","00:00:11","11","Oshadi","00:01:30"
"2026-09-28 09:28:27","1000 - Sinhala","0766013241","1","Agent","00:00:07","11","Oshadi","00:01:21"
"2026-09-28 09:28:42","1000 - Sinhala","0777944900","2","Caller","00:00:51","11","Oshadi","00:00:10"
"2026-09-28 09:29:35","1000 - Sinhala","0703067548","1","Caller","00:00:30","10","Praveena","00:01:50"
"2026-09-28 09:29:59","1000 - Sinhala","0724592568","2","Agent","00:00:19","11","Oshadi","00:01:23"
"2026-09-28 09:33:26","1000 - Sinhala","0760004776","1","Caller","00:00:08","11","Oshadi","00:03:23"
"2026-09-28 09:33:26","1000 - Sinhala","0757884050","2","Agent","00:00:34","10","Praveena","00:03:44"
"2026-09-28 09:33:41","1000 - Sinhala","0777944900","1","Caller","00:03:18","10","Praveena","00:00:13"
"2026-09-28 09:33:56","1000 - Sinhala","0767854324","1","Agent","00:00:43","10","Praveena","00:04:18"
"2026-09-28 09:34:58","1000 - Sinhala","0779329760","4","Agent","00:01:02","10","Praveena","00:01:23"
"2026-09-28 09:35:43","1000 - Sinhala","0701366128","4","Agent","00:01:00","11","Oshadi","00:01:59"
"2026-09-28 09:37:11","1000 - Sinhala","0756613489","4","Agent","00:02:35","12","Harshika","00:02:36"
"2026-09-28 09:37:28","1000 - Sinhala","0787857932","3","Agent","00:01:37","11","Oshadi","00:01:41"
"2026-09-28 09:37:36","1000 - Sinhala","0767676304","6","Caller","00:01:45","10","Praveena","00:02:35"
"2026-09-28 09:38:55","1000 - Sinhala","0773293926","2","Agent","00:01:47","10","Praveena","00:01:06"
"2026-09-28 09:40:12","1000 - Sinhala","0770560166","1","Agent","00:00:08","11","Oshadi","00:01:06"
"2026-09-28 09:40:18","1000 - Sinhala","0767438126","1","Caller","00:00:03","10","Praveena","00:01:28"
"2026-09-28 09:42:37","1000 - Sinhala","0711327351","1","Agent","00:00:08","11","Oshadi","00:02:29"
"2026-09-28 09:43:15","1000 - Sinhala","0773293926","1","Caller","00:02:05","11","Oshadi","00:00:31"
"2026-09-28 09:43:20","1000 - Sinhala","0770560166","1","Caller","00:00:03","10","Praveena","00:02:56"
"2026-09-28 09:46:06","1000 - Sinhala","0705393951","1","Agent","00:00:03","10","Praveena","00:02:17"
"2026-09-28 09:47:25","1000 - Sinhala","0770560166","1","Caller","00:00:03","10","Praveena","00:01:48"
"2026-09-28 09:48:05","1000 - Sinhala","0710713139","1","Caller","00:00:16","10","Praveena","00:00:37"
"2026-09-28 09:48:21","1001 - Tamil","0741788768","1","Agent","00:00:06","11","Oshadi","00:02:08"
"2026-09-28 09:49:01","1000 - Sinhala","0714917652","2","Agent","00:00:09","10","Praveena","00:01:30"
"2026-09-28 09:49:27","1000 - Sinhala","0777671102","3","Caller","00:00:13","10","Praveena","00:01:50"
"2026-09-28 09:50:54","1000 - Sinhala","0722665540","1","Agent","00:00:39","10","Praveena","00:01:24"
"2026-09-28 09:51:49","1000 - Sinhala","0710713139","1","Agent","00:00:04","11","Oshadi","00:03:20"
"2026-09-28 09:52:14","1000 - Sinhala","0761119702","1","Caller","00:00:06","11","Oshadi","00:00:15"
"2026-09-28 09:54:10","1000 - Sinhala","0761119702","1","Agent","00:00:07","11","Oshadi","00:01:34"
"2026-09-28 09:54:59","1001 - Tamil","0723325186","1","Caller","00:01:06","10","Praveena","00:04:03"
"2026-09-28 09:55:06","1000 - Sinhala","0771747442","2","Agent","00:00:27","11","Oshadi","00:00:46"
"2026-09-28 09:55:59","1000 - Sinhala","0777944900","1","Caller","00:00:21","12","Harshika","00:02:57"
"2026-09-28 09:56:20","1000 - Sinhala","0766287432","1","Caller","00:01:30","10","Praveena","00:01:19"
"2026-09-28 09:57:00","1000 - Sinhala","0754536869","2","Caller","00:00:41","10","Praveena","00:00:37"
"2026-09-28 09:57:17","1000 - Sinhala","0767390081","2","Agent","00:00:04","11","Oshadi","00:01:38"
"2026-09-28 09:57:26","1000 - Sinhala","0764159165","2","Caller","00:01:40","10","Praveena","00:00:48"
"2026-09-28 09:58:45","1000 - Sinhala","0779560695","1","Agent","00:00:03","11","Oshadi","00:01:19"
"2026-09-28 09:58:54","1000 - Sinhala","0771747442","2","Caller","00:00:07","10","Praveena","00:02:09"
"2026-09-28 10:00:35","1000 - Sinhala","0788617169","1","Caller","00:00:07","11","Oshadi","00:00:30"
"2026-09-28 10:01:04","1000 - Sinhala","0764159165","1","Caller","00:00:02","10","Praveena","00:02:06"
"2026-09-28 10:01:15","1000 - Sinhala","0765749410","1","Caller","00:00:03","10","Praveena","00:00:05"
"2026-09-28 10:02:30","1000 - Sinhala","0774246061","1","Caller","00:00:03","10","Praveena","00:01:09"
"2026-09-28 10:03:25","1000 - Sinhala","0773293926","1","Caller","00:00:04","10","Praveena","00:00:58"
"2026-09-28 10:04:34","1000 - Sinhala","0765749410","1","Agent","00:00:03","12","Harshika","00:01:18"
"2026-09-28 10:05:38","1000 - Sinhala","0767854324","1","Caller","00:00:07","11","Oshadi","00:01:24"
"2026-09-28 10:06:03","1000 - Sinhala","0718622358","1","Caller","00:00:33","11","Oshadi","00:00:19"
"2026-09-28 10:06:34","1000 - Sinhala","0788617169","1","Agent","00:00:03","10","Praveena","00:02:30"
"2026-09-28 10:08:01","1000 - Sinhala","0718622358","1","Agent","00:00:03","10","Praveena","00:01:18"
"2026-09-28 10:08:24","1000 - Sinhala","0716321360","2","Agent","00:01:13","11","Oshadi","00:01:57"
"2026-09-28 10:12:53","1000 - Sinhala","0764490786","1","Caller","00:00:02","10","Praveena","00:00:21"
"2026-09-28 10:13:22","1000 - Sinhala","0705393951","1","Caller","00:00:03","10","Praveena","00:00:55"
"2026-09-28 10:15:04","1000 - Sinhala","0772493876","1","Caller","00:00:03","12","Harshika","00:01:35"
"2026-09-28 10:15:06","1000 - Sinhala","0711919269","1","Agent","00:00:03","10","Praveena","00:02:11"
"2026-09-28 10:15:15","1000 - Sinhala","0701272009","1","Agent","00:00:06","11","Oshadi","00:01:35"
"2026-09-28 10:17:17","1000 - Sinhala","0752227922","2","Caller","00:01:25","10","Praveena","00:02:05"
"2026-09-28 10:17:18","1000 - Sinhala","0764740259","3","Caller","00:00:32","11","Oshadi","00:01:54"
"2026-09-28 10:18:16","1000 - Sinhala","0764861141","2","Caller","00:01:38","10","Praveena","00:00:56"
"2026-09-28 10:19:20","1000 - Sinhala","0719000666","1","Agent","00:00:04","10","Praveena","00:00:40"
"2026-09-28 10:25:14","1000 - Sinhala","0761388907","1","Agent","00:03:01","12","Harshika","00:02:10"
"2026-09-28 10:26:13","1000 - Sinhala","0719000666","1","Caller","00:00:03","10","Praveena","00:06:21"
"2026-09-28 10:26:50","1000 - Sinhala","0702175147","2","Caller","00:01:52","10","Praveena","00:00:30"
"2026-09-28 10:27:02","1000 - Sinhala","0769910313","3","Agent","00:03:46","10","Praveena","00:00:46"
"2026-09-28 10:29:05","1000 - Sinhala","0702175147","1","Caller","00:00:03","10","Praveena","00:02:01"
"2026-09-28 10:29:26","1000 - Sinhala","0775790066","1","Caller","00:01:25","10","Praveena","00:00:19"
"2026-09-28 10:29:51","1000 - Sinhala","0702952935","1","Caller","00:00:02","10","Praveena","00:00:30"
"2026-09-28 10:31:41","1000 - Sinhala","0775790066","1","Caller","00:00:03","10","Praveena","00:02:07"
"2026-09-28 10:32:40","1000 - Sinhala","0701057922","1","Caller","00:00:04","10","Praveena","00:00:33"
"2026-09-28 10:32:45","1000 - Sinhala","0721700344","1","Caller","00:00:04","10","Praveena","00:00:09"
"2026-09-28 10:34:12","1000 - Sinhala","0701057922","1","Caller","00:00:04","10","Praveena","00:01:11"
"2026-09-28 10:34:29","1000 - Sinhala","0765659058","2","Caller","00:00:59","10","Praveena","00:00:15"
"2026-09-28 10:34:52","1000 - Sinhala","0762228017","1","Caller","00:00:03","12","Harshika","00:01:36"
"2026-09-28 10:34:56","1000 - Sinhala","0721700344","2","Caller","00:00:45","10","Praveena","00:00:38"
"2026-09-28 10:36:59","1000 - Sinhala","0769090361","3","Agent","00:00:43","10","Praveena","00:02:36"
"2026-09-28 10:37:02","1000 - Sinhala","0765659058","2","Caller","00:01:05","10","Praveena","00:00:01"
"2026-09-28 10:45:15","1000 - Sinhala","0701366128","3","Agent","00:05:35","12","Harshika","00:02:41"
"2026-09-28 10:49:24","1000 - Sinhala","0704753062","2","Agent","00:00:19","10","Praveena","00:12:20"
"2026-09-28 10:49:44","1000 - Sinhala","0702124742","8","Caller","00:03:26","10","Praveena","00:00:13"
"2026-09-28 10:49:53","1000 - Sinhala","0760564483","7","Caller","00:07:24","10","Praveena","00:00:27"
"2026-09-28 10:50:42","1000 - Sinhala","0769910313","8","Agent","00:02:24","11","Oshadi","00:00:33"
"2026-09-28 10:50:50","1000 - Sinhala","0716365756","9","Caller","00:02:03","10","Praveena","00:01:13"
"2026-09-28 10:53:47","1000 - Sinhala","0713532750","10","Caller","00:02:22","10","Praveena","00:02:50"
"2026-09-28 10:54:10","1000 - Sinhala","0771114170","1","Caller","00:01:09","12","Harshika","00:01:34"
"2026-09-28 10:55:40","1000 - Sinhala","0775161309","2","Caller","00:02:18","10","Praveena","00:01:47"
"2026-09-28 10:56:13","1000 - Sinhala","0760564483","6","Caller","00:02:21","10","Praveena","00:00:22"
"2026-09-28 10:58:23","1000 - Sinhala","0773077607","3","Caller","00:01:18","10","Praveena","00:02:26"
"2026-09-28 10:59:48","1000 - Sinhala","0767001510","4","Caller","00:02:35","10","Praveena","00:01:23"
"2026-09-28 10:59:57","1000 - Sinhala","0777852610","4","Caller","00:01:20","11","Oshadi","00:03:50"
"2026-09-28 11:02:07","1000 - Sinhala","0770682553","2","Caller","00:00:54","10","Praveena","00:03:37"
"2026-09-28 11:02:14","1000 - Sinhala","0713532750","1","Agent","00:00:28","11","Oshadi","00:02:14"
"2026-09-28 11:02:22","1000 - Sinhala","0773502956","3","Caller","00:00:37","10","Praveena","00:00:10"
"2026-09-28 11:02:30","1000 - Sinhala","0757508004","2","Caller","00:01:33","10","Praveena","00:00:21"
"2026-09-28 11:04:30","1000 - Sinhala","0711327351","1","Agent","00:00:03","12","Harshika","00:01:53"
"2026-09-28 11:05:12","1000 - Sinhala","0757508004","1","Agent","00:00:39","11","Oshadi","00:01:53"
"2026-09-28 11:06:01","1000 - Sinhala","0774020454","3","Caller","00:00:10","10","Praveena","00:03:45"
"2026-09-28 11:06:19","1000 - Sinhala","0771513701","2","Caller","00:01:26","10","Praveena","00:00:14"
"2026-09-28 11:07:01","1000 - Sinhala","0701545466","1","Agent","00:00:02","10","Praveena","00:00:44"
"2026-09-28 11:07:15","1001 - Tamil","0741919112","1","Agent","00:01:37","11","Oshadi","00:01:52"
"2026-09-28 11:08:02","1000 - Sinhala","0768013737","1","Caller","00:00:02","10","Praveena","00:01:41"
"2026-09-28 11:09:03","1000 - Sinhala","0768186770","1","Caller","00:01:31","11","Oshadi","00:01:10"
"2026-09-28 11:10:19","1000 - Sinhala","0701545466","2","Caller","00:00:17","10","Praveena","00:02:14"
"2026-09-28 11:11:30","1000 - Sinhala","0773502956","1","Agent","00:00:02","11","Oshadi","00:02:15"
"2026-09-28 11:13:53","1000 - Sinhala","0768186770","2","Caller","00:00:04","12","Harshika","00:04:36"
"2026-09-28 11:15:23","1000 - Sinhala","0765659058","1","Agent","00:00:09","10","Praveena","00:05:01"
"2026-09-28 11:15:46","1000 - Sinhala","0775226425","2","Agent","00:00:44","11","Oshadi","00:03:38"
"2026-09-28 11:15:49","1001 - Tamil","0752006349","1","Caller","00:01:18","10","Praveena","00:00:24"
"2026-09-28 11:16:26","1000 - Sinhala","0765379577","1","Agent","00:01:41","10","Praveena","00:00:56"
"2026-09-28 11:17:21","1000 - Sinhala","0768186770","1","Caller","00:00:15","11","Oshadi","00:01:30"
"2026-09-28 11:17:38","1000 - Sinhala","0725501496","2","Agent","00:00:28","10","Praveena","00:02:04"
"2026-09-28 11:20:24","1001 - Tamil","0714489351","1","Caller","00:00:51","10","Praveena","00:02:42"
"2026-09-28 11:20:46","1000 - Sinhala","0767001510","2","Agent","00:00:49","11","Oshadi","00:04:06"
"2026-09-28 11:20:55","1001 - Tamil","0752006349","1","Caller","00:00:46","12","Harshika","00:01:44"
"2026-09-28 11:21:20","1000 - Sinhala","0720983134","6","Caller","00:00:46","10","Praveena","00:00:50"
"2026-09-28 11:22:14","1000 - Sinhala","0112667510","5","Caller","00:00:29","10","Praveena","00:01:38"
"2026-09-28 11:22:51","1000 - Sinhala","0726401599","2","Agent","00:04:18","10","Praveena","00:02:25"
"2026-09-28 11:24:11","1000 - Sinhala","0719000666","2","Caller","00:00:03","11","Oshadi","00:03:05"
"2026-09-28 11:24:43","1000 - Sinhala","0768186770","3","Caller","00:00:53","11","Oshadi","00:00:25"
"2026-09-28 11:25:23","1000 - Sinhala","0720983134","2","Caller","00:00:32","10","Praveena","00:03:07"
"2026-09-28 11:25:41","1000 - Sinhala","0768186770","1","Caller","00:00:02","10","Praveena","00:00:10"
"2026-09-28 11:25:58","1000 - Sinhala","0768186770","1","Caller","00:00:03","10","Praveena","00:00:07"
"2026-09-28 11:26:56","1000 - Sinhala","0767001510","1","Caller","00:00:08","10","Praveena","00:00:55"
"2026-09-28 11:29:06","1000 - Sinhala","0767001510","1","Agent","00:00:10","11","Oshadi","00:01:21"
"2026-09-28 11:32:56","1000 - Sinhala","0711992710","1","Caller","00:00:04","12","Harshika","00:02:27"
"2026-09-28 11:33:36","1000 - Sinhala","0768186770","1","Caller","00:00:03","10","Praveena","00:06:04"
"2026-09-28 11:34:41","1000 - Sinhala","0766341690","1","Caller","00:00:03","10","Praveena","00:00:20"
"2026-09-28 11:35:01","1000 - Sinhala","0716837678","1","Caller","00:00:08","11","Oshadi","00:02:28"
"2026-09-28 11:35:12","1000 - Sinhala","0759626232","1","Agent","00:00:02","10","Praveena","00:00:44"
"2026-09-28 11:36:35","1000 - Sinhala","0770047808","2","Caller","00:00:06","10","Praveena","00:02:03"
"2026-09-28 11:36:58","1001 - Tamil","0766341690","1","Agent","00:00:08","11","Oshadi","00:01:52"
"2026-09-28 11:39:07","1000 - Sinhala","0701413965","1","Caller","00:00:03","10","Praveena","00:02:08"
"2026-09-28 11:40:26","1000 - Sinhala","0740122592","1","Caller","00:00:03","10","Praveena","00:00:59"
"2026-09-28 11:40:40","1000 - Sinhala","0714869986","1","Caller","00:00:04","10","Praveena","00:00:44"
"2026-09-28 11:41:41","1000 - Sinhala","0777700264","1","Caller","00:00:41","11","Oshadi","00:02:53"
"2026-09-28 11:42:20","1000 - Sinhala","0765379577","2","Agent","00:00:03","12","Harshika","00:02:52"
"2026-09-28 11:43:13","1000 - Sinhala","0770469712","1","Caller","00:00:03","10","Praveena","00:01:50"
"2026-09-28 11:44:45","1000 - Sinhala","0753831520","1","Caller","00:00:02","10","Praveena","00:01:16"
"2026-09-28 11:47:42","1000 - Sinhala","0777700264","1","Caller","00:00:08","11","Oshadi","00:04:01"
"2026-09-28 11:47:55","1000 - Sinhala","0713815167","1","Caller","00:01:08","11","Oshadi","00:00:08"
"2026-09-28 11:48:40","1000 - Sinhala","0713910412","1","Caller","00:00:20","10","Praveena","00:03:53"
"2026-09-28 11:48:55","1000 - Sinhala","0713815167","1","Caller","00:00:35","10","Praveena","00:00:12"
"2026-09-28 11:49:06","1000 - Sinhala","0777133824","2","Caller","00:00:21","11","Oshadi","00:01:15"
"2026-09-28 11:56:23","1000 - Sinhala","0722233943","1","Agent","00:00:03","10","Praveena","00:02:27"
"2026-09-28 11:56:42","1000 - Sinhala","0702952935","1","Caller","00:00:03","10","Praveena","00:02:39"
"2026-09-28 11:59:43","1000 - Sinhala","0777609079","1","Caller","00:00:03","10","Praveena","00:02:46"
"2026-09-28 12:01:35","1000 - Sinhala","0702952935","1","Caller","00:00:03","10","Praveena","00:04:19"
"2026-09-28 12:01:46","1000 - Sinhala","0764025941","2","Caller","00:00:07","12","Harshika","00:04:43"
"2026-09-28 12:02:33","1001 - Tamil","0773966736","1","Agent","00:00:29","11","Oshadi","00:01:56"
"2026-09-28 12:02:44","1000 - Sinhala","0777609079","1","Caller","00:01:18","10","Praveena","00:01:06"
"2026-09-28 12:04:51","1000 - Sinhala","0713815167","1","Caller","00:00:04","10","Praveena","00:00:36"
"2026-09-28 12:05:05","1000 - Sinhala","0114702702","2","Caller","00:00:55","10","Praveena","00:03:22"
"2026-09-28 12:06:28","1000 - Sinhala","0756230063","1","Agent","00:00:12","11","Oshadi","00:02:01"
"2026-09-28 12:06:41","1000 - Sinhala","0762975732","1","Caller","00:00:45","11","Oshadi","00:00:09"
"2026-09-28 12:07:02","1000 - Sinhala","0713815167","1","Caller","00:00:03","10","Praveena","00:01:53"
"2026-09-28 12:08:24","1000 - Sinhala","0762975732","1","Caller","00:00:04","11","Oshadi","00:01:18"
"2026-09-28 12:09:04","1001 - Tamil","0765473199","1","Agent","00:00:56","10","Praveena","00:01:53"
"2026-09-28 12:12:36","1000 - Sinhala","0752332696","1","Agent","00:00:04","10","Praveena","00:02:17"
"2026-09-28 12:16:46","1000 - Sinhala","0740122592","1","Caller","00:00:03","10","Praveena","00:00:25"
"2026-09-28 12:17:18","1000 - Sinhala","0769750028","1","Caller","00:00:03","10","Praveena","00:00:16"
"2026-09-28 12:20:38","1000 - Sinhala","0758491157","1","Agent","00:00:03","10","Praveena","00:01:32"
"2026-09-28 12:32:32","1000 - Sinhala","0760817221","1","Agent","00:00:03","10","Praveena","00:01:25"
"2026-09-28 12:33:06","1000 - Sinhala","0766462554","1","Caller","00:00:06","10","Praveena","00:01:07"
"2026-09-28 12:34:18","1000 - Sinhala","0770268742","2","Agent","00:00:03","12","Harshika","00:03:09"
"2026-09-28 12:35:53","1000 - Sinhala","0761557746","2","Caller","00:00:54","11","Oshadi","00:00:52"
"2026-09-28 12:36:09","1000 - Sinhala","0778275372","1","Agent","00:00:20","11","Oshadi","00:01:48"
"2026-09-28 12:37:46","1000 - Sinhala","0776794441","1","Agent","00:00:09","11","Oshadi","00:01:45"
"2026-09-28 12:38:41","1000 - Sinhala","0775226425","1","Caller","00:00:04","10","Praveena","00:05:21"
"2026-09-28 12:39:17","1000 - Sinhala","0719000035","1","Caller","00:01:08","11","Oshadi","00:01:25"
"2026-09-28 12:39:28","1000 - Sinhala","0775626914","3","Caller","00:01:02","10","Praveena","00:00:44"
"2026-09-28 12:40:04","1000 - Sinhala","0775626914","1","Caller","00:00:03","10","Praveena","00:00:19"
"2026-09-28 12:40:07","1000 - Sinhala","0761557746","2","Caller","00:01:05","12","Harshika","00:01:27"
"2026-09-28 12:41:45","1000 - Sinhala","0775892506","1","Caller","00:00:05","10","Praveena","00:01:39"
"2026-09-28 12:42:57","1000 - Sinhala","0775626914","1","Agent","00:00:05","11","Oshadi","00:02:15"
"2026-09-28 12:43:31","1000 - Sinhala","0752615290","1","Caller","00:00:03","10","Praveena","00:00:21"
"2026-09-28 12:44:24","1000 - Sinhala","0777306613","1","Caller","00:00:03","10","Praveena","00:00:28"
"2026-09-28 12:45:51","1000 - Sinhala","0779622345","1","Agent","00:00:03","10","Praveena","00:01:48"
"2026-09-28 12:49:27","1000 - Sinhala","0775957230","1","Agent","00:00:04","10","Praveena","00:01:37"
"2026-09-28 12:50:12","1000 - Sinhala","0729658968","1","Agent","00:00:04","10","Praveena","00:03:15"
"2026-09-28 12:51:39","1000 - Sinhala","0787852436","1","Agent","00:00:04","10","Praveena","00:00:03"
"2026-09-28 12:53:17","1000 - Sinhala","0787852436","1","Caller","00:00:04","10","Praveena","00:01:10"
"2026-09-28 12:59:52","1000 - Sinhala","0774304331","1","Caller","00:00:09","11","Oshadi","00:03:21"
"2026-09-28 13:03:07","1000 - Sinhala","0779080740","1","Caller","00:00:04","10","Praveena","00:02:54"
"2026-09-28 13:05:08","1000 - Sinhala","0713060382","1","Caller","00:00:05","10","Praveena","00:00:11"
"2026-09-28 13:11:37","1000 - Sinhala","0714059193","1","Agent","00:00:04","10","Praveena","00:01:27"
"2026-09-28 13:14:03","1000 - Sinhala","0705611925","1","Agent","00:00:04","12","Harshika","00:02:31"
"2026-09-28 13:14:44","1000 - Sinhala","0776683023","1","Caller","00:00:03","10","Praveena","00:00:13"
"2026-09-28 13:17:00","1000 - Sinhala","0766289914","1","Caller","00:00:03","10","Praveena","00:01:31"
"2026-09-28 13:19:28","1000 - Sinhala","0777954718","1","Caller","00:01:19","10","Praveena","00:02:23"
"2026-09-28 13:19:59","1000 - Sinhala","0702124742","1","Agent","00:01:03","12","Harshika","00:01:48"
"2026-09-28 13:21:51","1000 - Sinhala","0740122592","2","Caller","00:01:03","10","Praveena","00:02:17"
"2026-09-28 13:23:51","1000 - Sinhala","0771108147","1","Caller","00:00:03","10","Praveena","00:00:19"
"2026-09-28 13:25:46","1000 - Sinhala","0771108147","1","Caller","00:00:03","10","Praveena","00:01:34"
"2026-09-28 13:29:56","1000 - Sinhala","0715237186","1","Agent","00:00:53","12","Harshika","00:01:43"
"2026-09-28 13:30:21","1000 - Sinhala","0760004776","2","Caller","00:01:42","10","Praveena","00:04:30"
"2026-09-28 13:34:09","1000 - Sinhala","0728534432","1","Caller","00:00:05","10","Praveena","00:00:16"
"2026-09-28 13:39:02","1000 - Sinhala","0728534432","1","Caller","00:00:03","10","Praveena","00:04:37"
"2026-09-28 13:39:59","1000 - Sinhala","0702477678","1","Agent","00:00:37","12","Harshika","00:01:37"
"2026-09-28 13:40:41","1000 - Sinhala","0711463981","2","Caller","00:01:00","10","Praveena","00:01:31"
"2026-09-28 13:45:47","1000 - Sinhala","0771114170","1","Caller","00:00:03","10","Praveena","00:04:57"
"2026-09-28 13:45:56","1001 - Tamil","0769979584","1","Caller","00:01:54","10","Praveena","00:00:00"
"2026-09-28 13:46:21","1000 - Sinhala","0740226979","2","Caller","00:00:11","10","Praveena","00:00:31"
"2026-09-28 13:46:55","1000 - Sinhala","0740226979","1","Caller","00:00:03","10","Praveena","00:00:13"
"2026-09-28 13:50:26","1000 - Sinhala","0712425700","1","Caller","00:00:03","10","Praveena","00:01:36"
"2026-09-28 13:50:42","1000 - Sinhala","0774398671","1","Caller","00:00:03","10","Praveena","00:02:09"
"2026-09-28 13:53:20","1000 - Sinhala","0711463981","1","Agent","00:01:50","11","Oshadi","00:02:25"
"2026-09-28 13:54:57","1000 - Sinhala","0753516162","1","Agent","00:00:44","11","Oshadi","00:02:23"
"2026-09-28 13:57:47","1000 - Sinhala","0711786878","2","Agent","00:00:52","10","Praveena","00:07:18"
"2026-09-28 13:58:13","1000 - Sinhala","0711463981","2","Caller","00:00:36","11","Oshadi","00:03:01"
"2026-09-28 13:59:29","1001 - Tamil","0769979584","1","Agent","00:00:02","10","Praveena","00:01:31"
"2026-09-28 14:02:57","1000 - Sinhala","0112842542","1","Agent","00:00:23","11","Oshadi","00:01:39"
"2026-09-28 14:03:19","1001 - Tamil","0726102774","1","Caller","00:00:19","11","Oshadi","00:00:15"
"2026-09-28 14:03:42","1000 - Sinhala","0711463981","1","Caller","00:00:04","10","Praveena","00:05:09"
"2026-09-28 14:07:15","1000 - Sinhala","0718622358","2","Agent","00:00:09","11","Oshadi","00:00:39"
"2026-09-28 14:08:12","1000 - Sinhala","0722276725","1","Caller","00:00:38","10","Praveena","00:01:32"
"2026-09-28 14:08:53","1000 - Sinhala","0718622358","1","Caller","00:00:03","11","Oshadi","00:01:20"
"2026-09-28 14:11:06","1000 - Sinhala","0718622358","1","Caller","00:00:04","10","Praveena","00:01:26"
"2026-09-28 14:15:48","1000 - Sinhala","0112308308","1","Caller","00:00:04","10","Praveena","00:04:52"
"2026-09-28 14:16:40","1000 - Sinhala","0721032583","1","Caller","00:01:24","10","Praveena","00:00:47"
"2026-09-28 14:17:26","1000 - Sinhala","0769161572","2","Caller","00:01:27","10","Praveena","00:01:27"
"2026-09-28 14:18:19","1000 - Sinhala","0775177680","1","Agent","00:00:39","11","Oshadi","00:04:02"
"2026-09-28 14:18:56","1000 - Sinhala","0776558736","3","Caller","00:02:12","10","Praveena","00:01:25"
"2026-09-28 14:20:24","1000 - Sinhala","0775015628","2","Caller","00:00:38","11","Oshadi","00:01:11"
"2026-09-28 14:22:11","1000 - Sinhala","0775797896","1","Agent","00:00:54","10","Praveena","00:03:09"
"2026-09-28 14:23:09","1000 - Sinhala","0778042040","2","Caller","00:00:51","11","Oshadi","00:02:25"
"2026-09-28 14:23:11","1000 - Sinhala","0757144733","1","Agent","00:01:46","11","Oshadi","00:01:36"
"2026-09-28 14:23:44","1000 - Sinhala","0711487432","2","Caller","00:00:38","10","Praveena","00:01:29"
"2026-09-28 14:24:09","1000 - Sinhala","0763776934","1","Caller","00:00:02","10","Praveena","00:00:10"
"2026-09-28 14:29:22","1000 - Sinhala","0768186770","1","Caller","00:00:23","11","Oshadi","00:06:01"
"2026-09-28 14:31:43","1000 - Sinhala","0759100748","1","Caller","00:00:13","10","Praveena","00:02:16"
"2026-09-28 14:37:29","1000 - Sinhala","0716321360","1","Caller","00:00:03","10","Praveena","00:00:25"
"2026-09-28 14:41:11","1000 - Sinhala","0786111686","2","Agent","00:00:13","11","Oshadi","00:01:41"
"2026-09-28 14:44:44","1000 - Sinhala","0716321360","1","Agent","00:05:19","10","Praveena","00:01:24"
"2026-09-28 14:45:47","1000 - Sinhala","0768941218","2","Agent","00:00:12","11","Oshadi","00:02:23"
"2026-09-28 14:47:50","1000 - Sinhala","0776683023","2","Agent","00:00:13","11","Oshadi","00:01:16"
"2026-09-28 14:52:16","1000 - Sinhala","0758183197","2","Caller","00:00:25","11","Oshadi","00:00:09"
"2026-09-28 14:54:12","1000 - Sinhala","0716321360","1","Caller","00:08:14","10","Praveena","00:00:44"
"2026-09-28 14:54:51","1000 - Sinhala","0771234508","3","Caller","00:01:52","10","Praveena","00:00:13"
"2026-09-28 14:56:04","1000 - Sinhala","0758183197","2","Agent","00:00:10","11","Oshadi","00:03:14"
"2026-09-28 14:56:19","1000 - Sinhala","0771234508","1","Caller","00:00:34","11","Oshadi","00:00:10"
"2026-09-28 15:04:02","1000 - Sinhala","0743898312","2","Caller","00:00:15","11","Oshadi","00:01:13"
"2026-09-28 15:04:11","1000 - Sinhala","0711463981","2","Agent","00:01:41","10","Praveena","00:00:55"
"2026-09-28 15:05:57","1001 - Tamil","0774042557","1","Caller","00:00:43","11","Oshadi","00:01:49"
"2026-09-28 15:06:17","1000 - Sinhala","0706268537","2","Caller","00:00:37","11","Oshadi","00:00:12"
"2026-09-28 15:07:56","1000 - Sinhala","0766190373","3","Caller","00:00:13","11","Oshadi","00:01:46"
"2026-09-28 15:08:54","1000 - Sinhala","0772493876","3","Caller","00:01:43","11","Oshadi","00:00:10"
"2026-09-28 15:12:05","1000 - Sinhala","0778153666","2","Agent","00:01:08","11","Oshadi","00:04:03"
"2026-09-28 15:14:19","1000 - Sinhala","0715896961","1","Caller","00:00:41","10","Praveena","00:00:34"
"2026-09-28 15:15:53","1000 - Sinhala","0784617927","1","Caller","00:01:14","10","Praveena","00:00:28"
"2026-09-28 15:16:21","1000 - Sinhala","0711463981","2","Agent","00:00:07","11","Oshadi","00:07:14"
"2026-09-28 15:17:15","1000 - Sinhala","0715896961","2","Caller","00:01:05","10","Praveena","00:01:47"
"2026-09-28 15:18:25","1000 - Sinhala","0784417046","3","Agent","00:01:09","12","Harshika","00:02:40"
"2026-09-28 15:18:39","1000 - Sinhala","0769750028","3","Caller","00:00:44","11","Oshadi","00:02:14"
"2026-09-28 15:19:52","1000 - Sinhala","0774398671","1","Caller","00:00:04","10","Praveena","00:01:13"
"2026-09-28 15:20:47","1000 - Sinhala","0742587213","1","Caller","00:00:04","10","Praveena","00:01:42"
"2026-09-28 15:21:08","1000 - Sinhala","0705326655","1","Caller","00:00:04","12","Harshika","00:01:26"
"2026-09-28 15:22:14","1000 - Sinhala","0774398671","1","Agent","00:00:42","11","Oshadi","00:01:24"
"2026-09-28 15:24:38","1000 - Sinhala","0774398671","1","Caller","00:00:03","10","Praveena","00:02:05"
"2026-09-28 15:25:54","1000 - Sinhala","0711369073","1","Caller","00:00:03","10","Praveena","00:00:25"
"2026-09-28 15:27:45","1000 - Sinhala","0711369073","1","Caller","00:00:03","10","Praveena","00:01:35"
"2026-09-28 15:27:49","1000 - Sinhala","0773394990","1","Caller","00:00:06","11","Oshadi","00:00:18"
"2026-09-28 15:29:08","1000 - Sinhala","0773394990","1","Caller","00:00:08","11","Oshadi","00:00:51"
"2026-09-28 15:31:41","1000 - Sinhala","0743898312","1","Caller","00:00:03","10","Praveena","00:02:20"
"2026-09-28 15:32:23","1000 - Sinhala","0773394990","1","Caller","00:00:05","12","Harshika","00:01:34"
"2026-09-28 15:32:55","1000 - Sinhala","0721032583","1","Agent","00:00:10","11","Oshadi","00:01:29"
"2026-09-28 15:40:31","1000 - Sinhala","0779080740","1","Caller","00:00:03","10","Praveena","00:02:04"
"2026-09-28 15:44:02","1000 - Sinhala","0752281482","1","Agent","00:00:04","10","Praveena","00:03:16"
"2026-09-28 15:53:35","1000 - Sinhala","0711463981","1","Agent","00:00:05","10","Praveena","00:00:10"
"2026-09-28 15:55:00","1000 - Sinhala","0711463981","1","Caller","00:00:03","10","Praveena","00:01:07"
"2026-09-28 15:56:30","1000 - Sinhala","0784617927","1","Caller","00:00:04","10","Praveena","00:00:40"
"2026-09-28 16:00:10","1000 - Sinhala","0768186770","1","Caller","00:00:04","10","Praveena","00:02:19"
"2026-09-28 16:01:34","1000 - Sinhala","0784617927","1","Caller","00:00:59","12","Harshika","00:02:35"
"2026-09-28 16:14:20","1000 - Sinhala","0754536869","1","Caller","00:00:04","10","Praveena","00:02:12"
"2026-09-28 16:21:48","1001 - Tamil","0717746014","1","Agent","00:00:04","10","Praveena","00:01:55"
"2026-09-28 16:23:39","1000 - Sinhala","0744106974","1","Caller","00:00:03","10","Praveena","00:01:02"
"2026-09-28 16:25:16","1000 - Sinhala","0769283251","1","Agent","00:00:26","10","Praveena","00:01:34"
"2026-09-28 16:25:41","1000 - Sinhala","0719000666","1","Caller","00:00:03","10","Praveena","00:04:45"
"2026-09-28 16:27:29","1000 - Sinhala","0759523160","1","Agent","00:00:03","10","Praveena","00:01:32"
"2026-09-28 16:28:34","1000 - Sinhala","0759523160","1","Caller","00:00:03","10","Praveena","00:00:25"
"2026-09-28 16:31:05","1000 - Sinhala","0759523160","1","Caller","00:00:04","10","Praveena","00:02:02"
"2026-09-28 16:35:43","1000 - Sinhala","0778767828","1","Caller","00:00:03","10","Praveena","00:00:58"
"2026-09-28 16:38:28","1000 - Sinhala","0778767828","1","Agent","00:00:03","10","Praveena","00:01:29"
"2026-09-28 16:49:20","1000 - Sinhala","0761998153","1","Agent","00:00:04","10","Praveena","00:01:25"
"2026-09-28 16:59:24","1000 - Sinhala","0704753062","1","Agent","00:00:03","10","Praveena","00:01:48"
"2026-09-28 17:03:25","1000 - Sinhala","0766253647","1","Caller","00:00:04","10","Praveena","00:02:07"
"2026-09-28 17:10:27","1000 - Sinhala","0716134154","1","Caller","00:00:03","10","Praveena","00:01:44"
"2026-09-28 17:18:45","1000 - Sinhala","0769910313","1","Agent","00:00:04","10","Praveena","00:01:42"
"2026-09-28 17:27:00","1000 - Sinhala","0724115389","1","Caller","00:00:03","10","Praveena","00:02:11"
"2026-09-28 17:35:00","1000 - Sinhala","0771180425","1","Caller","00:00:04","10","Praveena","00:02:24"
"2026-09-28 17:38:18","1000 - Sinhala","0775626914","1","Caller","00:00:03","10","Praveena","00:03:07"
"2026-09-28 17:38:57","1000 - Sinhala","0741940776","1","Agent","00:00:05","11","Oshadi","00:01:12"
"2026-09-28 17:41:28","1000 - Sinhala","0767990403","1","Caller","00:00:03","10","Praveena","00:00:15"
"2026-09-28 17:42:47","1000 - Sinhala","0764861141","1","Agent","00:00:07","10","Praveena","00:01:07"
"2026-09-28 17:43:12","1000 - Sinhala","0767990403","2","Agent","00:00:04","12","Harshika","00:01:33"
"2026-09-28 17:46:17","1000 - Sinhala","0773082757","1","Caller","00:00:03","10","Praveena","00:01:05"
"2026-09-28 17:46:40","1000 - Sinhala","0764861141","1","Caller","00:00:06","11","Oshadi","00:01:07"
"2026-09-28 17:53:08","1000 - Sinhala","0715781282","1","Caller","00:00:03","10","Praveena","00:02:01"
"2026-09-28 17:53:22","1000 - Sinhala","0758183197","1","Caller","00:00:03","10","Praveena","00:03:47"
"2026-09-28 17:53:47","1000 - Sinhala","0704753062","1","Caller","00:00:04","10","Praveena","00:00:32"
"2026-09-28 18:02:14","1000 - Sinhala","0702208428","1","Agent","00:00:05","10","Praveena","00:02:26"
"2026-09-29 09:01:25","1001 - Tamil","0741276362","1","Agent","00:00:04","10","Praveena","00:00:08"
"2026-09-29 09:07:25","1000 - Sinhala","0767001510","2","Agent","00:00:06","11","Oshadi","00:01:48"
"2026-09-29 09:08:18","1000 - Sinhala","0767854324","2","Caller","00:00:17","10","Praveena","00:00:15"
"2026-09-29 09:09:30","1000 - Sinhala","0771392255","2","Agent","00:00:05","11","Oshadi","00:02:02"
"2026-09-29 09:10:12","1000 - Sinhala","0779080740","2","Caller","00:00:14","10","Praveena","00:02:06"
"2026-09-29 09:11:01","1000 - Sinhala","0724592568","3","Agent","00:01:40","11","Oshadi","00:01:26"
"2026-09-29 09:12:46","1000 - Sinhala","0714869986","1","Agent","00:01:32","11","Oshadi","00:01:15"
"2026-09-29 09:13:16","1000 - Sinhala","0701366128","2","Caller","00:00:06","11","Oshadi","00:00:11"
"2026-09-29 09:13:43","1000 - Sinhala","0701366128","2","Caller","00:00:06","11","Oshadi","00:00:06"
"2026-09-29 09:14:15","1000 - Sinhala","0718193092","2","Caller","00:00:05","11","Oshadi","00:00:32"
"2026-09-29 09:14:35","1000 - Sinhala","0704753062","3","Caller","00:02:21","10","Praveena","00:00:42"
"2026-09-29 09:20:14","1000 - Sinhala","0765423114","3","Caller","00:01:25","10","Praveena","00:00:02"
"2026-09-29 09:20:33","1000 - Sinhala","0710228732","2","Caller","00:01:22","10","Praveena","00:00:31"
"2026-09-29 09:20:40","1000 - Sinhala","0704753062","3","Agent","00:00:03","11","Oshadi","00:05:33"
"2026-09-29 09:23:06","1000 - Sinhala","0710228732","1","Caller","00:01:26","11","Oshadi","00:00:51"
"2026-09-29 09:24:14","1000 - Sinhala","0767854324","2","Caller","00:00:45","10","Praveena","00:01:50"
"2026-09-29 09:24:26","1001 - Tamil","0751286178","1","Caller","00:00:04","10","Praveena","00:01:59"
"2026-09-29 09:24:35","1000 - Sinhala","0721700344","2","Caller","00:00:05","11","Oshadi","00:00:08"
"2026-09-29 09:25:49","1000 - Sinhala","0763043943","1","Caller","00:00:06","11","Oshadi","00:00:47"
"2026-09-29 09:26:48","1000 - Sinhala","0711651406","1","Caller","00:00:10","11","Oshadi","00:00:28"
"2026-09-29 09:28:36","1000 - Sinhala","0765423114","1","Agent","00:01:51","11","Oshadi","00:04:06"
"2026-09-29 09:28:44","1000 - Sinhala","0711651406","1","Agent","00:00:04","11","Oshadi","00:01:37"
"2026-09-29 09:29:36","1000 - Sinhala","0412228166","2","Caller","00:00:24","11","Oshadi","00:00:46"
"2026-09-29 09:29:55","1000 - Sinhala","0771747442","2","Caller","00:00:11","11","Oshadi","00:00:05"
"2026-09-29 09:31:51","1000 - Sinhala","0412228166","2","Agent","00:00:03","11","Oshadi","00:01:13"
"2026-09-29 09:32:33","1000 - Sinhala","0715171818","1","Caller","00:01:15","11","Oshadi","00:00:30"
"2026-09-29 09:32:38","1000 - Sinhala","0775226425","1","Caller","00:00:12","10","Praveena","00:00:17"
"2026-09-29 09:34:10","1000 - Sinhala","0713815167","1","Caller","00:00:05","11","Oshadi","00:00:08"
"2026-09-29 09:35:36","1000 - Sinhala","0707958190","1","Agent","00:00:03","11","Oshadi","00:01:25"
"2026-09-29 09:35:51","1000 - Sinhala","0701950950","1","Caller","00:00:10","11","Oshadi","00:00:09"
"2026-09-29 09:36:18","1000 - Sinhala","0775226425","1","Agent","00:00:03","10","Praveena","00:03:13"
"2026-09-29 09:37:48","1000 - Sinhala","0775226425","1","Caller","00:00:02","11","Oshadi","00:00:55"
"2026-09-29 09:38:02","1000 - Sinhala","0701950950","1","Agent","00:00:11","11","Oshadi","00:01:44"
"2026-09-29 09:39:37","1000 - Sinhala","0775226425","1","Caller","00:01:19","11","Oshadi","00:00:04"
"2026-09-29 09:39:39","1000 - Sinhala","0724731709","3","Caller","00:00:09","11","Oshadi","00:00:17"
"2026-09-29 09:42:43","1000 - Sinhala","0710228732","4","Agent","00:00:31","11","Oshadi","00:01:57"
"2026-09-29 09:42:45","1000 - Sinhala","0765423114","1","Agent","00:00:05","10","Praveena","00:00:04"
"2026-09-29 09:44:00","1000 - Sinhala","0768186770","2","Caller","00:00:06","11","Oshadi","00:00:03"
"2026-09-29 09:47:51","1000 - Sinhala","0768186770","2","Agent","00:00:44","11","Oshadi","00:03:00"
"2026-09-29 09:48:35","1000 - Sinhala","0775226425","2","Caller","00:00:07","11","Oshadi","00:00:03"
"2026-09-29 09:48:58","1000 - Sinhala","0710587402","3","Caller","00:01:50","11","Oshadi","00:01:01"
"2026-09-29 09:49:39","1000 - Sinhala","0765423114","3","Caller","00:02:27","11","Oshadi","00:00:17"
"2026-09-29 09:52:33","1000 - Sinhala","0765423114","1","Caller","00:02:00","10","Praveena","00:00:11"
"2026-09-29 09:54:17","1000 - Sinhala","0728118400","1","Agent","00:00:09","11","Oshadi","00:01:37"
"2026-09-29 09:54:46","1000 - Sinhala","0728534432","2","Caller","00:00:21","11","Oshadi","00:00:17"
"2026-09-29 09:55:02","1000 - Sinhala","0718686601","1","Caller","00:01:52","11","Oshadi","00:00:22"
"2026-09-29 09:55:44","1000 - Sinhala","0713815167","2","Caller","00:00:24","11","Oshadi","00:03:15"
"2026-09-29 09:55:59","1000 - Sinhala","0771037072","3","Caller","00:00:15","11","Oshadi","00:01:17"
"2026-09-29 09:56:17","1000 - Sinhala","0765423114","2","Caller","00:01:05","11","Oshadi","00:00:13"
"2026-09-29 10:01:24","1001 - Tamil","0719102305","1","Agent","00:00:38","11","Oshadi","00:01:47"
"2026-09-29 10:03:03","1000 - Sinhala","0765423114","2","Agent","00:00:15","11","Oshadi","00:01:36"
"2026-09-29 10:03:32","1000 - Sinhala","0719102305","2","Caller","00:00:40","11","Oshadi","00:00:14"
"2026-09-29 10:05:30","1000 - Sinhala","0713532750","3","Agent","00:04:47","10","Praveena","00:02:58"
"2026-09-29 10:12:14","1000 - Sinhala","0775226425","2","Caller","00:00:08","11","Oshadi","00:06:00"
"2026-09-29 10:12:35","1000 - Sinhala","0718686601","3","Caller","00:00:48","11","Oshadi","00:00:13"
"2026-09-29 10:13:05","1000 - Sinhala","0703196546","2","Agent","00:00:20","10","Praveena","00:01:17"
"2026-09-29 10:19:42","1000 - Sinhala","0714728633","3","Agent","00:00:27","11","Oshadi","00:01:31"
"2026-09-29 10:20:55","1000 - Sinhala","0771747442","2","Caller","00:00:30","11","Oshadi","00:01:04"
"2026-09-29 10:22:06","1000 - Sinhala","0771234508","3","Agent","00:00:08","11","Oshadi","00:02:09"
"2026-09-29 10:22:12","1000 - Sinhala","0770268742","1","Caller","00:03:07","10","Praveena","00:00:09"
"2026-09-29 10:22:24","1000 - Sinhala","0743549958","2","Caller","00:00:25","10","Praveena","00:00:07"
"2026-09-29 10:26:39","1000 - Sinhala","0716581978","2","Agent","00:00:41","10","Praveena","00:03:48"
"2026-09-29 10:30:33","1000 - Sinhala","0770268742","3","Agent","00:02:14","11","Oshadi","00:01:23"
"2026-09-29 10:30:56","1000 - Sinhala","0779461830","3","Caller","00:00:58","11","Oshadi","00:00:13"
"2026-09-29 10:31:53","1000 - Sinhala","0703196546","3","Agent","00:03:49","10","Praveena","00:00:04"
"2026-09-29 10:32:59","1000 - Sinhala","0761388907","2","Caller","00:04:07","11","Oshadi","00:06:04"
"2026-09-29 10:41:04","1000 - Sinhala","0703196546","2","Agent","00:01:24","11","Oshadi","00:07:36"
"2026-09-29 10:41:56","1000 - Sinhala","0713966165","4","Agent","00:05:16","11","Oshadi","00:00:45"
"2026-09-29 10:42:17","1000 - Sinhala","0761388907","4","Caller","00:07:44","10","Praveena","00:00:39"
"2026-09-29 10:43:08","1000 - Sinhala","0740840640","3","Caller","00:00:46","11","Oshadi","00:00:16"
"2026-09-29 10:44:20","1000 - Sinhala","0776187131","4","Agent","00:00:44","10","Praveena","00:02:36"
"2026-09-29 10:44:41","1001 - Tamil","0718880111","1","Caller","00:00:40","11","Oshadi","00:01:14"
"2026-09-29 10:49:22","1000 - Sinhala","0718880111","4","Agent","00:03:01","11","Oshadi","00:01:21"
"2026-09-29 10:49:37","1000 - Sinhala","0713966165","5","Caller","00:03:59","11","Oshadi","00:00:06"
"2026-09-29 10:51:59","1000 - Sinhala","0761388907","2","Caller","00:08:39","10","Praveena","00:00:16"
"2026-09-29 10:52:39","1000 - Sinhala","0743442548","5","Agent","00:03:34","11","Oshadi","00:01:33"
"2026-09-29 10:55:27","1000 - Sinhala","0777713967","2","Caller","00:00:28","10","Praveena","00:03:41"
"2026-09-29 10:57:03","1001 - Tamil","0752006349","1","Agent","00:00:02","11","Oshadi","00:01:35"
"2026-09-29 10:57:21","1000 - Sinhala","0755605802","1","Caller","00:02:11","11","Oshadi","00:00:13"
"2026-09-29 10:59:00","1000 - Sinhala","0719000666","5","Caller","00:01:26","10","Praveena","00:01:23"
"2026-09-29 11:02:18","1001 - Tamil","0742742323","1","Caller","00:03:33","10","Praveena","00:00:31"
"2026-09-29 11:04:41","1000 - Sinhala","0728534432","1","Caller","00:01:15","10","Praveena","00:02:50"
"2026-09-29 11:06:04","1000 - Sinhala","0719000666","1","Caller","00:00:03","11","Oshadi","00:06:15"
"2026-09-29 11:06:32","1000 - Sinhala","0752938210","3","Caller","00:03:01","11","Oshadi","00:00:21"
"2026-09-29 11:08:10","1000 - Sinhala","0777738138","2","Caller","00:00:19","11","Oshadi","00:00:07"
"2026-09-29 11:14:01","1000 - Sinhala","0742742323","3","Caller","00:02:40","10","Praveena","00:02:12"
"2026-09-29 11:16:03","1000 - Sinhala","0713189088","5","Agent","00:01:30","11","Oshadi","00:01:24"
"2026-09-29 11:16:21","1000 - Sinhala","0704468369","4","Caller","00:02:12","11","Oshadi","00:00:14"
"2026-09-29 11:20:35","1000 - Sinhala","0704753062","2","Agent","00:01:12","11","Oshadi","00:03:07"
"2026-09-29 11:21:08","1000 - Sinhala","0743560310","2","Caller","00:01:10","11","Oshadi","00:00:24"
"2026-09-29 11:23:02","1000 - Sinhala","0713532750","4","Caller","00:08:55","10","Praveena","00:01:13"
"2026-09-29 11:23:31","1000 - Sinhala","0712838934","3","Caller","00:01:17","11","Oshadi","00:00:27"
"2026-09-29 11:26:07","1000 - Sinhala","0717648388","3","Agent","00:01:15","11","Oshadi","00:01:56"
"2026-09-29 11:26:21","1000 - Sinhala","0757884050","3","Caller","00:00:23","11","Oshadi","00:00:09"
"2026-09-29 11:29:08","1000 - Sinhala","0788617169","2","Agent","00:01:14","11","Oshadi","00:01:39"
"2026-09-29 11:33:10","1000 - Sinhala","0775226425","1","Caller","00:00:44","11","Oshadi","00:00:10"
"2026-09-29 11:33:38","1000 - Sinhala","0774570170","1","Agent","00:00:04","10","Praveena","00:02:06"
"2026-09-29 11:33:40","1000 - Sinhala","0716373567","1","Caller","00:00:05","11","Oshadi","00:00:13"
"2026-09-29 11:33:43","1000 - Sinhala","0775226425","2","Agent","00:00:13","11","Oshadi","00:00:04"
"2026-09-29 11:37:47","1000 - Sinhala","0754280198","2","Agent","00:00:46","11","Oshadi","00:01:24"
"2026-09-29 11:40:00","1000 - Sinhala","0716373567","2","Caller","00:00:47","11","Oshadi","00:00:03"
"2026-09-29 11:43:25","1000 - Sinhala","0775226425","1","Agent","00:01:50","10","Praveena","00:02:31"
"2026-09-29 11:48:31","1000 - Sinhala","0721700344","2","Caller","00:00:09","11","Oshadi","00:00:09"
"2026-09-29 11:52:39","1000 - Sinhala","0756848273","1","Caller","00:00:14","10","Praveena","00:01:06"
"2026-09-29 11:53:25","1000 - Sinhala","0703648822","1","Caller","00:01:19","10","Praveena","00:00:22"
"2026-09-29 11:54:57","1000 - Sinhala","0756848273","2","Agent","00:01:24","10","Praveena","00:00:38"
"2026-09-29 11:55:18","1000 - Sinhala","0777738138","3","Caller","00:01:16","10","Praveena","00:00:06"
"2026-09-29 11:57:20","1000 - Sinhala","0703273793","1","Caller","00:00:22","10","Praveena","00:00:18"
"2026-09-29 11:57:28","1000 - Sinhala","0704753062","1","Agent","00:04:13","11","Oshadi","00:06:25"
"2026-09-29 11:58:38","1000 - Sinhala","0716588888","2","Caller","00:00:10","11","Oshadi","00:00:12"
"2026-09-29 11:58:54","1000 - Sinhala","0718193092","2","Caller","00:00:13","11","Oshadi","00:00:41"
"2026-09-29 12:00:49","1000 - Sinhala","0753831520","1","Caller","00:00:11","11","Oshadi","00:00:07"
"2026-09-29 12:02:51","1000 - Sinhala","0756848273","1","Caller","00:00:03","10","Praveena","00:02:53"
"2026-09-29 12:05:29","1000 - Sinhala","0716588888","2","Caller","00:00:46","11","Oshadi","00:02:11"
"2026-09-29 12:11:34","1000 - Sinhala","0767676304","5","Agent","00:03:01","11","Oshadi","00:04:16"
"2026-09-29 12:11:56","1000 - Sinhala","0752227922","3","Agent","00:08:26","10","Praveena","00:00:36"
"2026-09-29 12:13:31","1000 - Sinhala","0763571623","2","Caller","00:00:40","11","Oshadi","00:01:51"
"2026-09-29 12:18:33","1000 - Sinhala","0778053436","1","Agent","00:00:09","11","Oshadi","00:00:38"
"2026-09-29 12:18:51","1000 - Sinhala","0777597486","1","Caller","00:00:26","11","Oshadi","00:00:11"
"2026-09-29 12:20:07","1000 - Sinhala","0778241860","2","Agent","00:00:20","10","Praveena","00:01:25"
"2026-09-29 12:21:27","1000 - Sinhala","0767390081","1","Caller","00:00:05","11","Oshadi","00:01:42"
"2026-09-29 12:21:53","1000 - Sinhala","0778241860","2","Caller","00:01:16","11","Oshadi","00:00:15"
"2026-09-29 12:26:49","1000 - Sinhala","0701272009","2","Agent","00:00:27","10","Praveena","00:03:22"
"2026-09-29 12:28:14","1000 - Sinhala","0757884050","2","Agent","00:00:58","11","Oshadi","00:03:15"
"2026-09-29 12:28:31","1000 - Sinhala","0197332408","2","Caller","00:03:32","11","Oshadi","00:00:11"
"2026-09-29 12:29:30","1000 - Sinhala","0774398671","3","Caller","00:01:03","11","Oshadi","00:00:06"
"2026-09-29 12:31:50","1000 - Sinhala","0742072303","2","Agent","00:00:08","11","Oshadi","00:01:17"
"2026-09-29 12:32:50","1000 - Sinhala","0774398671","1","Caller","00:01:34","11","Oshadi","00:00:54"
"2026-09-29 12:34:39","1000 - Sinhala","0713815167","3","Caller","00:01:21","10","Praveena","00:01:25"
"2026-09-29 12:37:53","1000 - Sinhala","0774398671","1","Caller","00:00:06","11","Oshadi","00:03:50"
"2026-09-29 12:44:19","1000 - Sinhala","0763571623","1","Agent","00:08:19","10","Praveena","00:01:08"
"2026-09-29 12:49:12","1000 - Sinhala","0757884050","2","Caller","00:00:12","11","Oshadi","00:00:09"
"2026-09-29 12:51:33","1000 - Sinhala","0764324217","2","Caller","00:00:10","11","Oshadi","00:00:26"
"2026-09-29 12:52:03","1000 - Sinhala","0757884050","2","Caller","00:00:09","11","Oshadi","00:00:03"
"2026-09-29 12:54:05","1000 - Sinhala","0763571623","1","Agent","00:05:53","10","Praveena","00:01:25"
"2026-09-29 12:54:16","1000 - Sinhala","0764324217","1","Caller","00:01:08","11","Oshadi","00:00:03"
"2026-09-29 12:57:58","1000 - Sinhala","0767390081","1","Caller","00:00:03","11","Oshadi","00:02:18"
"2026-09-29 12:58:36","1000 - Sinhala","0771234023","2","Agent","00:00:45","11","Oshadi","00:00:24"
"2026-09-29 13:05:14","1000 - Sinhala","0704753062","1","Caller","00:07:01","10","Praveena","00:02:15"
"2026-09-29 13:18:04","1000 - Sinhala","0704753062","3","Agent","00:06:56","10","Praveena","00:05:28"
"2026-09-29 13:25:25","1001 - Tamil","0725888965","1","Agent","00:00:02","10","Praveena","00:02:43"
"2026-09-29 13:35:34","1000 - Sinhala","0718252116","1","Agent","00:06:35","10","Praveena","00:03:04"
"2026-09-29 13:45:15","1000 - Sinhala","0775226425","3","Agent","00:02:07","10","Praveena","00:01:32"
"2026-09-29 13:52:35","1000 - Sinhala","0776459108","5","Caller","00:02:27","10","Praveena","00:00:27"
"2026-09-29 13:53:15","1000 - Sinhala","0742240334","3","Caller","00:03:22","11","Oshadi","00:07:07"
"2026-09-29 13:59:21","1000 - Sinhala","0772518834","2","Agent","00:00:20","11","Oshadi","00:01:54"
"2026-09-29 14:04:05","1000 - Sinhala","0777632974","3","Agent","00:00:27","11","Oshadi","00:01:41"
"2026-09-29 14:06:29","1000 - Sinhala","0703648822","2","Agent","00:02:00","11","Oshadi","00:01:10"
"2026-09-29 14:06:58","1000 - Sinhala","0776443906","2","Caller","00:00:24","11","Oshadi","00:00:22"
"2026-09-29 14:09:48","1001 - Tamil","0726102774","1","Caller","00:00:08","11","Oshadi","00:00:23"
"2026-09-29 14:10:53","1001 - Tamil","0726102774","1","Caller","00:00:04","11","Oshadi","00:00:45"
"2026-09-29 14:11:06","1000 - Sinhala","0775226425","2","Caller","00:00:42","11","Oshadi","00:00:07"
"2026-09-29 14:11:35","1000 - Sinhala","0779220533","3","Caller","00:00:49","11","Oshadi","00:00:24"
"2026-09-29 14:14:33","1000 - Sinhala","0779220533","2","Caller","00:01:48","11","Oshadi","00:00:45"
"2026-09-29 14:22:28","1000 - Sinhala","0742240334","3","Agent","00:02:12","11","Oshadi","00:06:18"
"2026-09-29 14:26:52","1000 - Sinhala","0779220533","2","Agent","00:06:06","11","Oshadi","00:01:20"
"2026-09-29 14:29:13","1000 - Sinhala","0742240334","3","Caller","00:01:37","11","Oshadi","00:00:14"
"2026-09-29 14:36:04","1000 - Sinhala","0775226425","4","Caller","00:03:48","11","Oshadi","00:01:38"
"2026-09-29 14:39:43","1001 - Tamil","0764317555","1","Caller","00:01:14","11","Oshadi","00:02:34"
"2026-09-29 14:45:45","1000 - Sinhala","0774413925","3","Agent","00:04:18","11","Oshadi","00:01:31"
"2026-09-29 14:47:04","1000 - Sinhala","0772200897","5","Agent","00:06:18","10","Praveena","00:02:04"
"2026-09-29 14:52:30","1001 - Tamil","0761998153","2","Caller","00:01:12","10","Praveena","00:00:44"
"2026-09-29 14:55:19","1000 - Sinhala","0713532750","4","Agent","00:01:55","11","Oshadi","00:02:21"
"2026-09-29 14:59:19","1000 - Sinhala","0777313130","4","Caller","00:02:01","11","Oshadi","00:01:52"
"2026-09-29 15:02:46","1000 - Sinhala","0742742323","5","Agent","00:03:43","11","Oshadi","00:01:53"
"2026-09-29 15:05:13","1000 - Sinhala","0756268521","5","Agent","00:05:36","10","Praveena","00:03:22"
"2026-09-29 15:06:21","1000 - Sinhala","0771434398","7","Agent","00:04:36","11","Oshadi","00:01:30"
"2026-09-29 15:09:52","1000 - Sinhala","0777713967","3","Caller","00:01:59","11","Oshadi","00:02:17"
"2026-09-29 15:13:07","1000 - Sinhala","0710228732","2","Agent","00:01:16","10","Praveena","00:01:26"
"2026-09-29 15:13:10","1000 - Sinhala","0761998153","3","Caller","00:00:12","11","Oshadi","00:02:22"
"2026-09-29 15:15:39","1000 - Sinhala","0711786878","1","Caller","00:01:13","10","Praveena","00:04:06"
"2026-09-29 15:16:09","1001 - Tamil","0741276362","1","Caller","00:00:29","11","Oshadi","00:01:33"
"2026-09-29 15:18:16","1000 - Sinhala","0775490310","3","Agent","00:01:03","11","Oshadi","00:00:44"
"2026-09-29 15:21:41","1000 - Sinhala","0775490310","5","Agent","00:02:07","10","Praveena","00:00:57"
"2026-09-29 15:21:52","1000 - Sinhala","0741940776","4","Agent","00:01:33","11","Oshadi","00:02:17"
"2026-09-29 15:27:16","1001 - Tamil","0760078371","1","Caller","00:00:08","11","Oshadi","00:01:50"
"2026-09-29 15:30:34","1000 - Sinhala","0777892466","3","Caller","00:00:44","11","Oshadi","00:01:39"
"2026-09-29 15:32:13","1000 - Sinhala","0775226425","4","Caller","00:11:35","10","Praveena","00:01:06"
"2026-09-29 15:32:51","1000 - Sinhala","0711648800","2","Agent","00:00:19","11","Oshadi","00:01:38"
"2026-09-29 15:34:31","1000 - Sinhala","0775226425","1","Caller","00:00:08","11","Oshadi","00:01:56"
"2026-09-29 15:34:37","1000 - Sinhala","0777713967","2","Caller","00:00:42","11","Oshadi","00:00:29"
"2026-09-29 15:36:11","1000 - Sinhala","0765790401","3","Agent","00:01:20","11","Oshadi","00:01:21"
"2026-09-29 15:37:58","1000 - Sinhala","0775226425","3","Caller","00:02:10","11","Oshadi","00:01:04"
"2026-09-29 15:40:55","1000 - Sinhala","0777892466","2","Agent","00:01:47","11","Oshadi","00:02:07"
"2026-09-29 15:41:13","1001 - Tamil","0766673957","1","Caller","00:02:20","10","Praveena","00:00:43"
"2026-09-29 15:50:06","1000 - Sinhala","0716171216","1","Agent","00:06:06","10","Praveena","00:00:16"
"2026-09-29 16:02:34","1000 - Sinhala","0716171216","5","Caller","00:09:18","10","Praveena","00:02:45"
"2026-09-29 16:04:44","1000 - Sinhala","0776459108","6","Caller","00:05:14","11","Oshadi","00:01:47"
"2026-09-29 16:06:48","1000 - Sinhala","0114702702","3","Caller","00:04:01","11","Oshadi","00:02:25"
"2026-09-29 16:10:12","1000 - Sinhala","0713855955","5","Agent","00:05:03","10","Praveena","00:01:14"
"2026-09-29 16:11:01","1000 - Sinhala","0775226425","5","Caller","00:07:21","10","Praveena","00:00:56"
"2026-09-29 16:16:05","1000 - Sinhala","0713855955","3","Agent","00:00:31","11","Oshadi","00:02:08"
"2026-09-29 16:20:17","1001 - Tamil","0788526048","1","Agent","00:01:16","11","Oshadi","00:00:44"
"2026-09-29 16:20:45","1000 - Sinhala","0710713139","1","Caller","00:01:03","10","Praveena","00:00:42"
"2026-09-29 16:24:07","1001 - Tamil","0788526048","1","Caller","00:00:05","11","Oshadi","00:03:29"
"2026-09-29 16:28:46","1000 - Sinhala","0779080740","2","Caller","00:00:46","11","Oshadi","00:02:59"
"2026-09-29 16:34:14","1000 - Sinhala","0743898312","1","Caller","00:00:37","10","Praveena","00:04:14"
"2026-09-29 16:45:54","1001 - Tamil","0753401160","1","Agent","00:00:17","11","Oshadi","00:03:37"
"2026-09-29 16:57:16","1000 - Sinhala","0719047060","2","Agent","00:00:57","11","Oshadi","00:02:06"
"2026-09-29 17:01:35","1000 - Sinhala","0773447771","1","Agent","00:00:04","10","Praveena","00:00:53"
"2026-09-29 17:10:46","1000 - Sinhala","0713771793","1","Caller","00:01:19","10","Praveena","00:01:05"
"2026-09-29 17:11:14","1000 - Sinhala","0768751016","2","Agent","00:00:42","11","Oshadi","00:01:54"
"2026-09-29 17:23:01","1000 - Sinhala","0760004776","1","Caller","00:00:04","10","Praveena","00:00:53"
"2026-09-29 17:29:51","1000 - Sinhala","0760004776","1","Agent","00:02:26","11","Oshadi","00:02:08"
"2026-09-29 17:31:06","1000 - Sinhala","0752938210","2","Caller","00:02:23","10","Praveena","00:01:22"
"2026-09-29 17:43:01","1000 - Sinhala","0778241860","1","Caller","00:00:03","10","Praveena","00:00:31"
"2026-09-29 17:50:04","1000 - Sinhala","0778241860","1","Caller","00:00:04","10","Praveena","00:00:13"
"2026-09-29 17:59:05","1000 - Sinhala","0716649217","1","Agent","00:01:49","10","Praveena","00:00:15"
"2026-09-30 09:02:38","1000 - Sinhala","0771375042","3","Caller","00:02:09","11","Oshadi","00:00:58"
"2026-09-30 09:04:26","1000 - Sinhala","0777068278","3","Caller","00:03:06","10","Praveena","00:02:01"
"2026-09-30 09:05:23","1001 - Tamil","0751286178","1","Agent","00:01:14","11","Oshadi","00:01:45"
"2026-09-30 09:10:10","1000 - Sinhala","0771114170","3","Agent","00:00:26","11","Oshadi","00:04:36"
"2026-09-30 09:11:46","1000 - Sinhala","0764861141","2","Caller","00:00:10","11","Oshadi","00:01:23"
"2026-09-30 09:12:19","1000 - Sinhala","0704805983","1","Caller","00:00:16","11","Oshadi","00:00:36"
"2026-09-30 09:12:52","1000 - Sinhala","0711919269","2","Agent","00:03:25","10","Praveena","00:02:33"
"2026-09-30 09:14:44","1000 - Sinhala","0772699900","2","Caller","00:00:50","11","Oshadi","00:02:14"
"2026-09-30 09:15:02","1000 - Sinhala","0787852436","2","Caller","00:01:40","10","Praveena","00:00:14"
"2026-09-30 09:15:30","1000 - Sinhala","0753516162","3","Agent","00:01:56","11","Oshadi","00:01:53"
"2026-09-30 09:15:54","1000 - Sinhala","0769090361","3","Agent","00:01:42","10","Praveena","00:01:01"
"2026-09-30 09:16:52","1000 - Sinhala","0771746620","4","Caller","00:01:09","10","Praveena","00:01:53"
"2026-09-30 09:18:09","1000 - Sinhala","0757508004","5","Caller","00:02:59","11","Oshadi","00:00:08"
"2026-09-30 09:18:10","1000 - Sinhala","0764861141","4","Caller","00:01:55","10","Praveena","00:01:15"
"2026-09-30 09:18:55","1000 - Sinhala","0767499352","4","Caller","00:01:38","11","Oshadi","00:00:42"
"2026-09-30 09:19:15","1000 - Sinhala","0777749752","5","Caller","00:01:43","11","Oshadi","00:02:40"
"2026-09-30 09:20:51","1000 - Sinhala","0769090361","1","Agent","00:00:20","11","Oshadi","00:01:12"
"2026-09-30 09:22:29","1000 - Sinhala","0769910313","2","Agent","00:00:48","11","Oshadi","00:01:40"
"2026-09-30 09:23:07","1000 - Sinhala","0728118400","3","Caller","00:00:59","10","Praveena","00:04:17"
"2026-09-30 09:24:48","1000 - Sinhala","0704402837","2","Caller","00:01:22","11","Oshadi","00:01:35"
"2026-09-30 09:25:13","1000 - Sinhala","0777749752","2","Agent","00:00:58","10","Praveena","00:02:03"
"2026-09-30 09:25:34","1000 - Sinhala","0704402837","2","Caller","00:00:02","10","Praveena","00:00:16"
"2026-09-30 09:27:41","1000 - Sinhala","0703273793","1","Caller","00:00:54","10","Praveena","00:02:15"
"2026-09-30 09:29:04","1000 - Sinhala","0704402837","1","Agent","00:00:39","11","Oshadi","00:02:31"
"2026-09-30 09:29:32","1000 - Sinhala","0715195246","2","Agent","00:01:12","12","Harshika","00:01:02"
"2026-09-30 09:31:27","1000 - Sinhala","0763462075","2","Caller","00:01:18","10","Praveena","00:03:43"
"2026-09-30 09:35:03","1000 - Sinhala","0771392255","6","Caller","00:03:05","10","Praveena","00:03:33"
"2026-09-30 09:36:11","1000 - Sinhala","0767390081","4","Caller","00:00:11","11","Oshadi","00:06:10"
"2026-09-30 09:36:59","1000 - Sinhala","0768751016","1","Caller","00:02:28","11","Oshadi","00:00:06"
"2026-09-30 09:38:48","1000 - Sinhala","0718515715","2","Caller","00:02:01","10","Praveena","00:00:42"
"2026-09-30 09:40:06","1000 - Sinhala","0774158416","3","Agent","00:01:18","11","Oshadi","00:02:00"
"2026-09-30 09:41:21","1000 - Sinhala","0724592568","1","Caller","00:00:03","12","Harshika","00:01:56"
"2026-09-30 09:42:11","1000 - Sinhala","0775226425","1","Caller","00:01:16","11","Oshadi","00:00:16"
"2026-09-30 09:42:18","1000 - Sinhala","0723325186","1","Caller","00:00:03","10","Praveena","00:02:00"
"2026-09-30 09:43:45","1000 - Sinhala","0718515715","2","Agent","00:01:18","11","Oshadi","00:01:43"
"2026-09-30 09:48:47","1000 - Sinhala","0775226425","1","Caller","00:00:02","10","Praveena","00:06:27"
"2026-09-30 09:49:53","1000 - Sinhala","0719000666","1","Caller","00:00:03","11","Oshadi","00:05:20"
"2026-09-30 09:50:29","1000 - Sinhala","0779560695","1","Caller","00:00:14","12","Harshika","00:02:04"
"2026-09-30 09:51:13","1000 - Sinhala","0764752179","1","Caller","00:00:02","10","Praveena","00:00:46"
"2026-09-30 09:54:13","1000 - Sinhala","0715237186","1","Caller","00:00:04","10","Praveena","00:02:18"
"2026-09-30 09:54:32","1000 - Sinhala","0767390081","3","Caller","00:00:35","10","Praveena","00:00:16"
"2026-09-30 09:54:49","1000 - Sinhala","0716403025","2","Caller","00:00:07","10","Praveena","00:00:29"
"2026-09-30 09:55:39","1000 - Sinhala","0784417046","3","Agent","00:01:42","11","Oshadi","00:01:26"
"2026-09-30 09:55:52","1000 - Sinhala","0767390081","1","Caller","00:00:55","11","Oshadi","00:00:08"
"2026-09-30 09:56:36","1001 - Tamil","0770653812","1","Caller","00:00:11","10","Praveena","00:02:13"
"2026-09-30 09:59:15","1000 - Sinhala","0716403025","1","Caller","00:00:05","10","Praveena","00:01:55"
"2026-09-30 10:00:14","1000 - Sinhala","0714395197","2","Agent","00:01:09","12","Harshika","00:01:49"
"2026-09-30 10:02:13","1000 - Sinhala","0767390081","1","Caller","00:00:04","11","Oshadi","00:05:55"
"2026-09-30 10:04:02","1000 - Sinhala","0757508004","1","Caller","00:01:46","11","Oshadi","00:01:35"
"2026-09-30 10:04:24","1000 - Sinhala","0704753062","4","Caller","00:02:18","10","Praveena","00:00:10"
"2026-09-30 10:05:31","1000 - Sinhala","0775957230","2","Agent","00:03:28","10","Praveena","00:01:22"
"2026-09-30 10:05:59","1000 - Sinhala","0778354079","3","Caller","00:04:12","11","Oshadi","00:00:23"
"2026-09-30 10:06:03","1000 - Sinhala","0714878142","2","Caller","00:00:02","10","Praveena","00:01:35"
"2026-09-30 10:08:16","1000 - Sinhala","0716321360","3","Agent","00:01:39","11","Oshadi","00:01:54"
"2026-09-30 10:08:47","1000 - Sinhala","0704753062","2","Caller","00:01:36","10","Praveena","00:02:33"
"2026-09-30 10:11:35","1000 - Sinhala","0773343494","2","Caller","00:01:58","12","Harshika","00:03:08"
"2026-09-30 10:12:02","1000 - Sinhala","0768982559","1","Caller","00:01:13","11","Oshadi","00:01:17"
"2026-09-30 10:13:52","1000 - Sinhala","0761388907","3","Caller","00:03:25","10","Praveena","00:04:49"
"2026-09-30 10:14:46","1000 - Sinhala","0779560695","1","Caller","00:00:03","10","Praveena","00:00:16"
"2026-09-30 10:15:00","1000 - Sinhala","0779560695","1","Caller","00:00:04","10","Praveena","00:00:05"
"2026-09-30 10:15:43","1000 - Sinhala","0779461830","2","Agent","00:01:12","11","Oshadi","00:02:57"
"2026-09-30 10:18:59","1000 - Sinhala","0724592568","1","Caller","00:00:47","11","Oshadi","00:02:05"
"2026-09-30 10:20:20","1000 - Sinhala","0779560695","1","Caller","00:00:03","10","Praveena","00:05:11"
"2026-09-30 10:20:54","1001 - Tamil","0701413965","1","Caller","00:00:03","10","Praveena","00:00:17"
"2026-09-30 10:22:18","1000 - Sinhala","0766514783","1","Agent","00:00:06","12","Harshika","00:02:04"
"2026-09-30 10:22:48","1000 - Sinhala","0764740259","1","Caller","00:00:35","10","Praveena","00:01:57"
"2026-09-30 10:23:02","1000 - Sinhala","0777599211","1","Caller","00:00:08","10","Praveena","00:00:11"
"2026-09-30 10:23:14","1001 - Tamil","0701413965","1","Agent","00:00:07","11","Oshadi","00:01:54"
"2026-09-30 10:25:48","1000 - Sinhala","0740778982","1","Caller","00:00:47","11","Oshadi","00:00:34"
"2026-09-30 10:28:42","1000 - Sinhala","0705667275","1","Caller","00:00:19","10","Praveena","00:01:25"
"2026-09-30 10:29:02","1000 - Sinhala","0740778982","1","Agent","00:00:40","11","Oshadi","00:02:26"
"2026-09-30 10:30:18","1000 - Sinhala","0775797896","1","Caller","00:00:11","10","Praveena","00:01:34"
"2026-09-30 10:31:00","1000 - Sinhala","0740817207","1","Caller","00:00:04","12","Harshika","00:02:43"
"2026-09-30 10:31:04","1000 - Sinhala","0776115555","2","Caller","00:01:13","10","Praveena","00:00:31"
"2026-09-30 10:31:10","1000 - Sinhala","0770861607","3","Caller","00:00:08","11","Oshadi","00:00:52"
"2026-09-30 10:33:23","1000 - Sinhala","0776115555","2","Agent","00:00:03","10","Praveena","00:02:09"
"2026-09-30 10:33:51","1000 - Sinhala","0701057922","3","Agent","00:02:25","11","Oshadi","00:02:00"
"2026-09-30 10:34:05","1000 - Sinhala","0772699900","2","Caller","00:00:45","10","Praveena","00:00:38"
"2026-09-30 10:35:13","1000 - Sinhala","0756237130","1","Agent","00:00:48","11","Oshadi","00:00:35"
"2026-09-30 10:35:24","1000 - Sinhala","0770861607","2","Caller","00:00:07","10","Praveena","00:01:54"
"2026-09-30 10:36:22","1001 - Tamil","0756237130","1","Agent","00:00:05","11","Oshadi","00:00:33"
"2026-09-30 10:38:05","1000 - Sinhala","0757738339","4","Agent","00:01:51","11","Oshadi","00:01:04"
"2026-09-30 10:39:17","1000 - Sinhala","0772699900","3","Caller","00:01:12","10","Praveena","00:03:49"
"2026-09-30 10:39:18","1000 - Sinhala","0766514783","4","Agent","00:01:18","12","Harshika","00:01:25"
"2026-09-30 10:40:07","1000 - Sinhala","0724099222","1","Caller","00:01:59","11","Oshadi","00:00:12"
"2026-09-30 10:41:22","1000 - Sinhala","0787852436","2","Caller","00:00:45","10","Praveena","00:01:56"
"2026-09-30 10:41:29","1000 - Sinhala","0757738339","3","Agent","00:00:36","11","Oshadi","00:01:30"
"2026-09-30 10:42:51","1000 - Sinhala","0755605802","1","Agent","00:01:21","10","Praveena","00:01:26"
"2026-09-30 10:43:02","1000 - Sinhala","0752006349","1","Caller","00:00:07","11","Oshadi","00:00:27"
"2026-09-30 10:44:35","1000 - Sinhala","0778241860","1","Caller","00:00:03","10","Praveena","00:01:23"
"2026-09-30 10:45:49","1001 - Tamil","0752006349","1","Agent","00:00:16","11","Oshadi","00:02:24"
"2026-09-30 10:46:31","1000 - Sinhala","0788791708","1","Caller","00:00:05","11","Oshadi","00:00:16"
"2026-09-30 10:46:52","1000 - Sinhala","0724099222","1","Caller","00:00:02","10","Praveena","00:02:00"
"2026-09-30 10:47:49","1000 - Sinhala","0788791708","1","Caller","00:00:02","10","Praveena","00:00:53"
"2026-09-30 10:51:32","1000 - Sinhala","0702288499","1","Agent","00:00:36","11","Oshadi","00:01:13"
"2026-09-30 10:52:06","1000 - Sinhala","0757884050","1","Caller","00:00:05","12","Harshika","00:03:08"
"2026-09-30 10:52:43","1000 - Sinhala","0773455031","1","Caller","00:00:48","10","Praveena","00:04:48"
"2026-09-30 10:54:19","1000 - Sinhala","0703648822","2","Caller","00:01:09","11","Oshadi","00:01:58"
"2026-09-30 10:54:20","1000 - Sinhala","0788617169","2","Agent","00:00:23","10","Praveena","00:01:31"
"2026-09-30 10:55:22","1000 - Sinhala","0741519291","3","Caller","00:02:42","10","Praveena","00:01:00"
"2026-09-30 10:59:35","1000 - Sinhala","0714059193","1","Agent","00:00:03","10","Praveena","00:01:22"
"2026-09-30 11:02:27","1000 - Sinhala","0718252116","1","Caller","00:00:03","10","Praveena","00:03:11"
"2026-09-30 11:02:46","1000 - Sinhala","0771375042","1","Caller","00:00:03","10","Praveena","00:02:19"
"2026-09-30 11:03:52","1000 - Sinhala","0717871799","1","Caller","00:00:04","10","Praveena","00:00:27"
"2026-09-30 11:06:32","1000 - Sinhala","0717871799","1","Caller","00:00:04","10","Praveena","00:02:10"
"2026-09-30 11:07:05","1000 - Sinhala","0721700344","1","Caller","00:00:05","11","Oshadi","00:02:10"
"2026-09-30 11:08:12","1000 - Sinhala","0711830779","1","Caller","00:00:05","11","Oshadi","00:00:24"
"2026-09-30 11:08:15","1000 - Sinhala","0768013737","1","Caller","00:01:17","10","Praveena","00:01:40"
"2026-09-30 11:10:53","1001 - Tamil","0751286178","1","Caller","00:00:03","12","Harshika","00:02:10"
"2026-09-30 11:11:04","1000 - Sinhala","0711830779","1","Caller","00:00:04","10","Praveena","00:02:36"
"2026-09-30 11:13:05","1000 - Sinhala","0773230233","1","Caller","00:00:02","10","Praveena","00:01:47"
"2026-09-30 11:15:48","1000 - Sinhala","0742388552","1","Caller","00:00:04","10","Praveena","00:01:36"
"2026-09-30 11:17:07","1000 - Sinhala","0711830779","1","Agent","00:00:15","11","Oshadi","00:02:02"
"2026-09-30 11:17:17","1000 - Sinhala","0777585239","1","Agent","00:00:43","10","Praveena","00:01:25"
"2026-09-30 11:21:38","1001 - Tamil","0751378595","1","Caller","00:00:03","10","Praveena","00:01:29"
"2026-09-30 11:21:47","1000 - Sinhala","0773261144","1","Caller","00:00:03","10","Praveena","00:02:17"
"2026-09-30 11:24:26","1001 - Tamil","0741788768","1","Caller","00:00:08","11","Oshadi","00:01:18"
"2026-09-30 11:26:01","1001 - Tamil","0741788768","1","Agent","00:00:06","11","Oshadi","00:01:18"
"2026-09-30 11:26:57","1000 - Sinhala","0713060382","1","Caller","00:00:04","10","Praveena","00:04:20"
"2026-09-30 11:29:25","1000 - Sinhala","0760004776","1","Agent","00:00:54","11","Oshadi","00:02:44"
"2026-09-30 11:31:44","1000 - Sinhala","0767499352","1","Caller","00:00:03","12","Harshika","00:01:57"
"2026-09-30 11:33:38","1000 - Sinhala","0710180919","1","Agent","00:01:15","11","Oshadi","00:01:43"
"2026-09-30 11:34:13","1000 - Sinhala","0773261144","1","Caller","00:00:04","10","Praveena","00:04:39"
"2026-09-30 11:36:40","1000 - Sinhala","0774678300","1","Caller","00:00:03","11","Oshadi","00:01:40"
"2026-09-30 11:40:56","1000 - Sinhala","0711225474","1","Agent","00:00:04","12","Harshika","00:03:31"
"2026-09-30 11:42:57","1000 - Sinhala","0766190373","1","Agent","00:00:09","11","Oshadi","00:02:13"
"2026-09-30 11:43:16","1000 - Sinhala","0743375953","1","Caller","00:00:55","11","Oshadi","00:00:14"
"2026-09-30 11:44:18","1000 - Sinhala","0112029484","2","Caller","00:01:28","11","Oshadi","00:00:35"
"2026-09-30 11:44:30","1000 - Sinhala","0701545466","1","Caller","00:00:02","10","Praveena","00:06:37"
"2026-09-30 11:46:43","1000 - Sinhala","0743375953","1","Agent","00:00:03","11","Oshadi","00:02:57"
"2026-09-30 11:50:01","1000 - Sinhala","0774398671","2","Caller","00:00:44","10","Praveena","00:03:21"
"2026-09-30 11:50:50","1000 - Sinhala","0718193092","1","Agent","00:00:03","12","Harshika","00:01:54"
"2026-09-30 11:52:24","1001 - Tamil","0764317555","1","Caller","00:00:08","11","Oshadi","00:02:30"
"2026-09-30 11:58:55","1000 - Sinhala","0716588888","1","Caller","00:00:03","10","Praveena","00:04:34"
"2026-09-30 12:06:40","1000 - Sinhala","0771559547","1","Caller","00:00:03","10","Praveena","00:02:47"
"2026-09-30 12:09:11","1000 - Sinhala","0752938210","1","Agent","00:00:04","10","Praveena","00:01:41"
"2026-09-30 12:11:49","1000 - Sinhala","0761743263","1","Agent","00:00:04","10","Praveena","00:01:23"
"2026-09-30 12:13:34","1001 - Tamil","0720808613","1","Agent","00:00:06","11","Oshadi","00:02:33"
"2026-09-30 12:28:40","1000 - Sinhala","0779622345","2","Caller","00:00:04","12","Harshika","00:02:10"
"2026-09-30 12:30:38","1000 - Sinhala","0779080740","2","Caller","00:00:08","11","Oshadi","00:02:20"
"2026-09-30 12:31:52","1000 - Sinhala","0778187920","1","Caller","00:01:14","10","Praveena","00:01:15"
"2026-09-30 12:31:55","1000 - Sinhala","0701545466","2","Caller","00:00:51","11","Oshadi","00:01:12"
"2026-09-30 12:35:00","1000 - Sinhala","0761998153","1","Caller","00:00:13","11","Oshadi","00:00:18"
"2026-09-30 12:36:56","1000 - Sinhala","0740749759","1","Caller","00:00:07","11","Oshadi","00:01:41"
"2026-09-30 12:37:48","1000 - Sinhala","0702091880","2","Agent","00:01:44","12","Harshika","00:00:55"
"2026-09-30 12:40:16","1000 - Sinhala","0701545466","1","Caller","00:00:04","10","Praveena","00:06:13"
"2026-09-30 12:41:15","1000 - Sinhala","0761743263","1","Agent","00:00:04","12","Harshika","00:00:36"
"2026-09-30 12:41:20","1000 - Sinhala","0702091880","2","Caller","00:01:18","10","Praveena","00:00:57"
"2026-09-30 12:41:23","1000 - Sinhala","0766190373","1","Caller","00:00:42","11","Oshadi","00:02:14"
"2026-09-30 12:41:52","1000 - Sinhala","0761743263","1","Caller","00:00:02","10","Praveena","00:00:19"
"2026-09-30 12:43:20","1000 - Sinhala","0761743263","1","Caller","00:00:03","10","Praveena","00:01:17"
"2026-09-30 12:45:03","1000 - Sinhala","0704273874","1","Caller","00:01:08","10","Praveena","00:01:40"
"2026-09-30 12:45:38","1001 - Tamil","0725888965","1","Agent","00:01:47","10","Praveena","00:00:32"
"2026-09-30 12:45:51","1000 - Sinhala","0707190878","2","Agent","00:00:20","11","Oshadi","00:03:02"
"2026-09-30 12:49:19","1000 - Sinhala","0758819977","1","Caller","00:00:09","11","Oshadi","00:00:28"
"2026-09-30 12:49:29","1000 - Sinhala","0725888965","1","Caller","00:00:03","10","Praveena","00:03:27"
"2026-09-30 12:53:21","1000 - Sinhala","0701545466","1","Caller","00:00:03","10","Praveena","00:00:19"
"2026-09-30 12:53:53","1000 - Sinhala","0778018702","1","Caller","00:00:03","10","Praveena","00:01:39"
"2026-09-30 12:55:54","1000 - Sinhala","0770047808","1","Caller","00:00:04","10","Praveena","00:01:52"
"2026-09-30 13:04:16","1000 - Sinhala","0701545466","1","Caller","00:00:04","10","Praveena","00:08:12"
"2026-09-30 13:04:58","1000 - Sinhala","0760004776","1","Caller","00:00:03","12","Harshika","00:04:18"
"2026-09-30 13:06:29","1000 - Sinhala","0703227319","2","Caller","00:01:28","10","Praveena","00:02:06"
"2026-09-30 13:13:21","1000 - Sinhala","0759626232","1","Agent","00:00:03","10","Praveena","00:03:18"
"2026-09-30 13:14:28","1000 - Sinhala","0775161309","1","Caller","00:00:04","10","Praveena","00:01:52"
"2026-09-30 13:24:15","1000 - Sinhala","0725604253","1","Caller","00:00:04","10","Praveena","00:01:42"
"2026-09-30 13:29:51","1000 - Sinhala","0777807153","1","Caller","00:00:03","10","Praveena","00:02:15"
"2026-09-30 13:33:51","1000 - Sinhala","0713771793","1","Agent","00:00:03","10","Praveena","00:01:44"
"2026-09-30 13:39:47","1000 - Sinhala","0712314342","1","Agent","00:00:04","10","Praveena","00:01:39"
"2026-09-30 13:46:13","1000 - Sinhala","0702952935","1","Caller","00:00:04","10","Praveena","00:01:45"
"2026-09-30 13:54:22","1000 - Sinhala","0779560695","1","Caller","00:00:03","10","Praveena","00:00:57"
"2026-09-30 13:55:04","1000 - Sinhala","0706268537","1","Agent","00:00:04","10","Praveena","00:02:32"
"2026-09-30 13:55:57","1000 - Sinhala","0759442001","1","Caller","00:00:03","10","Praveena","00:01:00"
"2026-09-30 13:55:57","1000 - Sinhala","0779560695","1","Caller","00:00:02","10","Praveena","00:00:56"
"2026-09-30 13:57:29","1000 - Sinhala","0759442001","1","Caller","00:00:03","10","Praveena","00:01:14"
"2026-09-30 13:58:32","1001 - Tamil","0757083668","1","Agent","00:00:14","11","Oshadi","00:02:51"
"2026-09-30 13:59:53","1000 - Sinhala","0772397543","1","Agent","00:00:03","10","Praveena","00:01:11"
"2026-09-30 14:03:03","1000 - Sinhala","0772397543","1","Caller","00:00:04","10","Praveena","00:01:59"
"2026-09-30 14:06:03","1000 - Sinhala","0764785304","1","Agent","00:00:03","10","Praveena","00:02:48"
"2026-09-30 14:07:20","1000 - Sinhala","0761983869","1","Caller","00:01:43","10","Praveena","00:01:11"
"2026-09-30 14:08:26","1001 - Tamil","0752425110","1","Caller","00:01:59","10","Praveena","00:02:12"
"2026-09-30 14:09:18","1000 - Sinhala","0775099696","1","Agent","00:00:08","11","Oshadi","00:07:04"
"2026-09-30 14:11:13","1000 - Sinhala","0772397543","1","Agent","00:00:57","10","Praveena","00:02:42"
"2026-09-30 14:12:44","1001 - Tamil","0775015628","1","Caller","00:00:05","11","Oshadi","00:02:13"
"2026-09-30 14:20:24","1000 - Sinhala","0775099696","1","Caller","00:00:03","10","Praveena","00:02:40"
"2026-09-30 14:24:25","1000 - Sinhala","0702940096","1","Caller","00:00:02","10","Praveena","00:01:17"
"2026-09-30 14:24:42","1000 - Sinhala","0712425700","1","Caller","00:00:04","10","Praveena","00:01:46"
"2026-09-30 14:38:16","1000 - Sinhala","0771747442","1","Caller","00:00:38","10","Praveena","00:00:37"
"2026-09-30 14:40:59","1000 - Sinhala","0701545466","1","Agent","00:00:04","10","Praveena","00:08:59"
"2026-09-30 14:41:34","1001 - Tamil","0752104467","1","Caller","00:01:31","11","Oshadi","00:00:19"
"2026-09-30 14:45:04","1000 - Sinhala","0771747442","2","Agent","00:00:05","11","Oshadi","00:01:52"
"2026-09-30 14:45:50","1000 - Sinhala","0718164897","1","Caller","00:00:26","11","Oshadi","00:00:32"
"2026-09-30 14:46:22","1000 - Sinhala","0718164897","1","Agent","00:00:08","10","Praveena","00:00:03"
"2026-09-30 14:48:51","1000 - Sinhala","0718164897","1","Agent","00:00:39","10","Praveena","00:01:27"
"2026-09-30 14:53:40","1000 - Sinhala","0715720098","1","Agent","00:00:07","11","Oshadi","00:02:08"
"2026-09-30 14:59:36","1000 - Sinhala","0777313130","3","Caller","00:02:26","10","Praveena","00:02:22"
"2026-09-30 15:07:37","1000 - Sinhala","0771234508","1","Caller","00:05:57","10","Praveena","00:00:18"
"2026-09-30 15:11:32","1001 - Tamil","0743683118","1","Agent","00:00:42","11","Oshadi","00:03:13"
"2026-09-30 15:25:01","1000 - Sinhala","0703431431","1","Agent","00:00:04","10","Praveena","00:04:04"
"2026-09-30 15:27:09","1000 - Sinhala","0778305547","2","Agent","00:01:39","11","Oshadi","00:01:27"
"2026-09-30 15:30:48","1000 - Sinhala","0772909959","1","Caller","00:00:04","10","Praveena","00:01:13"
"2026-09-30 15:34:27","1000 - Sinhala","0772909959","1","Caller","00:00:03","10","Praveena","00:03:23"
"2026-09-30 15:42:00","1000 - Sinhala","0714697345","1","Agent","00:00:04","10","Praveena","00:02:01"
"2026-09-30 15:43:18","1000 - Sinhala","0775173858","1","Caller","00:00:04","10","Praveena","00:01:34"
"2026-09-30 15:47:57","1000 - Sinhala","0761422668","1","Caller","00:00:04","10","Praveena","00:00:15"
"2026-09-30 15:49:43","1000 - Sinhala","0771434398","1","Caller","00:00:04","10","Praveena","00:01:38"
"2026-09-30 15:51:58","1000 - Sinhala","0704443538","1","Caller","00:00:04","10","Praveena","00:00:43"
"2026-09-30 15:53:45","1000 - Sinhala","0704443538","1","Agent","00:00:04","12","Harshika","00:01:30"
"2026-09-30 15:54:00","1000 - Sinhala","0703227319","1","Agent","00:00:03","10","Praveena","00:02:13"
"2026-09-30 15:54:44","1000 - Sinhala","0707980621","1","Caller","00:01:23","10","Praveena","00:00:17"
"2026-09-30 16:12:32","1000 - Sinhala","0764025941","1","Agent","00:00:03","10","Praveena","00:02:01"
"2026-09-30 16:12:51","1000 - Sinhala","0713547905","1","Caller","00:00:03","10","Praveena","00:01:09"
"2026-09-30 16:14:43","1000 - Sinhala","0774398671","1","Caller","00:00:03","10","Praveena","00:02:33"
"2026-09-30 16:22:42","1000 - Sinhala","0778192429","1","Agent","00:00:03","10","Praveena","00:01:15"
"2026-09-30 16:23:55","1000 - Sinhala","0713547905","1","Caller","00:00:04","10","Praveena","00:00:42"
"2026-09-30 16:26:28","1000 - Sinhala","0760881014","1","Agent","00:00:02","10","Praveena","00:02:42"
"2026-09-30 16:27:50","1000 - Sinhala","0714395902","1","Caller","00:00:04","10","Praveena","00:00:47"
"2026-09-30 16:32:35","1000 - Sinhala","0760025453","1","Caller","00:00:03","10","Praveena","00:00:59"
"2026-09-30 16:35:26","1000 - Sinhala","0785372973","2","Agent","00:00:04","12","Harshika","00:03:46"
"2026-09-30 16:36:27","1000 - Sinhala","0773030377","1","Caller","00:00:04","10","Praveena","00:02:45"
"2026-09-30 16:36:31","1000 - Sinhala","0773030377","1","Caller","00:00:04","10","Praveena","00:03:54"
"2026-09-30 16:40:12","1000 - Sinhala","0725604253","1","Caller","00:00:03","10","Praveena","00:00:40"
"2026-09-30 16:40:48","1000 - Sinhala","0762133113","1","Caller","00:00:02","10","Praveena","00:01:04"
"2026-09-30 16:41:01","1000 - Sinhala","0760025453","1","Agent","00:00:04","10","Praveena","00:01:57"
"2026-09-30 16:45:58","1000 - Sinhala","0764740259","1","Agent","00:00:04","10","Praveena","00:02:05"
"2026-09-30 16:46:00","1000 - Sinhala","0781673991","1","Agent","00:00:03","10","Praveena","00:00:25"
"2026-09-30 16:47:29","1000 - Sinhala","0781673991","1","Caller","00:00:02","10","Praveena","00:01:13"
"2026-09-30 16:50:24","1000 - Sinhala","0756230063","1","Caller","00:00:08","11","Oshadi","00:00:23"
"2026-09-30 16:52:48","1000 - Sinhala","0766966742","1","Caller","00:00:04","10","Praveena","00:03:44"
"2026-09-30 16:58:18","1000 - Sinhala","0705946841","1","Agent","00:00:04","10","Praveena","00:03:27"
"2026-09-30 17:10:08","1000 - Sinhala","0773082757","1","Caller","00:00:03","10","Praveena","00:01:45"
"2026-09-30 17:15:52","1000 - Sinhala","0724592568","1","Caller","00:00:04","10","Praveena","00:02:11"
"2026-09-30 17:20:26","1000 - Sinhala","0772397543","1","Caller","00:00:03","10","Praveena","00:02:50"
"2026-09-30 17:20:29","1000 - Sinhala","0760004776","1","Caller","00:00:42","11","Oshadi","00:05:33"
"2026-09-30 17:20:34","1000 - Sinhala","0743898312","1","Agent","00:00:04","12","Harshika","00:01:13"
"2026-09-30 17:21:35","1000 - Sinhala","0743898312","1","Caller","00:00:02","10","Praveena","00:00:28"
"2026-09-30 17:23:35","1000 - Sinhala","0743898312","1","Caller","00:00:04","10","Praveena","00:01:50"
"2026-09-30 17:35:54","1000 - Sinhala","0755185755","1","Caller","00:00:03","10","Praveena","00:00:12"
"2026-09-30 17:37:49","1000 - Sinhala","0755185755","1","Caller","00:00:04","10","Praveena","00:00:45"
"2026-09-30 17:42:16","1000 - Sinhala","0761112984","1","Caller","00:00:03","10","Praveena","00:01:37"
"2026-09-30 17:53:32","1000 - Sinhala","0777271304","1","Caller","00:00:03","10","Praveena","00:00:57"
"2026-09-30 17:59:53","1000 - Sinhala","0760956156","1","Agent","00:00:04","10","Praveena","00:00:02"
