"Queue","Caller","Duration","Disconnection","Position","Event","Agent","Ring Time","First event date","Last event date"
"Tamil","0721352314","00:00:30","No answer","","RINGNOANSWER","Harshika","00:00:00","2026-07-24 08:56:05","2026-07-24 08:56:35"
"Tamil","0721352314","00:00:30","No answer","","RINGNOANSWER","Harshika","00:00:00","2026-07-24 08:56:05","2026-07-24 08:57:10"
"Tamil","0776636688","00:00:30","No answer","","RINGNOANSWER","Harshika","00:00:00","2026-07-24 09:02:32","2026-07-24 09:03:02"
"Tamil","0776636688","00:00:30","No answer","","RINGNOANSWER","Harshika","00:00:00","2026-07-24 09:04:04","2026-07-24 09:04:34"
"Tamil","0776636688","00:00:30","No answer","","RINGNOANSWER","Harshika","00:00:00","2026-07-24 09:04:04","2026-07-24 09:05:09"
"Tamil","0776636688","00:00:30","No answer","","RINGNOANSWER","Harshika","00:00:00","2026-07-24 09:04:04","2026-07-24 09:05:44"
"Tamil","0776636688","00:00:30","No answer","","RINGNOANSWER","Harshika","00:00:00","2026-07-24 09:04:04","2026-07-24 09:06:19"
"Tamil","0756733017","00:00:30","No answer","","RINGNOANSWER","Harshika","00:00:00","2026-07-24 09:06:04","2026-07-24 09:07:18"
"Tamil","0776636688","00:00:30","No answer","","RINGNOANSWER","Harshika","00:00:00","2026-07-24 09:06:59","2026-07-24 09:07:53"
"Tamil","0778950519","00:00:30","No answer","","RINGNOANSWER","Harshika","00:00:00","2026-07-24 09:27:06","2026-07-24 09:27:36"
"Tamil","0778950519","00:00:00","No answer","","RINGNOANSWER","Harshika","00:00:00","2026-07-24 09:27:06","2026-07-24 09:27:41"
"Tamil","0778950519","00:00:00","No answer","","RINGNOANSWER","Harshika","00:00:00","2026-07-24 09:27:06","2026-07-24 09:27:47"
"Tamil","0778950519","00:00:01","No answer","","RINGNOANSWER","Harshika","00:00:00","2026-07-24 09:27:06","2026-07-24 09:27:53"
"Tamil","0778950519","00:00:00","No answer","","RINGNOANSWER","Harshika","00:00:00","2026-07-24 09:27:06","2026-07-24 09:27:58"
"Tamil","0778950519","00:00:01","No answer","","RINGNOANSWER","Harshika","00:00:00","2026-07-24 09:27:06","2026-07-24 09:28:04"
"Tamil","0778950519","00:00:00","No answer","","RINGNOANSWER","Harshika","00:00:00","2026-07-24 09:27:06","2026-07-24 09:28:09"
"Tamil","0778950519","00:00:01","No answer","","RINGNOANSWER","Harshika","00:00:00","2026-07-24 09:27:06","2026-07-24 09:28:15"
"Tamil","0778950519","00:00:00","No answer","","RINGNOANSWER","Harshika","00:00:00","2026-07-24 09:27:06","2026-07-24 09:28:20"
"Tamil","0778950519","00:00:01","No answer","","RINGNOANSWER","Harshika","00:00:00","2026-07-24 09:27:06","2026-07-24 09:28:26"
"Tamil","0778950519","00:00:00","No answer","","RINGNOANSWER","Harshika","00:00:00","2026-07-24 09:27:06","2026-07-24 09:28:31"
"Tamil","0778950519","00:00:01","No answer","","RINGNOANSWER","Harshika","00:00:00","2026-07-24 09:27:06","2026-07-24 09:28:37"
"Tamil","0778950519","00:00:00","No answer","","RINGNOANSWER","Harshika","00:00:00","2026-07-24 09:27:06","2026-07-24 09:28:42"
"Tamil","0778950519","00:00:01","No answer","","RINGNOANSWER","Harshika","00:00:00","2026-07-24 09:27:06","2026-07-24 09:28:48"
"Tamil","0778950519","00:00:00","No answer","","RINGNOANSWER","Harshika","00:00:00","2026-07-24 09:27:06","2026-07-24 09:28:53"
"Tamil","0778950519","00:00:00","No answer","","RINGNOANSWER","Harshika","00:00:00","2026-07-24 09:27:06","2026-07-24 09:28:59"
"Tamil","0778950519","00:00:01","No answer","","RINGNOANSWER","Harshika","00:00:00","2026-07-24 09:27:06","2026-07-24 09:29:05"
"Tamil","0778950519","00:00:00","No answer","","RINGNOANSWER","Harshika","00:00:00","2026-07-24 09:27:06","2026-07-24 09:29:10"
"Tamil","0778950519","00:00:01","No answer","","RINGNOANSWER","Harshika","00:00:00","2026-07-24 09:27:06","2026-07-24 09:29:16"
"Tamil","0778950519","00:00:00","No answer","","RINGNOANSWER","Harshika","00:00:00","2026-07-24 09:27:06","2026-07-24 09:29:22"
"Tamil","0778950519","00:00:01","No answer","","RINGNOANSWER","Harshika","00:00:00","2026-07-24 09:27:06","2026-07-24 09:29:28"
"Tamil","0778950519","00:00:00","No answer","","RINGNOANSWER","Harshika","00:00:00","2026-07-24 09:27:06","2026-07-24 09:29:33"
"Tamil","0778950519","00:00:00","No answer","","RINGNOANSWER","Harshika","00:00:00","2026-07-24 09:27:06","2026-07-24 09:29:39"
"Tamil","0778950519","00:00:01","No answer","","RINGNOANSWER","Harshika","00:00:00","2026-07-24 09:27:06","2026-07-24 09:29:45"
"Tamil","0778950519","00:00:00","No answer","","RINGNOANSWER","Harshika","00:00:00","2026-07-24 09:27:06","2026-07-24 09:29:50"
"Tamil","0778950519","00:00:00","No answer","","RINGNOANSWER","Harshika","00:00:00","2026-07-24 09:27:06","2026-07-24 09:29:56"
"Tamil","0778950519","00:00:01","No answer","","RINGNOANSWER","Harshika","00:00:00","2026-07-24 09:27:06","2026-07-24 09:30:02"
"Tamil","0778950519","00:00:00","No answer","","RINGNOANSWER","Harshika","00:00:00","2026-07-24 09:27:06","2026-07-24 09:30:07"
"Tamil","0778950519","00:00:00","No answer","","RINGNOANSWER","Harshika","00:00:00","2026-07-24 09:27:06","2026-07-24 09:30:13"
"Tamil","0778950519","00:00:00","No answer","","RINGNOANSWER","Harshika","00:00:00","2026-07-24 09:27:06","2026-07-24 09:30:19"
"Tamil","0778950519","00:00:00","No answer","","RINGNOANSWER","Harshika","00:00:00","2026-07-24 09:27:06","2026-07-24 09:30:24"
"Tamil","0778950519","00:00:00","No answer","","RINGNOANSWER","Harshika","00:00:00","2026-07-24 09:27:06","2026-07-24 09:30:30"
"Tamil","0778950519","00:00:00","No answer","","RINGNOANSWER","Harshika","00:00:00","2026-07-24 09:27:06","2026-07-24 09:30:36"
"Tamil","0778950519","00:00:00","No answer","","RINGNOANSWER","Harshika","00:00:00","2026-07-24 09:27:06","2026-07-24 09:30:41"
"Tamil","0778950519","00:00:00","No answer","","RINGNOANSWER","Harshika","00:00:00","2026-07-24 09:27:06","2026-07-24 09:30:47"
"Tamil","0778950519","00:00:01","No answer","","RINGNOANSWER","Harshika","00:00:00","2026-07-24 09:27:06","2026-07-24 09:30:53"
"Tamil","0778950519","00:00:00","No answer","","RINGNOANSWER","Harshika","00:00:00","2026-07-24 09:27:06","2026-07-24 09:30:58"
"Tamil","0778950519","00:00:01","No answer","","RINGNOANSWER","Harshika","00:00:00","2026-07-24 09:27:06","2026-07-24 09:31:04"
"Tamil","0768046604","00:01:48","Agent","1","COMPLETEAGENT","Harshika","00:00:11","2026-07-24 12:30:35","2026-07-24 12:32:34"
"Tamil","0778950519","00:01:19","Caller","1","COMPLETECALLER","Harshika","00:00:06","2026-07-24 13:30:12","2026-07-24 13:31:37"
"Tamil","0756869636","00:00:51","Agent","1","COMPLETEAGENT","Harshika","00:00:06","2026-07-24 13:48:32","2026-07-24 13:49:29"
"Tamil","0756869636","00:00:00","No answer","","RINGNOANSWER","Harshika","00:00:00","2026-07-24 13:58:09","2026-07-24 13:58:09"
"Tamil","0756869636","00:00:01","No answer","","RINGNOANSWER","Harshika","00:00:00","2026-07-24 13:58:09","2026-07-24 13:58:15"
"Tamil","0756869636","00:00:00","No answer","","RINGNOANSWER","Harshika","00:00:00","2026-07-24 13:58:09","2026-07-24 13:58:20"
"Tamil","0756869636","00:00:00","No answer","","RINGNOANSWER","Harshika","00:00:00","2026-07-24 13:58:09","2026-07-24 13:58:25"
"Tamil","0756869636","00:00:01","No answer","","RINGNOANSWER","Harshika","00:00:00","2026-07-24 13:58:09","2026-07-24 13:58:31"
"Tamil","0756869636","00:00:00","No answer","","RINGNOANSWER","Harshika","00:00:00","2026-07-24 13:58:09","2026-07-24 13:58:36"
"Tamil","0756869636","00:00:01","No answer","","RINGNOANSWER","Harshika","00:00:00","2026-07-24 13:58:09","2026-07-24 13:58:42"
"Tamil","0756869636","00:00:00","No answer","","RINGNOANSWER","Harshika","00:00:00","2026-07-24 13:58:09","2026-07-24 13:58:47"
"Tamil","0756869636","00:00:00","No answer","","RINGNOANSWER","Harshika","00:00:00","2026-07-24 13:58:09","2026-07-24 13:58:52"
"Tamil","0756869636","00:00:01","No answer","","RINGNOANSWER","Harshika","00:00:00","2026-07-24 13:58:09","2026-07-24 13:58:58"
"Tamil","0756869636","00:00:00","No answer","","RINGNOANSWER","Harshika","00:00:00","2026-07-24 13:58:09","2026-07-24 13:59:03"
"Tamil","0756869636","00:00:01","No answer","","RINGNOANSWER","Harshika","00:00:00","2026-07-24 13:58:09","2026-07-24 13:59:09"
"Tamil","0756869636","00:00:00","No answer","","RINGNOANSWER","Harshika","00:00:00","2026-07-24 13:58:09","2026-07-24 13:59:14"
"Tamil","0756869636","00:00:01","No answer","","RINGNOANSWER","Harshika","00:00:00","2026-07-24 13:58:09","2026-07-24 13:59:20"
"Tamil","0756869636","00:00:00","No answer","","RINGNOANSWER","Harshika","00:00:00","2026-07-24 13:58:09","2026-07-24 13:59:25"
"Tamil","0756869636","00:00:00","No answer","","RINGNOANSWER","Harshika","00:00:00","2026-07-24 13:58:09","2026-07-24 13:59:30"
"Tamil","0756869636","00:00:01","No answer","","RINGNOANSWER","Harshika","00:00:00","2026-07-24 13:58:09","2026-07-24 13:59:36"
"Tamil","0756869636","00:00:00","No answer","","RINGNOANSWER","Harshika","00:00:00","2026-07-24 13:58:09","2026-07-24 13:59:41"
"Tamil","0756869636","00:00:01","No answer","","RINGNOANSWER","Harshika","00:00:00","2026-07-24 13:58:09","2026-07-24 13:59:47"
"Tamil","0756869636","00:00:00","No answer","","RINGNOANSWER","Harshika","00:00:00","2026-07-24 13:58:09","2026-07-24 13:59:52"
"Tamil","0756869636","00:00:01","No answer","","RINGNOANSWER","Harshika","00:00:00","2026-07-24 14:00:33","2026-07-24 14:00:34"
"Tamil","0756869636","00:00:00","No answer","","RINGNOANSWER","Harshika","00:00:00","2026-07-24 14:00:33","2026-07-24 14:00:39"
"Tamil","0758311632","00:00:01","No answer","","RINGNOANSWER","Harshika","00:00:00","2026-07-24 14:17:32","2026-07-24 14:17:33"
"Tamil","0758311632","00:00:00","No answer","","RINGNOANSWER","Harshika","00:00:00","2026-07-24 14:17:32","2026-07-24 14:17:38"
"Tamil","0758311632","00:00:00","No answer","","RINGNOANSWER","Harshika","00:00:00","2026-07-24 14:17:32","2026-07-24 14:17:43"
"Tamil","0758311632","00:00:01","No answer","","RINGNOANSWER","Harshika","00:00:00","2026-07-24 14:17:32","2026-07-24 14:17:49"
"Tamil","0758311632","00:00:00","No answer","","RINGNOANSWER","Harshika","00:00:00","2026-07-24 14:17:32","2026-07-24 14:17:54"
"Tamil","0758311632","00:00:01","No answer","","RINGNOANSWER","Harshika","00:00:00","2026-07-24 14:17:32","2026-07-24 14:18:00"
"Tamil","0758311632","00:00:00","No answer","","RINGNOANSWER","Harshika","00:00:00","2026-07-24 14:17:32","2026-07-24 14:18:05"
"Tamil","0758311632","00:00:01","No answer","","RINGNOANSWER","Harshika","00:00:00","2026-07-24 14:17:32","2026-07-24 14:18:11"
"Tamil","0758311632","00:00:00","No answer","","RINGNOANSWER","Harshika","00:00:00","2026-07-24 14:17:32","2026-07-24 14:18:16"
"Tamil","0758311632","00:00:00","No answer","","RINGNOANSWER","Harshika","00:00:00","2026-07-24 14:17:32","2026-07-24 14:18:21"
"Tamil","0758311632","00:00:01","No answer","","RINGNOANSWER","Harshika","00:00:00","2026-07-24 14:17:32","2026-07-24 14:18:27"
"Tamil","0758311632","00:00:00","No answer","","RINGNOANSWER","Harshika","00:00:00","2026-07-24 14:17:32","2026-07-24 14:18:32"
"Tamil","0758311632","00:00:01","No answer","","RINGNOANSWER","Harshika","00:00:00","2026-07-24 14:17:32","2026-07-24 14:18:38"
"Tamil","0758311632","00:00:00","No answer","","RINGNOANSWER","Harshika","00:00:00","2026-07-24 14:17:32","2026-07-24 14:18:43"
"Tamil","0758311632","00:00:01","No answer","","RINGNOANSWER","Harshika","00:00:00","2026-07-24 14:19:07","2026-07-24 14:19:08"
"Tamil","0758311632","00:00:00","No answer","","RINGNOANSWER","Harshika","00:00:00","2026-07-24 14:19:07","2026-07-24 14:19:13"
"Tamil","0758311632","00:00:01","No answer","","RINGNOANSWER","Harshika","00:00:00","2026-07-24 14:19:07","2026-07-24 14:19:19"
"Tamil","0758311632","00:00:01","No answer","","RINGNOANSWER","Harshika","00:00:00","2026-07-24 14:19:07","2026-07-24 14:19:25"
"Tamil","0758311632","00:00:00","No answer","","RINGNOANSWER","Harshika","00:00:00","2026-07-24 14:19:07","2026-07-24 14:19:30"
"Tamil","0758311632","00:00:01","No answer","","RINGNOANSWER","Harshika","00:00:00","2026-07-24 14:19:07","2026-07-24 14:19:36"
"Tamil","0758311632","00:00:00","No answer","","RINGNOANSWER","Harshika","00:00:00","2026-07-24 14:19:07","2026-07-24 14:19:41"
"Tamil","0758311632","00:00:01","No answer","","RINGNOANSWER","Harshika","00:00:00","2026-07-24 14:19:07","2026-07-24 14:19:47"
"Tamil","0758311632","00:00:00","No answer","","RINGNOANSWER","Harshika","00:00:00","2026-07-24 14:19:07","2026-07-24 14:19:52"
"Tamil","0778950519","00:00:01","No answer","","RINGNOANSWER","Harshika","00:00:00","2026-07-24 14:21:27","2026-07-24 14:21:28"
"Tamil","0778950519","00:00:00","No answer","","RINGNOANSWER","Harshika","00:00:00","2026-07-24 14:21:27","2026-07-24 14:21:33"
"Tamil","0778950519","00:00:01","No answer","","RINGNOANSWER","Harshika","00:00:00","2026-07-24 14:21:27","2026-07-24 14:21:39"
"Tamil","0778950519","00:00:00","No answer","","RINGNOANSWER","Harshika","00:00:00","2026-07-24 14:21:27","2026-07-24 14:21:44"
"Tamil","0778950519","00:00:00","No answer","","RINGNOANSWER","Harshika","00:00:00","2026-07-24 14:21:27","2026-07-24 14:21:49"
"Tamil","0778950519","00:00:01","No answer","","RINGNOANSWER","Harshika","00:00:00","2026-07-24 14:21:27","2026-07-24 14:21:55"
"Tamil","0778950519","00:00:00","No answer","","RINGNOANSWER","Harshika","00:00:00","2026-07-24 14:21:27","2026-07-24 14:22:00"
"Tamil","0778950519","00:00:01","No answer","","RINGNOANSWER","Harshika","00:00:00","2026-07-24 14:21:27","2026-07-24 14:22:06"
"Tamil","0778950519","00:00:00","No answer","","RINGNOANSWER","Harshika","00:00:00","2026-07-24 14:21:27","2026-07-24 14:22:11"
"Tamil","0778950519","00:00:01","No answer","","RINGNOANSWER","Harshika","00:00:00","2026-07-24 14:21:27","2026-07-24 14:22:17"
"Tamil","0778950519","00:00:00","No answer","","RINGNOANSWER","Harshika","00:00:00","2026-07-24 14:21:27","2026-07-24 14:22:22"
"Tamil","0778950519","00:00:01","No answer","","RINGNOANSWER","Harshika","00:00:00","2026-07-24 14:21:27","2026-07-24 14:22:28"
"Tamil","0778950519","00:00:00","No answer","","RINGNOANSWER","Harshika","00:00:00","2026-07-24 14:21:27","2026-07-24 14:22:33"
"Tamil","0778950519","00:00:00","No answer","","RINGNOANSWER","Harshika","00:00:00","2026-07-24 14:21:27","2026-07-24 14:22:38"
"Tamil","0778950519","00:00:01","No answer","","RINGNOANSWER","Harshika","00:00:00","2026-07-24 14:21:27","2026-07-24 14:22:44"
"Tamil","0778950519","00:00:01","No answer","","RINGNOANSWER","Harshika","00:00:00","2026-07-24 14:23:00","2026-07-24 14:23:01"
"Tamil","0778950519","00:00:01","No answer","","RINGNOANSWER","Harshika","00:00:00","2026-07-24 14:23:00","2026-07-24 14:23:36"
"Tamil","0778950519","00:00:00","No answer","","RINGNOANSWER","Harshika","00:00:00","2026-07-24 14:23:00","2026-07-24 14:23:41"
"Tamil","0778950519","00:00:01","No answer","","RINGNOANSWER","Harshika","00:00:00","2026-07-24 14:23:00","2026-07-24 14:23:47"
"Tamil","0778950519","00:00:00","No answer","","RINGNOANSWER","Harshika","00:00:00","2026-07-24 14:23:00","2026-07-24 14:23:52"
"Tamil","0778950519","00:00:00","No answer","","RINGNOANSWER","Harshika","00:00:00","2026-07-24 14:23:00","2026-07-24 14:23:57"
"Tamil","0778950519","00:00:01","No answer","","RINGNOANSWER","Harshika","00:00:00","2026-07-24 14:23:00","2026-07-24 14:24:03"
"Tamil","0778950519","00:00:00","No answer","","RINGNOANSWER","Harshika","00:00:00","2026-07-24 14:23:00","2026-07-24 14:24:08"
"Tamil","0778950519","00:00:01","No answer","","RINGNOANSWER","Harshika","00:00:00","2026-07-24 14:23:00","2026-07-24 14:24:14"
"Tamil","0778950519","00:00:00","No answer","","RINGNOANSWER","Harshika","00:00:00","2026-07-24 14:24:35","2026-07-24 14:24:35"
"Tamil","0778950519","00:00:00","No answer","","RINGNOANSWER","Harshika","00:00:00","2026-07-24 14:24:35","2026-07-24 14:24:40"
"Tamil","0778950519","00:00:01","No answer","","RINGNOANSWER","Harshika","00:00:00","2026-07-24 14:24:35","2026-07-24 14:24:46"
"Tamil","0778950519","00:00:00","No answer","","RINGNOANSWER","Harshika","00:00:00","2026-07-24 14:24:35","2026-07-24 14:24:51"
"Tamil","0778950519","00:00:01","No answer","","RINGNOANSWER","Harshika","00:00:00","2026-07-24 14:24:35","2026-07-24 14:24:57"
"Tamil","0778950519","00:00:00","No answer","","RINGNOANSWER","Harshika","00:00:00","2026-07-24 14:24:35","2026-07-24 14:25:02"
"Tamil","0778950519","00:00:00","No answer","","RINGNOANSWER","Harshika","00:00:00","2026-07-24 14:24:35","2026-07-24 14:25:07"
"Tamil","0778950519","00:00:01","No answer","","RINGNOANSWER","Harshika","00:00:00","2026-07-24 14:24:35","2026-07-24 14:25:13"
"Tamil","0778950519","00:00:00","No answer","","RINGNOANSWER","Harshika","00:00:00","2026-07-24 14:24:35","2026-07-24 14:25:18"
"Tamil","0758008159","00:00:00","No answer","","RINGNOANSWER","Harshika","00:00:00","2026-07-24 14:29:01","2026-07-24 14:29:01"
"Tamil","0758008159","00:00:01","No answer","","RINGNOANSWER","Harshika","00:00:00","2026-07-24 14:29:01","2026-07-24 14:29:07"
"Tamil","0758008159","00:00:00","No answer","","RINGNOANSWER","Harshika","00:00:00","2026-07-24 14:29:01","2026-07-24 14:29:12"
"Tamil","0758008159","00:00:01","No answer","","RINGNOANSWER","Harshika","00:00:00","2026-07-24 14:29:01","2026-07-24 14:29:18"
"Tamil","0758008159","00:00:00","No answer","","RINGNOANSWER","Harshika","00:00:00","2026-07-24 14:29:01","2026-07-24 14:29:23"
"Tamil","0758008159","00:00:01","No answer","","RINGNOANSWER","Harshika","00:00:00","2026-07-24 14:29:01","2026-07-24 14:29:29"
"Tamil","0758008159","00:00:00","No answer","","RINGNOANSWER","Harshika","00:00:00","2026-07-24 14:29:01","2026-07-24 14:29:34"
"Tamil","0758008159","00:00:00","No answer","","RINGNOANSWER","Harshika","00:00:00","2026-07-24 14:29:01","2026-07-24 14:29:39"
"Tamil","0758008159","00:00:01","No answer","","RINGNOANSWER","Harshika","00:00:00","2026-07-24 14:29:01","2026-07-24 14:29:45"
"Tamil","0758008159","00:00:00","No answer","","RINGNOANSWER","Harshika","00:00:00","2026-07-24 14:29:01","2026-07-24 14:29:50"
"Tamil","0758008159","00:00:01","No answer","","RINGNOANSWER","Harshika","00:00:00","2026-07-24 14:29:01","2026-07-24 14:29:56"
"Tamil","0758008159","00:00:00","No answer","","RINGNOANSWER","Harshika","00:00:00","2026-07-24 14:29:01","2026-07-24 14:30:01"
"Tamil","0758008159","00:00:01","No answer","","RINGNOANSWER","Harshika","00:00:00","2026-07-24 14:29:01","2026-07-24 14:30:07"
"Tamil","0758008159","00:00:00","No answer","","RINGNOANSWER","Harshika","00:00:00","2026-07-24 14:29:01","2026-07-24 14:30:12"
"Tamil","0758008159","00:00:00","No answer","","RINGNOANSWER","Harshika","00:00:00","2026-07-24 14:29:01","2026-07-24 14:30:17"
"Tamil","0758008159","00:00:01","No answer","","RINGNOANSWER","Harshika","00:00:00","2026-07-24 14:29:01","2026-07-24 14:30:23"
"Tamil","0758008159","00:00:00","No answer","","RINGNOANSWER","Harshika","00:00:00","2026-07-24 14:29:01","2026-07-24 14:30:28"
"Tamil","0758008159","00:00:01","No answer","","RINGNOANSWER","Harshika","00:00:00","2026-07-24 14:29:01","2026-07-24 14:30:34"
"Tamil","0758008159","00:00:00","No answer","","RINGNOANSWER","Harshika","00:00:00","2026-07-24 14:29:01","2026-07-24 14:30:39"
"Tamil","0758008159","00:00:00","No answer","","RINGNOANSWER","Harshika","00:00:00","2026-07-24 14:29:01","2026-07-24 14:30:44"
"Tamil","0758008159","00:00:01","No answer","","RINGNOANSWER","Harshika","00:00:00","2026-07-24 14:29:01","2026-07-24 14:30:50"
"Tamil","0758008159","00:00:00","No answer","","RINGNOANSWER","Harshika","00:00:00","2026-07-24 14:29:01","2026-07-24 14:30:55"
"Tamil","0758311632","00:00:01","No answer","","RINGNOANSWER","Harshika","00:00:00","2026-07-24 14:46:17","2026-07-24 14:46:18"
"Tamil","0758311632","00:00:00","No answer","","RINGNOANSWER","Harshika","00:00:00","2026-07-24 14:46:17","2026-07-24 14:46:23"
"Tamil","0758311632","00:00:01","No answer","","RINGNOANSWER","Harshika","00:00:00","2026-07-24 14:46:17","2026-07-24 14:46:29"
"Tamil","0758311632","00:00:00","No answer","","RINGNOANSWER","Harshika","00:00:00","2026-07-24 14:46:17","2026-07-24 14:46:34"
"Tamil","0758311632","00:00:01","No answer","","RINGNOANSWER","Harshika","00:00:00","2026-07-24 14:46:17","2026-07-24 14:46:40"
"Tamil","0758311632","00:00:00","No answer","","RINGNOANSWER","Harshika","00:00:00","2026-07-24 14:46:17","2026-07-24 14:46:45"
"Tamil","0758311632","00:00:01","No answer","","RINGNOANSWER","Harshika","00:00:00","2026-07-24 14:46:17","2026-07-24 14:46:51"
"Tamil","0758311632","00:00:00","No answer","","RINGNOANSWER","Harshika","00:00:00","2026-07-24 14:46:17","2026-07-24 14:46:56"
"Tamil","0758311632","00:00:01","No answer","","RINGNOANSWER","Harshika","00:00:00","2026-07-24 14:46:17","2026-07-24 14:47:02"
"Tamil","0758311632","00:00:00","No answer","","RINGNOANSWER","Harshika","00:00:00","2026-07-24 14:46:17","2026-07-24 14:47:07"
"Tamil","0758311632","00:00:01","No answer","","RINGNOANSWER","Harshika","00:00:00","2026-07-24 14:46:17","2026-07-24 14:47:13"
"Tamil","0758311632","00:00:00","No answer","","RINGNOANSWER","Harshika","00:00:00","2026-07-24 14:46:17","2026-07-24 14:47:18"
"Tamil","0758311632","00:00:01","No answer","","RINGNOANSWER","Harshika","00:00:00","2026-07-24 14:46:17","2026-07-24 14:47:24"
"Tamil","0758311632","00:00:00","No answer","","RINGNOANSWER","Harshika","00:00:00","2026-07-24 14:46:17","2026-07-24 14:47:29"
"Tamil","0758311632","00:00:01","No answer","","RINGNOANSWER","Harshika","00:00:00","2026-07-24 14:46:17","2026-07-24 14:47:35"
"Tamil","0758311632","00:00:01","No answer","","RINGNOANSWER","Harshika","00:00:00","2026-07-24 14:46:17","2026-07-24 14:47:41"
"Tamil","0758311632","00:00:00","No answer","","RINGNOANSWER","Harshika","00:00:00","2026-07-24 14:46:17","2026-07-24 14:47:46"
"Tamil","0758311632","00:00:00","No answer","","RINGNOANSWER","Harshika","00:00:00","2026-07-24 14:46:17","2026-07-24 14:47:51"
"Tamil","0711510908","00:00:45","Caller","1","COMPLETECALLER","Harshika","00:00:08","2026-07-24 14:56:33","2026-07-24 14:57:26"
"Tamil","0778950519","00:02:18","Caller","1","COMPLETECALLER","Harshika","00:00:05","2026-07-24 15:28:11","2026-07-24 15:30:34"
"Tamil","0758008159","00:02:20","Agent","1","COMPLETEAGENT","Harshika","00:00:49","2026-07-24 15:33:28","2026-07-24 15:36:37"
"Tamil","0778950519","00:00:00","No answer","","RINGNOANSWER","Harshika","00:00:00","2026-07-24 15:52:18","2026-07-24 15:52:18"
"Tamil","0778950519","00:00:01","No answer","","RINGNOANSWER","Harshika","00:00:00","2026-07-24 15:52:18","2026-07-24 15:52:24"
"Tamil","0778950519","00:00:00","No answer","","RINGNOANSWER","Harshika","00:00:00","2026-07-24 15:52:18","2026-07-24 15:52:29"
"Tamil","0778950519","00:00:01","No answer","","RINGNOANSWER","Harshika","00:00:00","2026-07-24 15:52:18","2026-07-24 15:52:35"
"Tamil","0778950519","00:00:00","No answer","","RINGNOANSWER","Harshika","00:00:00","2026-07-24 15:52:18","2026-07-24 15:52:40"
"Tamil","0778950519","00:00:01","No answer","","RINGNOANSWER","Harshika","00:00:00","2026-07-24 15:52:18","2026-07-24 15:52:46"
"Tamil","0778950519","00:00:00","No answer","","RINGNOANSWER","Harshika","00:00:00","2026-07-24 15:52:18","2026-07-24 15:52:51"
"Tamil","0778950519","00:00:01","No answer","","RINGNOANSWER","Harshika","00:00:00","2026-07-24 15:52:18","2026-07-24 15:52:57"
"Tamil","0778950519","00:00:00","No answer","","RINGNOANSWER","Harshika","00:00:00","2026-07-24 15:52:18","2026-07-24 15:53:02"
"Tamil","0778950519","00:00:01","No answer","","RINGNOANSWER","Harshika","00:00:00","2026-07-24 15:52:18","2026-07-24 15:53:08"
"Tamil","0778950519","00:00:00","No answer","","RINGNOANSWER","Harshika","00:00:00","2026-07-24 15:52:18","2026-07-24 15:53:13"
"Tamil","0778950519","00:00:01","No answer","","RINGNOANSWER","Harshika","00:00:00","2026-07-24 15:52:18","2026-07-24 15:53:19"
"Tamil","0778950519","00:00:00","No answer","","RINGNOANSWER","Harshika","00:00:00","2026-07-24 15:52:18","2026-07-24 15:53:24"
"Tamil","0778950519","00:00:00","No answer","","RINGNOANSWER","Harshika","00:00:00","2026-07-24 15:54:00","2026-07-24 15:54:00"
"Tamil","0778950519","00:00:01","No answer","","RINGNOANSWER","Harshika","00:00:00","2026-07-24 15:54:00","2026-07-24 15:54:06"
"Tamil","0778950519","00:00:00","No answer","","RINGNOANSWER","Harshika","00:00:00","2026-07-24 15:54:00","2026-07-24 15:54:11"
"Tamil","0778950519","00:00:01","No answer","","RINGNOANSWER","Harshika","00:00:00","2026-07-24 15:54:00","2026-07-24 15:54:17"
"Tamil","0778950519","00:00:00","No answer","","RINGNOANSWER","Harshika","00:00:00","2026-07-24 15:54:00","2026-07-24 15:54:22"
"Tamil","0778950519","00:00:01","No answer","","RINGNOANSWER","Harshika","00:00:00","2026-07-24 15:54:00","2026-07-24 15:54:28"
"Tamil","0778950519","00:00:00","No answer","","RINGNOANSWER","Harshika","00:00:00","2026-07-24 15:54:00","2026-07-24 15:54:33"
"Tamil","0778950519","00:00:01","No answer","","RINGNOANSWER","Harshika","00:00:00","2026-07-24 15:54:00","2026-07-24 15:54:39"
"Tamil","0778950519","00:00:00","No answer","","RINGNOANSWER","Harshika","00:00:00","2026-07-24 15:54:00","2026-07-24 15:54:44"
"Tamil","0778950519","00:00:01","No answer","","RINGNOANSWER","Harshika","00:00:00","2026-07-24 15:54:00","2026-07-24 15:54:50"
"Tamil","0778950519","00:00:00","No answer","","RINGNOANSWER","Harshika","00:00:00","2026-07-24 15:54:00","2026-07-24 15:54:55"
"Tamil","0778950519","00:00:01","No answer","","RINGNOANSWER","Harshika","00:00:00","2026-07-24 15:54:00","2026-07-24 15:55:01"
"Tamil","0778950519","00:00:00","No answer","","RINGNOANSWER","Harshika","00:00:00","2026-07-24 15:55:16","2026-07-24 15:55:16"
"Tamil","0778950519","00:00:00","No answer","","RINGNOANSWER","Harshika","00:00:00","2026-07-24 15:55:16","2026-07-24 15:55:21"
"Tamil","0778950519","00:00:00","No answer","","RINGNOANSWER","Harshika","00:00:00","2026-07-24 15:55:16","2026-07-24 15:55:27"
"Tamil","0778950519","00:00:01","No answer","","RINGNOANSWER","Harshika","00:00:00","2026-07-24 15:55:16","2026-07-24 15:55:33"
"Tamil","0778950519","00:00:00","No answer","","RINGNOANSWER","Harshika","00:00:00","2026-07-24 15:55:16","2026-07-24 15:55:38"
"Tamil","0778950519","00:00:01","No answer","","RINGNOANSWER","Harshika","00:00:00","2026-07-24 15:55:16","2026-07-24 15:55:44"
"Tamil","0778950519","00:00:00","No answer","","RINGNOANSWER","Harshika","00:00:00","2026-07-24 15:55:16","2026-07-24 15:55:49"
"Tamil","0778950519","00:00:01","No answer","","RINGNOANSWER","Harshika","00:00:00","2026-07-24 15:55:16","2026-07-24 15:55:55"
"Tamil","0778950519","00:00:00","No answer","","RINGNOANSWER","Harshika","00:00:00","2026-07-24 15:55:16","2026-07-24 15:56:00"
"Tamil","0778950519","00:00:01","No answer","","RINGNOANSWER","Harshika","00:00:00","2026-07-24 15:55:16","2026-07-24 15:56:06"
"Tamil","0778950519","00:00:00","No answer","","RINGNOANSWER","Harshika","00:00:00","2026-07-24 15:55:16","2026-07-24 15:56:11"
"Tamil","0778950519","00:00:01","No answer","","RINGNOANSWER","Harshika","00:00:00","2026-07-24 15:55:16","2026-07-24 15:56:17"
"Tamil","0771059552","00:00:30","No answer","","RINGNOANSWER","Harshika","00:00:00","2026-07-25 09:14:55","2026-07-25 09:15:25"
"Tamil","0763244740","00:00:58","Agent","1","COMPLETEAGENT","Harshika","00:00:20","2026-07-25 09:40:17","2026-07-25 09:41:35"
"Tamil","0752638907","00:02:10","Agent","1","COMPLETEAGENT","Harshika","00:01:59","2026-07-25 09:49:37","2026-07-25 09:53:46"
"Tamil","0758311632","00:00:30","No answer","","RINGNOANSWER","Harshika","00:00:00","2026-07-25 10:12:33","2026-07-25 10:13:03"
"Tamil","0741987954","00:01:11","Caller","1","COMPLETECALLER","Harshika","00:00:08","2026-07-25 10:29:29","2026-07-25 10:30:48"
"Tamil","0762571238","00:00:34","Agent","1","COMPLETEAGENT","Harshika","00:00:06","2026-07-25 11:23:12","2026-07-25 11:23:52"
"Tamil","0773923074","00:02:12","Caller","1","COMPLETECALLER","Harshika","00:00:11","2026-07-25 12:07:04","2026-07-25 12:09:27"
"Tamil","0741987954","00:00:30","No answer","","RINGNOANSWER","Harshika","00:00:00","2026-07-25 13:34:10","2026-07-25 13:34:40"
"Tamil","0741987954","00:00:30","No answer","","RINGNOANSWER","Harshika","00:00:00","2026-07-25 13:34:10","2026-07-25 13:35:15"
"Tamil","0741987954","00:00:30","No answer","","RINGNOANSWER","Harshika","00:00:00","2026-07-25 13:34:10","2026-07-25 13:35:50"
"Tamil","0766517138","00:00:00","No answer","","RINGNOANSWER","Harshika","00:00:00","2026-07-25 14:07:54","2026-07-25 14:07:54"
"Tamil","0766517138","00:00:00","No answer","","RINGNOANSWER","Harshika","00:00:00","2026-07-25 14:07:54","2026-07-25 14:07:59"
"Tamil","0766517138","00:00:01","No answer","","RINGNOANSWER","Harshika","00:00:00","2026-07-25 14:07:54","2026-07-25 14:08:05"
"Tamil","0766517138","00:00:00","No answer","","RINGNOANSWER","Harshika","00:00:00","2026-07-25 14:07:54","2026-07-25 14:08:10"
"Tamil","0766517138","00:00:01","No answer","","RINGNOANSWER","Harshika","00:00:00","2026-07-25 14:07:54","2026-07-25 14:08:16"
"Tamil","0766517138","00:00:00","No answer","","RINGNOANSWER","Harshika","00:00:00","2026-07-25 14:07:54","2026-07-25 14:08:21"
"Tamil","0766517138","00:00:00","No answer","","RINGNOANSWER","Harshika","00:00:00","2026-07-25 14:07:54","2026-07-25 14:08:26"
"Tamil","0766517138","00:00:01","No answer","","RINGNOANSWER","Harshika","00:00:00","2026-07-25 14:07:54","2026-07-25 14:08:32"
"Tamil","0766517138","00:00:00","No answer","","RINGNOANSWER","Harshika","00:00:00","2026-07-25 14:07:54","2026-07-25 14:08:37"
"Tamil","0766517138","00:00:00","No answer","","RINGNOANSWER","Harshika","00:00:00","2026-07-25 14:07:54","2026-07-25 14:08:42"
"Tamil","0766517138","00:00:01","No answer","","RINGNOANSWER","Harshika","00:00:00","2026-07-25 14:07:54","2026-07-25 14:08:48"
"Tamil","0766517138","00:00:00","No answer","","RINGNOANSWER","Harshika","00:00:00","2026-07-25 14:07:54","2026-07-25 14:08:53"
"Tamil","0762571238","00:00:01","No answer","","RINGNOANSWER","Harshika","00:00:00","2026-07-25 14:24:48","2026-07-25 14:24:49"
"Tamil","0762571238","00:00:00","No answer","","RINGNOANSWER","Harshika","00:00:00","2026-07-25 14:24:48","2026-07-25 14:24:54"
"Tamil","0762571238","00:00:00","No answer","","RINGNOANSWER","Harshika","00:00:00","2026-07-25 14:24:48","2026-07-25 14:24:59"
"Tamil","0762571238","00:00:01","No answer","","RINGNOANSWER","Harshika","00:00:00","2026-07-25 14:24:48","2026-07-25 14:25:05"
"Tamil","0762571238","00:00:00","No answer","","RINGNOANSWER","Harshika","00:00:00","2026-07-25 14:24:48","2026-07-25 14:25:10"
"Tamil","0774206060","00:00:29","Agent","1","COMPLETEAGENT","Harshika","00:00:10","2026-07-25 14:51:14","2026-07-25 14:51:53"
"Tamil","0774206060","00:02:16","Agent","1","COMPLETEAGENT","Harshika","00:00:14","2026-07-25 14:54:35","2026-07-25 14:57:05"
"Tamil","0752116061","00:03:06","Agent","1","COMPLETEAGENT","Harshika","00:00:03","2026-07-25 14:57:42","2026-07-25 15:00:51"
"Tamil","0761328028","00:04:50","Caller","1","COMPLETECALLER","Harshika","00:00:07","2026-07-25 15:15:19","2026-07-25 15:20:16"
"Tamil","0704012298","00:00:30","No answer","","RINGNOANSWER","Harshika","00:00:00","2026-07-27 08:59:48","2026-07-27 09:00:18"
"Tamil","0763244740","00:01:56","Caller","1","COMPLETECALLER","Harshika","00:00:11","2026-07-27 09:13:00","2026-07-27 09:15:07"
"Tamil","0770702331","00:02:38","Caller","1","COMPLETECALLER","Harshika","00:00:17","2026-07-27 09:22:02","2026-07-27 09:24:57"
"Tamil","0725518575","00:01:38","Caller","1","COMPLETECALLER","Harshika","00:00:12","2026-07-27 09:51:15","2026-07-27 09:53:05"
"Tamil","0714108718","00:01:12","Caller","1","COMPLETECALLER","Harshika","00:00:12","2026-07-27 10:07:02","2026-07-27 10:08:26"
"Tamil","0762571238","00:02:30","Caller","1","COMPLETECALLER","Harshika","00:00:14","2026-07-27 10:16:26","2026-07-27 10:19:10"
"Tamil","0753996622","00:00:30","No answer","","RINGNOANSWER","Harshika","00:00:00","2026-07-27 10:18:51","2026-07-27 10:19:41"
"Tamil","0758113633","00:01:32","Agent","1","COMPLETEAGENT","Harshika","00:00:08","2026-07-27 10:35:38","2026-07-27 10:37:18"
"Tamil","0763244740","00:01:49","Caller","1","COMPLETECALLER","Harshika","00:00:09","2026-07-27 10:51:01","2026-07-27 10:52:59"
"Tamil","0773619710","00:01:31","Caller","1","COMPLETECALLER","Harshika","00:00:09","2026-07-27 11:00:28","2026-07-27 11:02:08"
"Tamil","0762571238","00:00:38","Caller","1","COMPLETECALLER","Harshika","00:00:13","2026-07-27 11:12:01","2026-07-27 11:12:52"
"Tamil","0714108718","00:00:30","No answer","","RINGNOANSWER","Harshika","00:00:00","2026-07-27 11:58:01","2026-07-27 11:58:31"
"Tamil","0714108718","00:00:01","No answer","","RINGNOANSWER","Harshika","00:00:00","2026-07-27 11:58:01","2026-07-27 11:58:37"
"Tamil","0714108718","00:00:01","No answer","","RINGNOANSWER","Harshika","00:00:00","2026-07-27 11:58:01","2026-07-27 11:59:12"
"Tamil","0714108718","00:00:01","No answer","","RINGNOANSWER","Harshika","00:00:00","2026-07-27 11:58:01","2026-07-27 11:59:47"
"Tamil","0714108718","00:00:01","No answer","","RINGNOANSWER","Harshika","00:00:00","2026-07-27 11:58:01","2026-07-27 12:00:22"
"Tamil","0714108718","00:00:01","No answer","","RINGNOANSWER","Harshika","00:00:00","2026-07-27 11:58:01","2026-07-27 12:00:57"
"Tamil","0714108718","00:00:01","No answer","","RINGNOANSWER","Harshika","00:00:00","2026-07-27 11:58:01","2026-07-27 12:01:32"
"Tamil","0714108718","00:00:00","No answer","","RINGNOANSWER","Harshika","00:00:00","2026-07-27 11:58:01","2026-07-27 12:02:07"
"Tamil","0714108718","00:00:00","No answer","","RINGNOANSWER","Harshika","00:00:00","2026-07-27 12:03:06","2026-07-27 12:03:06"
"Tamil","0763244740","00:00:01","No answer","","RINGNOANSWER","Harshika","00:00:00","2026-07-27 12:08:14","2026-07-27 12:08:15"
"Tamil","0763244740","00:00:01","No answer","","RINGNOANSWER","Harshika","00:00:00","2026-07-27 12:08:14","2026-07-27 12:08:50"
"Tamil","0763244740","00:00:01","No answer","","RINGNOANSWER","Harshika","00:00:00","2026-07-27 12:08:14","2026-07-27 12:09:25"
"Tamil","0763244740","00:00:30","No answer","","RINGNOANSWER","Harshika","00:00:00","2026-07-27 12:16:02","2026-07-27 12:16:32"
"Tamil","0773619710","00:00:01","No answer","","RINGNOANSWER","Harshika","00:00:00","2026-07-27 12:28:58","2026-07-27 12:28:59"
"Tamil","0773619710","00:00:00","No answer","","RINGNOANSWER","Harshika","00:00:00","2026-07-27 12:28:58","2026-07-27 12:29:04"
"Tamil","0773619710","00:00:00","No answer","","RINGNOANSWER","Harshika","00:00:00","2026-07-27 12:28:58","2026-07-27 12:29:39"
"Tamil","0773619710","00:00:00","No answer","","RINGNOANSWER","Harshika","00:00:00","2026-07-27 12:28:58","2026-07-27 12:30:14"
"Tamil","0773619710","00:00:01","No answer","","RINGNOANSWER","Harshika","00:00:00","2026-07-27 12:30:37","2026-07-27 12:30:38"
"Tamil","0773619710","00:00:30","No answer","","RINGNOANSWER","Harshika","00:00:00","2026-07-27 12:30:37","2026-07-27 12:31:42"
"Tamil","0773619710","00:01:29","Caller","1","COMPLETECALLER","Harshika","00:01:15","2026-07-27 12:30:37","2026-07-27 12:33:21"
"Tamil","0758967335","00:01:21","Caller","1","COMPLETECALLER","Harshika","00:00:07","2026-07-27 12:38:41","2026-07-27 12:40:09"
"Tamil","0763841424","00:00:30","No answer","","RINGNOANSWER","Harshika","00:00:00","2026-07-27 12:39:57","2026-07-27 12:40:40"
"Tamil","0769278602","00:03:27","Caller","1","COMPLETECALLER","Harshika","00:00:17","2026-07-27 12:49:06","2026-07-27 12:52:50"
"Tamil","0740329382","00:00:30","No answer","","RINGNOANSWER","Harshika","00:00:00","2026-07-27 12:51:36","2026-07-27 12:53:20"
"Tamil","0740329382","00:01:22","Caller","1","COMPLETECALLER","Harshika","00:01:57","2026-07-27 12:51:36","2026-07-27 12:54:55"
"Tamil","0760948466","00:01:23","Caller","1","COMPLETECALLER","Harshika","00:00:07","2026-07-27 13:07:04","2026-07-27 13:08:34"
"Tamil","0762571238","00:00:30","No answer","","RINGNOANSWER","Harshika","00:00:00","2026-07-27 13:08:49","2026-07-27 13:09:19"
"Tamil","0755166462","00:01:52","Agent","1","COMPLETEAGENT","Harshika","00:00:13","2026-07-27 13:40:35","2026-07-27 13:42:40"
"Tamil","0773619710","00:00:01","No answer","","RINGNOANSWER","Harshika","00:00:00","2026-07-27 13:50:49","2026-07-27 13:50:50"
"Tamil","0773619710","00:00:00","No answer","","RINGNOANSWER","Harshika","00:00:00","2026-07-27 13:50:49","2026-07-27 13:50:55"
"Tamil","0773619710","00:00:01","No answer","","RINGNOANSWER","Harshika","00:00:00","2026-07-27 13:50:49","2026-07-27 13:51:01"
"Tamil","0773619710","00:00:01","No answer","","RINGNOANSWER","Harshika","00:00:00","2026-07-27 13:50:49","2026-07-27 13:51:07"
"Tamil","0773619710","00:00:01","No answer","","RINGNOANSWER","Harshika","00:00:00","2026-07-27 13:50:49","2026-07-27 13:51:13"
"Tamil","0773619710","00:00:03","No answer","","RINGNOANSWER","Harshika","00:00:00","2026-07-27 13:50:49","2026-07-27 13:51:50"
"Tamil","0773619710","00:00:00","No answer","","RINGNOANSWER","Harshika","00:00:00","2026-07-27 13:50:49","2026-07-27 13:51:55"
"Tamil","0773619710","00:00:01","No answer","","RINGNOANSWER","Harshika","00:00:00","2026-07-27 13:50:49","2026-07-27 13:52:01"
"Tamil","0773619710","00:00:01","No answer","","RINGNOANSWER","Harshika","00:00:00","2026-07-27 13:50:49","2026-07-27 13:52:07"
"Tamil","0773619710","00:00:00","No answer","","RINGNOANSWER","Harshika","00:00:00","2026-07-27 13:50:49","2026-07-27 13:52:12"
"Tamil","0773619710","00:00:00","No answer","","RINGNOANSWER","Harshika","00:00:00","2026-07-27 13:50:49","2026-07-27 13:52:17"
"Tamil","0773619710","00:00:01","No answer","","RINGNOANSWER","Harshika","00:00:00","2026-07-27 13:50:49","2026-07-27 13:52:53"
"Tamil","0773619710","00:00:00","No answer","","RINGNOANSWER","Harshika","00:00:00","2026-07-27 13:50:49","2026-07-27 13:52:58"
"Tamil","0773619710","00:00:00","No answer","","RINGNOANSWER","Harshika","00:00:00","2026-07-27 13:50:49","2026-07-27 13:53:03"
"Tamil","0773619710","00:00:01","No answer","","RINGNOANSWER","Harshika","00:00:00","2026-07-27 13:50:49","2026-07-27 13:53:09"
"Tamil","0773619710","00:00:01","No answer","","RINGNOANSWER","Harshika","00:00:00","2026-07-27 13:50:49","2026-07-27 13:53:15"
"Tamil","0773619710","00:00:00","No answer","","RINGNOANSWER","Harshika","00:00:00","2026-07-27 13:50:49","2026-07-27 13:53:20"
"Tamil","0773619710","00:00:00","No answer","","RINGNOANSWER","Harshika","00:00:00","2026-07-27 13:50:49","2026-07-27 13:53:25"
"Tamil","0773619710","00:00:01","No answer","","RINGNOANSWER","Harshika","00:00:00","2026-07-27 13:50:49","2026-07-27 13:53:31"
"Tamil","0773619710","00:00:00","No answer","","RINGNOANSWER","Harshika","00:00:00","2026-07-27 13:50:49","2026-07-27 13:53:36"
"Tamil","0773619710","00:00:01","No answer","","RINGNOANSWER","Harshika","00:00:00","2026-07-27 13:50:49","2026-07-27 13:53:42"
"Tamil","0773619710","00:00:00","No answer","","RINGNOANSWER","Harshika","00:00:00","2026-07-27 13:50:49","2026-07-27 13:53:47"
"Tamil","0773619710","00:00:01","No answer","","RINGNOANSWER","Harshika","00:00:00","2026-07-27 13:50:49","2026-07-27 13:53:53"
"Tamil","0773619710","00:00:00","No answer","","RINGNOANSWER","Harshika","00:00:00","2026-07-27 13:50:49","2026-07-27 13:53:58"
"Tamil","0773619710","00:00:01","No answer","","RINGNOANSWER","Harshika","00:00:00","2026-07-27 13:50:49","2026-07-27 13:54:04"
"Tamil","0773619710","00:00:00","No answer","","RINGNOANSWER","Harshika","00:00:00","2026-07-27 13:50:49","2026-07-27 13:54:09"
"Tamil","0773619710","00:00:01","No answer","","RINGNOANSWER","Harshika","00:00:00","2026-07-27 13:50:49","2026-07-27 13:54:15"
"Tamil","0773619710","00:00:00","No answer","","RINGNOANSWER","Harshika","00:00:00","2026-07-27 13:50:49","2026-07-27 13:54:20"
"Tamil","0773619710","00:00:01","No answer","","RINGNOANSWER","Harshika","00:00:00","2026-07-27 13:50:49","2026-07-27 13:54:26"
"Tamil","0773619710","00:00:00","No answer","","RINGNOANSWER","Harshika","00:00:00","2026-07-27 13:50:49","2026-07-27 13:54:31"
"Tamil","0773619710","00:00:01","No answer","","RINGNOANSWER","Harshika","00:00:00","2026-07-27 13:50:49","2026-07-27 13:54:37"
"Tamil","0773619710","00:00:00","No answer","","RINGNOANSWER","Harshika","00:00:00","2026-07-27 13:50:49","2026-07-27 13:54:42"
"Tamil","0773619710","00:00:01","No answer","","RINGNOANSWER","Harshika","00:00:00","2026-07-27 13:50:49","2026-07-27 13:54:48"
"Tamil","0773619710","00:00:00","No answer","","RINGNOANSWER","Harshika","00:00:00","2026-07-27 13:50:49","2026-07-27 13:54:53"
"Tamil","0773619710","00:00:01","No answer","","RINGNOANSWER","Harshika","00:00:00","2026-07-27 13:50:49","2026-07-27 13:54:59"
"Tamil","0773619710","00:00:00","No answer","","RINGNOANSWER","Harshika","00:00:00","2026-07-27 13:50:49","2026-07-27 13:55:04"
"Tamil","0762571238","00:00:00","No answer","","RINGNOANSWER","Harshika","00:00:00","2026-07-27 13:58:54","2026-07-27 13:58:54"
"Tamil","0762571238","00:00:01","No answer","","RINGNOANSWER","Harshika","00:00:00","2026-07-27 13:58:54","2026-07-27 13:59:00"
"Tamil","0762571238","00:00:00","No answer","","RINGNOANSWER","Harshika","00:00:00","2026-07-27 13:58:54","2026-07-27 13:59:05"
"Tamil","0762571238","00:00:01","No answer","","RINGNOANSWER","Harshika","00:00:00","2026-07-27 13:58:54","2026-07-27 13:59:11"
"Tamil","0762571238","00:00:00","No answer","","RINGNOANSWER","Harshika","00:00:00","2026-07-27 13:58:54","2026-07-27 13:59:16"
"Tamil","0762571238","00:00:01","No answer","","RINGNOANSWER","Harshika","00:00:00","2026-07-27 13:58:54","2026-07-27 13:59:22"
"Tamil","0762571238","00:00:00","No answer","","RINGNOANSWER","Harshika","00:00:00","2026-07-27 13:58:54","2026-07-27 13:59:27"
"Tamil","0773619710","00:00:01","No answer","","RINGNOANSWER","Harshika","00:00:00","2026-07-27 14:00:26","2026-07-27 14:00:27"
"Tamil","0773619710","00:00:01","No answer","","RINGNOANSWER","Harshika","00:00:00","2026-07-27 14:00:26","2026-07-27 14:01:02"
"Tamil","0773619710","00:00:01","No answer","","RINGNOANSWER","Harshika","00:00:00","2026-07-27 14:00:26","2026-07-27 14:01:37"
"Tamil","0773619710","00:00:01","No answer","","RINGNOANSWER","Harshika","00:00:00","2026-07-27 14:00:26","2026-07-27 14:02:12"
"Tamil","0773619710","00:00:01","No answer","","RINGNOANSWER","Harshika","00:00:00","2026-07-27 14:00:26","2026-07-27 14:02:47"
"Tamil","0762571238","00:00:01","No answer","","RINGNOANSWER","Harshika","00:00:00","2026-07-27 14:03:07","2026-07-27 14:03:08"
"Tamil","0762571238","00:00:00","No answer","","RINGNOANSWER","Harshika","00:00:00","2026-07-27 14:03:07","2026-07-27 14:03:13"
"Tamil","0762571238","00:00:01","No answer","","RINGNOANSWER","Harshika","00:00:00","2026-07-27 14:03:07","2026-07-27 14:03:19"
"Tamil","0762571238","00:00:00","No answer","","RINGNOANSWER","Harshika","00:00:00","2026-07-27 14:03:07","2026-07-27 14:03:24"
"Tamil","0762571238","00:00:01","No answer","","RINGNOANSWER","Harshika","00:00:00","2026-07-27 14:11:05","2026-07-27 14:11:06"
"Tamil","0770323748","00:00:01","No answer","","RINGNOANSWER","Harshika","00:00:00","2026-07-27 14:27:09","2026-07-27 14:27:10"
"Tamil","0770323748","00:00:00","No answer","","RINGNOANSWER","Harshika","00:00:00","2026-07-27 14:27:09","2026-07-27 14:27:15"
"Tamil","0770323748","00:00:01","No answer","","RINGNOANSWER","Harshika","00:00:00","2026-07-27 14:27:09","2026-07-27 14:27:21"
"Tamil","0770323748","00:00:00","No answer","","RINGNOANSWER","Harshika","00:00:00","2026-07-27 14:27:09","2026-07-27 14:27:26"
"Tamil","0770323748","00:00:01","No answer","","RINGNOANSWER","Harshika","00:00:00","2026-07-27 14:27:09","2026-07-27 14:27:32"
"Tamil","0770323748","00:00:01","No answer","","RINGNOANSWER","Harshika","00:00:00","2026-07-27 14:27:09","2026-07-27 14:27:36"
"Tamil","0770323748","00:00:30","No answer","","RINGNOANSWER","Harshika","00:00:00","2026-07-27 15:20:22","2026-07-27 15:20:52"
"Tamil","0768046604","00:00:30","No answer","","RINGNOANSWER","Harshika","00:00:00","2026-07-27 17:02:49","2026-07-27 17:03:19"
"Tamil","0768046604","00:00:30","No answer","","RINGNOANSWER","Harshika","00:00:00","2026-07-27 17:03:49","2026-07-27 17:04:19"
"Tamil","0754180631","00:00:30","No answer","","RINGNOANSWER","Harshika","00:00:00","2026-07-28 08:53:07","2026-07-28 08:53:38"
"Tamil","0754180631","00:00:30","No answer","","RINGNOANSWER","Harshika","00:00:00","2026-07-28 08:53:07","2026-07-28 08:54:13"
"Tamil","0754180631","00:00:30","No answer","","RINGNOANSWER","Harshika","00:00:00","2026-07-28 08:53:07","2026-07-28 08:54:48"
"Tamil","0779456698","00:00:30","No answer","","RINGNOANSWER","Harshika","00:00:00","2026-07-28 08:54:37","2026-07-28 08:55:49"
"Tamil","0758311632","00:00:30","No answer","","RINGNOANSWER","Harshika","00:00:00","2026-07-28 09:14:40","2026-07-28 09:15:10"
"Tamil","0758311632","00:01:37","Caller","1","COMPLETECALLER","Harshika","00:00:16","2026-07-28 09:16:58","2026-07-28 09:18:51"
"Tamil","0777577204","00:01:32","Agent","1","COMPLETEAGENT","Harshika","00:00:06","2026-07-28 09:59:30","2026-07-28 10:01:08"
"Tamil","0755166462","00:01:32","Agent","1","COMPLETEAGENT","Harshika","00:00:07","2026-07-28 10:24:44","2026-07-28 10:26:23"
"Tamil","0703327979","00:02:08","Caller","1","COMPLETECALLER","Harshika","00:00:06","2026-07-28 10:42:40","2026-07-28 10:44:54"
"Tamil","0720686990","00:00:30","No answer","","RINGNOANSWER","Harshika","00:00:00","2026-07-28 11:46:27","2026-07-28 11:46:57"
"Tamil","0720686990","00:01:47","Agent","1","COMPLETEAGENT","Harshika","00:00:53","2026-07-28 11:46:27","2026-07-28 11:49:07"
"Tamil","0769293448","00:01:55","Agent","1","COMPLETEAGENT","Harshika","00:00:11","2026-07-28 11:58:32","2026-07-28 12:00:38"
"Tamil","0763036453","00:00:30","No answer","","RINGNOANSWER","Harshika","00:00:00","2026-07-28 12:29:15","2026-07-28 12:29:45"
"Tamil","0763036453","00:00:30","No answer","","RINGNOANSWER","Harshika","00:00:00","2026-07-28 12:29:15","2026-07-28 12:30:20"
"Tamil","0763036453","00:00:00","No answer","","RINGNOANSWER","Harshika","00:00:00","2026-07-28 12:29:15","2026-07-28 12:30:25"
"Tamil","0763036453","00:00:01","No answer","","RINGNOANSWER","Harshika","00:00:00","2026-07-28 12:29:15","2026-07-28 12:30:31"
"Tamil","0763036453","00:00:00","No answer","","RINGNOANSWER","Harshika","00:00:00","2026-07-28 12:29:15","2026-07-28 12:30:36"
"Tamil","0703306436","00:00:01","No answer","","RINGNOANSWER","Harshika","00:00:00","2026-07-28 12:30:47","2026-07-28 12:30:48"
"Tamil","0703306436","00:00:00","No answer","","RINGNOANSWER","Harshika","00:00:00","2026-07-28 12:30:47","2026-07-28 12:30:53"
"Tamil","0703306436","00:00:01","No answer","","RINGNOANSWER","Harshika","00:00:00","2026-07-28 12:30:47","2026-07-28 12:30:59"
"Tamil","0703306436","00:00:00","No answer","","RINGNOANSWER","Harshika","00:00:00","2026-07-28 12:30:47","2026-07-28 12:31:04"
"Tamil","0703306436","00:00:01","No answer","","RINGNOANSWER","Harshika","00:00:00","2026-07-28 12:30:47","2026-07-28 12:31:10"
"Tamil","0703306436","00:00:00","No answer","","RINGNOANSWER","Harshika","00:00:00","2026-07-28 12:30:47","2026-07-28 12:31:15"
"Tamil","0703306436","00:00:01","No answer","","RINGNOANSWER","Harshika","00:00:00","2026-07-28 12:30:47","2026-07-28 12:31:21"
"Tamil","0703306436","00:00:01","No answer","","RINGNOANSWER","Harshika","00:00:00","2026-07-28 12:30:47","2026-07-28 12:31:27"
"Tamil","0703306436","00:00:01","No answer","","RINGNOANSWER","Harshika","00:00:00","2026-07-28 12:30:47","2026-07-28 12:31:33"
"Tamil","0703306436","00:00:00","No answer","","RINGNOANSWER","Harshika","00:00:00","2026-07-28 12:30:47","2026-07-28 12:31:38"
"Tamil","0703306436","00:00:01","No answer","","RINGNOANSWER","Harshika","00:00:00","2026-07-28 12:30:47","2026-07-28 12:31:44"
"Tamil","0703306436","00:00:00","No answer","","RINGNOANSWER","Harshika","00:00:00","2026-07-28 12:30:47","2026-07-28 12:31:49"
"Tamil","0703306436","00:00:01","No answer","","RINGNOANSWER","Harshika","00:00:00","2026-07-28 12:30:47","2026-07-28 12:31:55"
"Tamil","0703306436","00:00:00","No answer","","RINGNOANSWER","Harshika","00:00:00","2026-07-28 12:30:47","2026-07-28 12:32:00"
"Tamil","0703306436","00:00:01","No answer","","RINGNOANSWER","Harshika","00:00:00","2026-07-28 12:30:47","2026-07-28 12:32:06"
"Tamil","0703306436","00:00:01","No answer","","RINGNOANSWER","Harshika","00:00:00","2026-07-28 12:30:47","2026-07-28 12:32:12"
"Tamil","0703306436","00:00:00","No answer","","RINGNOANSWER","Harshika","00:00:00","2026-07-28 12:30:47","2026-07-28 12:32:17"
"Tamil","0703306436","00:00:01","No answer","","RINGNOANSWER","Harshika","00:00:00","2026-07-28 12:30:47","2026-07-28 12:32:23"
"Tamil","0703306436","00:00:00","No answer","","RINGNOANSWER","Harshika","00:00:00","2026-07-28 12:30:47","2026-07-28 12:32:28"
"Tamil","0703306436","00:00:01","No answer","","RINGNOANSWER","Harshika","00:00:00","2026-07-28 12:30:47","2026-07-28 12:32:34"
"Tamil","0703306436","00:00:01","No answer","","RINGNOANSWER","Harshika","00:00:00","2026-07-28 12:30:47","2026-07-28 12:32:40"
"Tamil","0703306436","00:00:00","No answer","","RINGNOANSWER","Harshika","00:00:00","2026-07-28 12:30:47","2026-07-28 12:32:45"
"Tamil","0703306436","00:00:01","No answer","","RINGNOANSWER","Harshika","00:00:00","2026-07-28 12:30:47","2026-07-28 12:32:51"
"Tamil","0703306436","00:00:00","No answer","","RINGNOANSWER","Harshika","00:00:00","2026-07-28 12:30:47","2026-07-28 12:32:56"
"Tamil","0703306436","00:00:01","No answer","","RINGNOANSWER","Harshika","00:00:00","2026-07-28 12:30:47","2026-07-28 12:33:02"
"Tamil","0703306436","00:00:01","No answer","","RINGNOANSWER","Harshika","00:00:00","2026-07-28 12:30:47","2026-07-28 12:33:08"
"Tamil","0703306436","00:00:00","No answer","","RINGNOANSWER","Harshika","00:00:00","2026-07-28 12:30:47","2026-07-28 12:33:13"
"Tamil","0703306436","00:00:01","No answer","","RINGNOANSWER","Harshika","00:00:00","2026-07-28 12:30:47","2026-07-28 12:33:19"
"Tamil","0703306436","00:00:00","No answer","","RINGNOANSWER","Harshika","00:00:00","2026-07-28 12:30:47","2026-07-28 12:33:24"
"Tamil","0703306436","00:00:01","No answer","","RINGNOANSWER","Harshika","00:00:00","2026-07-28 12:30:47","2026-07-28 12:33:30"
"Tamil","0703306436","00:00:00","No answer","","RINGNOANSWER","Harshika","00:00:00","2026-07-28 12:30:47","2026-07-28 12:33:35"
"Tamil","0703306436","00:00:01","No answer","","RINGNOANSWER","Harshika","00:00:00","2026-07-28 12:30:47","2026-07-28 12:33:41"
"Tamil","0703306436","00:00:00","No answer","","RINGNOANSWER","Harshika","00:00:00","2026-07-28 12:30:47","2026-07-28 12:33:46"
"Tamil","0703306436","00:00:01","No answer","","RINGNOANSWER","Harshika","00:00:00","2026-07-28 12:30:47","2026-07-28 12:33:52"
"Tamil","0703306436","00:00:00","No answer","","RINGNOANSWER","Harshika","00:00:00","2026-07-28 12:30:47","2026-07-28 12:33:57"
"Tamil","0703306436","00:00:01","No answer","","RINGNOANSWER","Harshika","00:00:00","2026-07-28 12:30:47","2026-07-28 12:34:03"
"Tamil","0703306436","00:00:00","No answer","","RINGNOANSWER","Harshika","00:00:00","2026-07-28 12:30:47","2026-07-28 12:34:08"
"Tamil","0703306436","00:00:01","No answer","","RINGNOANSWER","Harshika","00:00:00","2026-07-28 12:30:47","2026-07-28 12:34:14"
"Tamil","0703306436","00:00:00","No answer","","RINGNOANSWER","Harshika","00:00:00","2026-07-28 12:30:47","2026-07-28 12:34:19"
"Tamil","0703306436","00:00:00","No answer","","RINGNOANSWER","Harshika","00:00:00","2026-07-28 12:30:47","2026-07-28 12:34:24"
"Tamil","0703306436","00:00:01","No answer","","RINGNOANSWER","Harshika","00:00:00","2026-07-28 12:30:47","2026-07-28 12:34:30"
"Tamil","0703306436","00:00:01","No answer","","RINGNOANSWER","Harshika","00:00:00","2026-07-28 12:30:47","2026-07-28 12:34:36"
"Tamil","0703306436","00:00:00","No answer","","RINGNOANSWER","Harshika","00:00:00","2026-07-28 12:30:47","2026-07-28 12:34:41"
"Tamil","0703306436","00:00:00","No answer","","RINGNOANSWER","Harshika","00:00:00","2026-07-28 12:30:47","2026-07-28 12:34:46"
"Tamil","0703306436","00:00:01","No answer","","RINGNOANSWER","Harshika","00:00:00","2026-07-28 12:30:47","2026-07-28 12:34:52"
"Tamil","0703306436","00:00:00","No answer","","RINGNOANSWER","Harshika","00:00:00","2026-07-28 12:30:47","2026-07-28 12:34:57"
"Tamil","0703306436","00:00:01","No answer","","RINGNOANSWER","Harshika","00:00:00","2026-07-28 12:30:47","2026-07-28 12:35:03"
"Tamil","0703306436","00:00:00","No answer","","RINGNOANSWER","Harshika","00:00:00","2026-07-28 12:30:47","2026-07-28 12:35:08"
"Tamil","0703306436","00:00:01","No answer","","RINGNOANSWER","Harshika","00:00:00","2026-07-28 12:30:47","2026-07-28 12:35:14"
"Tamil","0703306436","00:00:00","No answer","","RINGNOANSWER","Harshika","00:00:00","2026-07-28 12:30:47","2026-07-28 12:35:19"
"Tamil","0703306436","00:00:01","No answer","","RINGNOANSWER","Harshika","00:00:00","2026-07-28 12:30:47","2026-07-28 12:35:25"
"Tamil","0703306436","00:00:00","No answer","","RINGNOANSWER","Harshika","00:00:00","2026-07-28 12:30:47","2026-07-28 12:35:30"
"Tamil","0703306436","00:00:01","No answer","","RINGNOANSWER","Harshika","00:00:00","2026-07-28 12:30:47","2026-07-28 12:35:36"
"Tamil","0703306436","00:00:01","No answer","","RINGNOANSWER","Harshika","00:00:00","2026-07-28 12:30:47","2026-07-28 12:35:42"
"Tamil","0703306436","00:00:00","No answer","","RINGNOANSWER","Harshika","00:00:00","2026-07-28 12:30:47","2026-07-28 12:35:47"
"Tamil","0703306436","00:00:01","No answer","","RINGNOANSWER","Harshika","00:00:00","2026-07-28 12:30:47","2026-07-28 12:35:53"
"Tamil","0703306436","00:00:02","No answer","","RINGNOANSWER","Harshika","00:00:00","2026-07-28 12:30:47","2026-07-28 12:36:00"
"Tamil","0703306436","00:00:01","No answer","","RINGNOANSWER","Harshika","00:00:00","2026-07-28 12:30:47","2026-07-28 12:36:06"
"Tamil","0703306436","00:00:01","No answer","","RINGNOANSWER","Harshika","00:00:00","2026-07-28 12:30:47","2026-07-28 12:36:12"
"Tamil","0703306436","00:00:01","No answer","","RINGNOANSWER","Harshika","00:00:00","2026-07-28 12:30:47","2026-07-28 12:36:18"
"Tamil","0703306436","00:00:00","No answer","","RINGNOANSWER","Harshika","00:00:00","2026-07-28 12:30:47","2026-07-28 12:36:23"
"Tamil","0703306436","00:00:00","No answer","","RINGNOANSWER","Harshika","00:00:00","2026-07-28 12:30:47","2026-07-28 12:36:28"
"Tamil","0703306436","00:00:01","No answer","","RINGNOANSWER","Harshika","00:00:00","2026-07-28 12:30:47","2026-07-28 12:36:34"
"Tamil","0703306436","00:00:02","No answer","","RINGNOANSWER","Harshika","00:00:00","2026-07-28 12:30:47","2026-07-28 12:36:41"
"Tamil","0703306436","00:00:01","No answer","","RINGNOANSWER","Harshika","00:00:00","2026-07-28 12:30:47","2026-07-28 12:36:47"
"Tamil","0703306436","00:00:00","No answer","","RINGNOANSWER","Harshika","00:00:00","2026-07-28 12:30:47","2026-07-28 12:36:52"
"Tamil","0703306436","00:00:01","No answer","","RINGNOANSWER","Harshika","00:00:00","2026-07-28 12:30:47","2026-07-28 12:36:58"
"Tamil","0703306436","00:00:00","No answer","","RINGNOANSWER","Harshika","00:00:00","2026-07-28 12:30:47","2026-07-28 12:37:03"
"Tamil","0703306436","00:00:02","No answer","","RINGNOANSWER","Harshika","00:00:00","2026-07-28 12:30:47","2026-07-28 12:37:10"
"Tamil","0703306436","00:00:01","No answer","","RINGNOANSWER","Harshika","00:00:00","2026-07-28 12:30:47","2026-07-28 12:37:44"
"Tamil","0703306436","00:00:00","No answer","","RINGNOANSWER","Harshika","00:00:00","2026-07-28 12:30:47","2026-07-28 12:37:49"
"Tamil","0703306436","00:00:01","No answer","","RINGNOANSWER","Harshika","00:00:00","2026-07-28 12:30:47","2026-07-28 12:37:55"
"Tamil","0703306436","00:00:00","No answer","","RINGNOANSWER","Harshika","00:00:00","2026-07-28 12:30:47","2026-07-28 12:38:00"
"Tamil","0703306436","00:00:00","No answer","","RINGNOANSWER","Harshika","00:00:00","2026-07-28 12:30:47","2026-07-28 12:38:05"
"Tamil","0703306436","00:00:01","No answer","","RINGNOANSWER","Harshika","00:00:00","2026-07-28 12:30:47","2026-07-28 12:38:11"
"Tamil","0758311632","00:04:54","Agent","1","COMPLETEAGENT","Harshika","00:00:07","2026-07-28 13:37:48","2026-07-28 13:42:49"
"Tamil","0789393823","00:00:30","No answer","","RINGNOANSWER","Harshika","00:00:00","2026-07-28 13:49:48","2026-07-28 13:50:18"
"Tamil","0789393823","00:00:01","No answer","","RINGNOANSWER","Harshika","00:00:00","2026-07-28 13:49:48","2026-07-28 13:50:24"
"Tamil","0789393823","00:00:00","No answer","","RINGNOANSWER","Harshika","00:00:00","2026-07-28 13:49:48","2026-07-28 13:50:29"
"Tamil","0789393823","00:00:01","No answer","","RINGNOANSWER","Harshika","00:00:00","2026-07-28 13:49:48","2026-07-28 13:50:35"
"Tamil","0789393823","00:00:00","No answer","","RINGNOANSWER","Harshika","00:00:00","2026-07-28 13:49:48","2026-07-28 13:50:40"
"Tamil","0789393823","00:00:02","No answer","","RINGNOANSWER","Harshika","00:00:00","2026-07-28 13:49:48","2026-07-28 13:50:47"
"Tamil","0789393823","00:00:00","No answer","","RINGNOANSWER","Harshika","00:00:00","2026-07-28 13:49:48","2026-07-28 13:50:52"
"Tamil","0789393823","00:00:01","No answer","","RINGNOANSWER","Harshika","00:00:00","2026-07-28 13:49:48","2026-07-28 13:50:58"
"Tamil","0789393823","00:00:00","No answer","","RINGNOANSWER","Harshika","00:00:00","2026-07-28 13:49:48","2026-07-28 13:51:03"
"Tamil","0789393823","00:00:00","No answer","","RINGNOANSWER","Harshika","00:00:00","2026-07-28 13:49:48","2026-07-28 13:51:08"
"Tamil","0789393823","00:00:01","No answer","","RINGNOANSWER","Harshika","00:00:00","2026-07-28 13:49:48","2026-07-28 13:51:14"
"Tamil","0789393823","00:00:00","No answer","","RINGNOANSWER","Harshika","00:00:00","2026-07-28 13:49:48","2026-07-28 13:51:19"
"Tamil","0789393823","00:00:01","No answer","","RINGNOANSWER","Harshika","00:00:00","2026-07-28 13:49:48","2026-07-28 13:51:25"
"Tamil","0789393823","00:00:00","No answer","","RINGNOANSWER","Harshika","00:00:00","2026-07-28 13:49:48","2026-07-28 13:51:30"
"Tamil","0789393823","00:00:00","No answer","","RINGNOANSWER","Harshika","00:00:00","2026-07-28 13:49:48","2026-07-28 13:51:35"
"Tamil","0789393823","00:00:01","No answer","","RINGNOANSWER","Harshika","00:00:00","2026-07-28 13:49:48","2026-07-28 13:51:41"
"Tamil","0789393823","00:00:01","No answer","","RINGNOANSWER","Harshika","00:00:00","2026-07-28 13:49:48","2026-07-28 13:51:47"
"Tamil","0789393823","00:00:00","No answer","","RINGNOANSWER","Harshika","00:00:00","2026-07-28 13:49:48","2026-07-28 13:51:52"
"Tamil","0789393823","00:00:00","No answer","","RINGNOANSWER","Harshika","00:00:00","2026-07-28 13:49:48","2026-07-28 13:51:57"
"Tamil","0789393823","00:00:01","No answer","","RINGNOANSWER","Harshika","00:00:00","2026-07-28 13:49:48","2026-07-28 13:52:03"
"Tamil","0789393823","00:00:00","No answer","","RINGNOANSWER","Harshika","00:00:00","2026-07-28 13:49:48","2026-07-28 13:52:08"
"Tamil","0789393823","00:00:01","No answer","","RINGNOANSWER","Harshika","00:00:00","2026-07-28 13:49:48","2026-07-28 13:52:14"
"Tamil","0789393823","00:00:00","No answer","","RINGNOANSWER","Harshika","00:00:00","2026-07-28 13:49:48","2026-07-28 13:52:19"
"Tamil","0789393823","00:00:01","No answer","","RINGNOANSWER","Harshika","00:00:00","2026-07-28 13:49:48","2026-07-28 13:52:25"
"Tamil","0789393823","00:00:00","No answer","","RINGNOANSWER","Harshika","00:00:00","2026-07-28 13:49:48","2026-07-28 13:52:30"
"Tamil","0789393823","00:00:00","No answer","","RINGNOANSWER","Harshika","00:00:00","2026-07-28 13:49:48","2026-07-28 13:52:35"
"Tamil","0789393823","00:00:01","No answer","","RINGNOANSWER","Harshika","00:00:00","2026-07-28 13:49:48","2026-07-28 13:52:41"
"Tamil","0789393823","00:00:01","No answer","","RINGNOANSWER","Harshika","00:00:00","2026-07-28 13:49:48","2026-07-28 13:52:47"
"Tamil","0789393823","00:00:00","No answer","","RINGNOANSWER","Harshika","00:00:00","2026-07-28 13:49:48","2026-07-28 13:52:52"
"Tamil","0789393823","00:00:01","No answer","","RINGNOANSWER","Harshika","00:00:00","2026-07-28 13:49:48","2026-07-28 13:52:58"
"Tamil","0789393823","00:00:00","No answer","","RINGNOANSWER","Harshika","00:00:00","2026-07-28 13:49:48","2026-07-28 13:53:03"
"Tamil","0789393823","00:00:01","No answer","","RINGNOANSWER","Harshika","00:00:00","2026-07-28 13:49:48","2026-07-28 13:53:09"
"Tamil","0789393823","00:00:00","No answer","","RINGNOANSWER","Harshika","00:00:00","2026-07-28 13:49:48","2026-07-28 13:53:14"
"Tamil","0789393823","00:00:00","No answer","","RINGNOANSWER","Harshika","00:00:00","2026-07-28 13:49:48","2026-07-28 13:53:20"
"Tamil","0789393823","00:00:00","No answer","","RINGNOANSWER","Harshika","00:00:00","2026-07-28 13:49:48","2026-07-28 13:53:25"
"Tamil","0789393823","00:00:01","No answer","","RINGNOANSWER","Harshika","00:00:00","2026-07-28 13:49:48","2026-07-28 13:53:31"
"Tamil","0789393823","00:00:00","No answer","","RINGNOANSWER","Harshika","00:00:00","2026-07-28 13:49:48","2026-07-28 13:53:36"
"Tamil","0789393823","00:00:01","No answer","","RINGNOANSWER","Harshika","00:00:00","2026-07-28 13:49:48","2026-07-28 13:53:42"
"Tamil","0789393823","00:00:02","No answer","","RINGNOANSWER","Harshika","00:00:00","2026-07-28 13:49:48","2026-07-28 13:53:49"
"Tamil","0789393823","00:00:01","No answer","","RINGNOANSWER","Harshika","00:00:00","2026-07-28 13:49:48","2026-07-28 13:53:55"
"Tamil","0789393823","00:00:00","No answer","","RINGNOANSWER","Harshika","00:00:00","2026-07-28 13:49:48","2026-07-28 13:54:00"
"Tamil","0789393823","00:00:00","No answer","","RINGNOANSWER","Harshika","00:00:00","2026-07-28 13:49:48","2026-07-28 13:54:05"
"Tamil","0789393823","00:00:01","No answer","","RINGNOANSWER","Harshika","00:00:00","2026-07-28 13:49:48","2026-07-28 13:54:11"
"Tamil","0789393823","00:00:00","No answer","","RINGNOANSWER","Harshika","00:00:00","2026-07-28 13:49:48","2026-07-28 13:54:16"
"Tamil","0789393823","00:00:01","No answer","","RINGNOANSWER","Harshika","00:00:00","2026-07-28 13:49:48","2026-07-28 13:54:22"
"Tamil","0789393823","00:00:00","No answer","","RINGNOANSWER","Harshika","00:00:00","2026-07-28 13:49:48","2026-07-28 13:54:27"
"Tamil","0789393823","00:00:01","No answer","","RINGNOANSWER","Harshika","00:00:00","2026-07-28 13:49:48","2026-07-28 13:54:33"
"Tamil","0754180631","00:00:00","No answer","","RINGNOANSWER","Harshika","00:00:00","2026-07-28 13:58:30","2026-07-28 13:58:30"
"Tamil","0754180631","00:00:00","No answer","","RINGNOANSWER","Harshika","00:00:00","2026-07-28 13:58:30","2026-07-28 13:58:36"
"Tamil","0754180631","00:00:00","No answer","","RINGNOANSWER","Harshika","00:00:00","2026-07-28 13:58:30","2026-07-28 13:58:41"
"Tamil","0754180631","00:00:00","No answer","","RINGNOANSWER","Harshika","00:00:00","2026-07-28 13:58:30","2026-07-28 13:58:46"
"Tamil","0754180631","00:00:01","No answer","","RINGNOANSWER","Harshika","00:00:00","2026-07-28 13:58:30","2026-07-28 13:58:52"
"Tamil","0754180631","00:00:01","No answer","","RINGNOANSWER","Harshika","00:00:00","2026-07-28 13:58:30","2026-07-28 13:59:27"
"Tamil","0754180631","00:00:00","No answer","","RINGNOANSWER","Harshika","00:00:00","2026-07-28 13:58:30","2026-07-28 13:59:32"
"Tamil","0754180631","00:00:01","No answer","","RINGNOANSWER","Harshika","00:00:00","2026-07-28 13:58:30","2026-07-28 13:59:38"
"Tamil","0754180631","00:00:00","No answer","","RINGNOANSWER","Harshika","00:00:00","2026-07-28 13:58:30","2026-07-28 13:59:43"
"Tamil","0754180631","00:00:00","No answer","","RINGNOANSWER","Harshika","00:00:00","2026-07-28 13:58:30","2026-07-28 13:59:48"
"Tamil","0754180631","00:00:01","No answer","","RINGNOANSWER","Harshika","00:00:00","2026-07-28 13:58:30","2026-07-28 13:59:54"
"Tamil","0754180631","00:00:00","No answer","","RINGNOANSWER","Harshika","00:00:00","2026-07-28 13:58:30","2026-07-28 13:59:59"
"Tamil","0754180631","00:00:01","No answer","","RINGNOANSWER","Harshika","00:00:00","2026-07-28 13:58:30","2026-07-28 14:00:05"
"Tamil","0754180631","00:00:00","No answer","","RINGNOANSWER","Harshika","00:00:00","2026-07-28 13:58:30","2026-07-28 14:00:10"
"Tamil","0754180631","00:00:01","No answer","","RINGNOANSWER","Harshika","00:00:00","2026-07-28 13:58:30","2026-07-28 14:00:16"
"Tamil","0754180631","00:00:00","No answer","","RINGNOANSWER","Harshika","00:00:00","2026-07-28 13:58:30","2026-07-28 14:00:21"
"Tamil","0754180631","00:00:00","No answer","","RINGNOANSWER","Harshika","00:00:00","2026-07-28 13:58:30","2026-07-28 14:00:26"
"Tamil","0754180631","00:00:00","No answer","","RINGNOANSWER","Harshika","00:00:00","2026-07-28 13:58:30","2026-07-28 14:00:32"
"Tamil","0720742724","00:00:30","No answer","","RINGNOANSWER","Harshika","00:00:00","2026-07-28 15:08:28","2026-07-28 15:08:58"
"Tamil","0720742724","00:02:15","Caller","1","COMPLETECALLER","Harshika","00:00:46","2026-07-28 15:08:28","2026-07-28 15:11:29"
"Tamil","0702489523","00:00:30","No answer","","RINGNOANSWER","Harshika","00:00:00","2026-07-28 15:11:31","2026-07-28 15:12:01"
"Tamil","0702489523","00:00:30","No answer","","RINGNOANSWER","Harshika","00:00:00","2026-07-28 15:11:31","2026-07-28 15:15:46"
"Tamil","0702489523","00:00:11","Agent","1","COMPLETEAGENT","Harshika","00:13:22","2026-07-28 15:11:31","2026-07-28 15:25:04"
"Tamil","0702489523","00:01:59","Agent","2","COMPLETEAGENT","Harshika","00:02:39","2026-07-28 15:32:21","2026-07-28 15:36:59"
"Tamil","0768240858","00:02:16","Agent","1","COMPLETEAGENT","Harshika","00:00:09","2026-07-28 16:14:29","2026-07-28 16:16:54"
"Tamil","0752116061","00:02:14","Caller","1","COMPLETECALLER","Harshika","00:00:17","2026-07-28 17:03:17","2026-07-28 17:05:48"
"Tamil","0763480164","00:00:30","No answer","","RINGNOANSWER","Harshika","00:00:00","2026-07-28 18:05:42","2026-07-28 18:06:12"
"Tamil","0763480164","00:00:00","No answer","","RINGNOANSWER","Harshika","00:00:00","2026-07-28 18:05:42","2026-07-28 18:06:17"
"Tamil","0741442872","00:00:00","No answer","","RINGNOANSWER","Harshika","00:00:00","2026-07-28 18:22:55","2026-07-28 18:22:55"
"Tamil","0741442872","00:00:01","No answer","","RINGNOANSWER","Harshika","00:00:00","2026-07-28 18:23:52","2026-07-28 18:23:53"
"Tamil","0741442872","00:00:01","No answer","","RINGNOANSWER","Harshika","00:00:00","2026-07-28 18:23:52","2026-07-28 18:24:28"
"Tamil","0741442872","00:00:01","No answer","","RINGNOANSWER","Harshika","00:00:00","2026-07-28 18:23:52","2026-07-28 18:25:03"
"Tamil","0763209293","00:00:30","No answer","","RINGNOANSWER","Harshika","00:00:00","2026-07-30 09:22:55","2026-07-30 09:23:25"
"Tamil","0763209293","00:00:30","No answer","","RINGNOANSWER","Harshika","00:00:00","2026-07-30 09:22:55","2026-07-30 09:24:00"
"Tamil","0763209293","00:00:41","Caller","1","COMPLETECALLER","Harshika","00:01:32","2026-07-30 09:22:55","2026-07-30 09:25:08"
"Tamil","0753776778","00:00:01","No answer","","RINGNOANSWER","Harshika","00:00:00","2026-07-30 09:35:45","2026-07-30 09:35:46"
"Tamil","0753776778","00:00:00","No answer","","RINGNOANSWER","Harshika","00:00:00","2026-07-30 09:35:45","2026-07-30 09:35:51"
"Tamil","0753776778","00:00:00","No answer","","RINGNOANSWER","Harshika","00:00:00","2026-07-30 09:35:45","2026-07-30 09:35:56"
"Tamil","0753776778","00:00:00","No answer","","RINGNOANSWER","Harshika","00:00:00","2026-07-30 09:35:45","2026-07-30 09:36:31"
"Tamil","0753776778","00:00:01","No answer","","RINGNOANSWER","Harshika","00:00:00","2026-07-30 09:35:45","2026-07-30 09:36:37"
"Tamil","0753776778","00:00:00","No answer","","RINGNOANSWER","Harshika","00:00:00","2026-07-30 09:35:45","2026-07-30 09:36:42"
"Tamil","0753776778","00:00:00","No answer","","RINGNOANSWER","Harshika","00:00:00","2026-07-30 09:35:45","2026-07-30 09:36:47"
"Tamil","0753776778","00:00:01","No answer","","RINGNOANSWER","Harshika","00:00:00","2026-07-30 09:35:45","2026-07-30 09:36:53"
"Tamil","0753776778","00:00:00","No answer","","RINGNOANSWER","Harshika","00:00:00","2026-07-30 09:35:45","2026-07-30 09:36:58"
"Tamil","0753776778","00:00:00","No answer","","RINGNOANSWER","Harshika","00:00:00","2026-07-30 09:35:45","2026-07-30 09:37:03"
"Tamil","0753776778","00:00:01","No answer","","RINGNOANSWER","Harshika","00:00:00","2026-07-30 09:35:45","2026-07-30 09:37:09"
"Tamil","0768599953","00:00:01","No answer","","RINGNOANSWER","Harshika","00:00:00","2026-07-30 09:37:37","2026-07-30 09:37:38"
"Tamil","0768599953","00:00:00","No answer","","RINGNOANSWER","Harshika","00:00:00","2026-07-30 09:37:37","2026-07-30 09:37:43"
"Tamil","0768599953","00:00:00","No answer","","RINGNOANSWER","Harshika","00:00:00","2026-07-30 09:37:37","2026-07-30 09:37:48"
"Tamil","0717444960","00:00:00","No answer","","RINGNOANSWER","Harshika","00:00:00","2026-07-30 09:38:09","2026-07-30 09:38:09"
"Tamil","0717444960","00:00:01","No answer","","RINGNOANSWER","Harshika","00:00:00","2026-07-30 09:38:09","2026-07-30 09:38:15"
"Tamil","0768599953","00:00:00","No answer","","RINGNOANSWER","Harshika","00:00:00","2026-07-30 09:37:37","2026-07-30 09:38:23"
"Tamil","0768599953","00:00:01","No answer","","RINGNOANSWER","Harshika","00:00:00","2026-07-30 09:37:37","2026-07-30 09:38:29"
"Tamil","0768599953","00:00:00","No answer","","RINGNOANSWER","Harshika","00:00:00","2026-07-30 09:37:37","2026-07-30 09:38:34"
"Tamil","0768599953","00:00:00","No answer","","RINGNOANSWER","Harshika","00:00:00","2026-07-30 09:37:37","2026-07-30 09:38:39"
"Tamil","0768599953","00:00:01","No answer","","RINGNOANSWER","Harshika","00:00:00","2026-07-30 09:37:37","2026-07-30 09:38:45"
"Tamil","0768599953","00:00:00","No answer","","RINGNOANSWER","Harshika","00:00:00","2026-07-30 09:37:37","2026-07-30 09:38:50"
"Tamil","0717444960","00:00:00","No answer","","RINGNOANSWER","Harshika","00:00:00","2026-07-30 09:38:09","2026-07-30 09:38:55"
"Tamil","0717444960","00:00:00","No answer","","RINGNOANSWER","Harshika","00:00:00","2026-07-30 09:38:09","2026-07-30 09:39:00"
"Tamil","0717444960","00:00:01","No answer","","RINGNOANSWER","Harshika","00:00:00","2026-07-30 09:38:09","2026-07-30 09:39:06"
"Tamil","0717444960","00:00:01","No answer","","RINGNOANSWER","Harshika","00:00:00","2026-07-30 09:38:09","2026-07-30 09:39:12"
"Tamil","0717444960","00:00:00","No answer","","RINGNOANSWER","Harshika","00:00:00","2026-07-30 09:38:09","2026-07-30 09:39:17"
"Tamil","0768599953","00:00:00","No answer","","RINGNOANSWER","Harshika","00:00:00","2026-07-30 09:37:37","2026-07-30 09:39:25"
"Tamil","0768599953","00:00:01","No answer","","RINGNOANSWER","Harshika","00:00:00","2026-07-30 09:37:37","2026-07-30 09:39:31"
"Tamil","0717444960","00:00:00","No answer","","RINGNOANSWER","Harshika","00:00:00","2026-07-30 09:38:09","2026-07-30 09:39:34"
"Tamil","0717444960","00:00:01","No answer","","RINGNOANSWER","Harshika","00:00:00","2026-07-30 09:38:09","2026-07-30 09:39:40"
"Tamil","0717444960","00:00:00","No answer","","RINGNOANSWER","Harshika","00:00:00","2026-07-30 09:38:09","2026-07-30 09:39:45"
"Tamil","0717444960","00:00:00","No answer","","RINGNOANSWER","Harshika","00:00:00","2026-07-30 09:38:09","2026-07-30 09:39:50"
"Tamil","0717444960","00:00:01","No answer","","RINGNOANSWER","Harshika","00:00:00","2026-07-30 09:38:09","2026-07-30 09:39:56"
"Tamil","0753776778","00:00:00","No answer","","RINGNOANSWER","Harshika","00:00:00","2026-07-30 09:39:30","2026-07-30 09:39:56"
"Tamil","0753776778","00:00:01","No answer","","RINGNOANSWER","Harshika","00:00:00","2026-07-30 09:39:30","2026-07-30 09:40:02"
"Tamil","0753776778","00:00:00","No answer","","RINGNOANSWER","Harshika","00:00:00","2026-07-30 09:39:30","2026-07-30 09:40:07"
"Tamil","0753776778","00:00:01","No answer","","RINGNOANSWER","Harshika","00:00:00","2026-07-30 09:39:30","2026-07-30 09:40:13"
"Tamil","0753776778","00:00:00","No answer","","RINGNOANSWER","Harshika","00:00:00","2026-07-30 09:39:30","2026-07-30 09:40:18"
"Tamil","0763244740","00:00:01","No answer","","RINGNOANSWER","Harshika","00:00:00","2026-07-30 09:39:55","2026-07-30 09:40:21"
"Tamil","0717444960","00:00:01","No answer","","RINGNOANSWER","Harshika","00:00:00","2026-07-30 09:38:09","2026-07-30 09:40:31"
"Tamil","0717444960","00:00:00","No answer","","RINGNOANSWER","Harshika","00:00:00","2026-07-30 09:38:09","2026-07-30 09:40:36"
"Tamil","0717444960","00:00:00","No answer","","RINGNOANSWER","Harshika","00:00:00","2026-07-30 09:38:09","2026-07-30 09:40:41"
"Tamil","0717444960","00:00:01","No answer","","RINGNOANSWER","Harshika","00:00:00","2026-07-30 09:38:09","2026-07-30 09:40:47"
"Tamil","0717444960","00:00:00","No answer","","RINGNOANSWER","Harshika","00:00:00","2026-07-30 09:38:09","2026-07-30 09:40:52"
"Tamil","0717444960","00:00:00","No answer","","RINGNOANSWER","Harshika","00:00:00","2026-07-30 09:38:09","2026-07-30 09:40:57"
"Tamil","0763244740","00:00:00","No answer","","RINGNOANSWER","Harshika","00:00:00","2026-07-30 09:39:55","2026-07-30 09:40:58"
"Tamil","0763244740","00:00:01","No answer","","RINGNOANSWER","Harshika","00:00:00","2026-07-30 09:41:04","2026-07-30 09:41:05"
"Tamil","0763244740","00:00:00","No answer","","RINGNOANSWER","Harshika","00:00:00","2026-07-30 09:41:04","2026-07-30 09:41:10"
"Tamil","0763244740","00:00:00","No answer","","RINGNOANSWER","Harshika","00:00:00","2026-07-30 09:41:04","2026-07-30 09:41:15"
"Tamil","0763244740","00:00:01","No answer","","RINGNOANSWER","Harshika","00:00:00","2026-07-30 09:41:04","2026-07-30 09:41:21"
"Tamil","0763244740","00:00:00","No answer","","RINGNOANSWER","Harshika","00:00:00","2026-07-30 09:41:04","2026-07-30 09:41:26"
"Tamil","0717444960","00:00:00","No answer","","RINGNOANSWER","Harshika","00:00:00","2026-07-30 09:38:09","2026-07-30 09:41:32"
"Tamil","0717444960","00:00:01","No answer","","RINGNOANSWER","Harshika","00:00:00","2026-07-30 09:38:09","2026-07-30 09:41:38"
"Tamil","0717444960","00:00:00","No answer","","RINGNOANSWER","Harshika","00:00:00","2026-07-30 09:38:09","2026-07-30 09:41:43"
"Tamil","0717444960","00:00:01","No answer","","RINGNOANSWER","Harshika","00:00:00","2026-07-30 09:38:09","2026-07-30 09:41:49"
"Tamil","0717444960","00:00:00","No answer","","RINGNOANSWER","Harshika","00:00:00","2026-07-30 09:38:09","2026-07-30 09:41:54"
"Tamil","0717444960","00:00:00","No answer","","RINGNOANSWER","Harshika","00:00:00","2026-07-30 09:38:09","2026-07-30 09:41:59"
"Tamil","0755242773","00:00:01","No answer","","RINGNOANSWER","Harshika","00:00:00","2026-07-30 09:43:45","2026-07-30 09:43:46"
"Tamil","0755242773","00:00:01","No answer","","RINGNOANSWER","Harshika","00:00:00","2026-07-30 09:43:45","2026-07-30 09:43:52"
"Tamil","0755242773","00:00:00","No answer","","RINGNOANSWER","Harshika","00:00:00","2026-07-30 09:43:45","2026-07-30 09:43:57"
"Tamil","0755242773","00:00:01","No answer","","RINGNOANSWER","Harshika","00:00:00","2026-07-30 09:43:45","2026-07-30 09:44:03"
"Tamil","0755242773","00:00:00","No answer","","RINGNOANSWER","Harshika","00:00:00","2026-07-30 09:43:45","2026-07-30 09:44:08"
"Tamil","0755242773","00:00:00","No answer","","RINGNOANSWER","Harshika","00:00:00","2026-07-30 09:43:45","2026-07-30 09:44:13"
"Tamil","0755242773","00:00:01","No answer","","RINGNOANSWER","Harshika","00:00:00","2026-07-30 09:43:45","2026-07-30 09:44:19"
"Tamil","0755242773","00:00:00","No answer","","RINGNOANSWER","Harshika","00:00:00","2026-07-30 09:43:45","2026-07-30 09:44:24"
"Tamil","0755242773","00:00:00","No answer","","RINGNOANSWER","Harshika","00:00:00","2026-07-30 09:43:45","2026-07-30 09:44:29"
"Tamil","0755242773","00:00:01","No answer","","RINGNOANSWER","Harshika","00:00:00","2026-07-30 09:43:45","2026-07-30 09:44:35"
"Tamil","0755242773","00:00:00","No answer","","RINGNOANSWER","Harshika","00:00:00","2026-07-30 09:43:45","2026-07-30 09:44:40"
"Tamil","0755242773","00:00:00","No answer","","RINGNOANSWER","Harshika","00:00:00","2026-07-30 09:43:45","2026-07-30 09:44:45"
"Tamil","0755242773","00:00:01","No answer","","RINGNOANSWER","Harshika","00:00:00","2026-07-30 09:43:45","2026-07-30 09:44:51"
"Tamil","0755242773","00:00:00","No answer","","RINGNOANSWER","Harshika","00:00:00","2026-07-30 09:43:45","2026-07-30 09:44:56"
"Tamil","0755242773","00:00:00","No answer","","RINGNOANSWER","Harshika","00:00:00","2026-07-30 09:43:45","2026-07-30 09:45:01"
"Tamil","0755242773","00:00:01","No answer","","RINGNOANSWER","Harshika","00:00:00","2026-07-30 09:43:45","2026-07-30 09:45:07"
"Tamil","0755242773","00:00:00","No answer","","RINGNOANSWER","Harshika","00:00:00","2026-07-30 09:43:45","2026-07-30 09:45:12"
"Tamil","0755242773","00:00:01","No answer","","RINGNOANSWER","Harshika","00:00:00","2026-07-30 09:43:45","2026-07-30 09:45:18"
"Tamil","0758311632","00:00:01","No answer","","RINGNOANSWER","Harshika","00:00:00","2026-07-30 09:45:47","2026-07-30 09:45:48"
"Tamil","0758311632","00:00:00","No answer","","RINGNOANSWER","Harshika","00:00:00","2026-07-30 09:45:47","2026-07-30 09:45:53"
"Tamil","0758311632","00:00:00","No answer","","RINGNOANSWER","Harshika","00:00:00","2026-07-30 09:45:47","2026-07-30 09:45:58"
"Tamil","0758311632","00:00:01","No answer","","RINGNOANSWER","Harshika","00:00:00","2026-07-30 09:45:47","2026-07-30 09:46:04"
"Tamil","0758311632","00:00:00","No answer","","RINGNOANSWER","Harshika","00:00:00","2026-07-30 09:45:47","2026-07-30 09:46:09"
"Tamil","0758311632","00:00:00","No answer","","RINGNOANSWER","Harshika","00:00:00","2026-07-30 09:45:47","2026-07-30 09:46:44"
"Tamil","0758311632","00:00:01","No answer","","RINGNOANSWER","Harshika","00:00:00","2026-07-30 09:45:47","2026-07-30 09:46:50"
"Tamil","0758311632","00:00:00","No answer","","RINGNOANSWER","Harshika","00:00:00","2026-07-30 09:45:47","2026-07-30 09:46:55"
"Tamil","0758311632","00:00:00","No answer","","RINGNOANSWER","Harshika","00:00:00","2026-07-30 09:45:47","2026-07-30 09:47:00"
"Tamil","0758311632","00:00:00","No answer","","RINGNOANSWER","Harshika","00:00:00","2026-07-30 09:45:47","2026-07-30 09:47:04"
"Tamil","0755242773","00:00:00","No answer","","RINGNOANSWER","Harshika","00:00:00","2026-07-30 09:47:26","2026-07-30 09:47:26"
"Tamil","0755242773","00:00:01","No answer","","RINGNOANSWER","Harshika","00:00:00","2026-07-30 09:47:26","2026-07-30 09:47:32"
"Tamil","0755242773","00:00:00","No answer","","RINGNOANSWER","Harshika","00:00:00","2026-07-30 09:47:26","2026-07-30 09:47:37"
"Tamil","0755242773","00:00:00","No answer","","RINGNOANSWER","Harshika","00:00:00","2026-07-30 09:47:26","2026-07-30 09:47:42"
"Tamil","0755242773","00:00:01","No answer","","RINGNOANSWER","Harshika","00:00:00","2026-07-30 09:47:26","2026-07-30 09:47:48"
"Tamil","0755242773","00:00:01","No answer","","RINGNOANSWER","Harshika","00:00:00","2026-07-30 09:47:26","2026-07-30 09:48:23"
"Tamil","0755242773","00:00:00","No answer","","RINGNOANSWER","Harshika","00:00:00","2026-07-30 09:47:26","2026-07-30 09:48:28"
"Tamil","0755242773","00:00:01","No answer","","RINGNOANSWER","Harshika","00:00:00","2026-07-30 09:47:26","2026-07-30 09:48:34"
"Tamil","0755242773","00:00:00","No answer","","RINGNOANSWER","Harshika","00:00:00","2026-07-30 09:47:26","2026-07-30 09:48:39"
"Tamil","0755242773","00:00:00","No answer","","RINGNOANSWER","Harshika","00:00:00","2026-07-30 09:47:26","2026-07-30 09:48:44"
"Tamil","0755242773","00:00:01","No answer","","RINGNOANSWER","Harshika","00:00:00","2026-07-30 09:47:26","2026-07-30 09:48:50"
"Tamil","0755242773","00:00:00","No answer","","RINGNOANSWER","Harshika","00:00:00","2026-07-30 09:47:26","2026-07-30 09:48:55"
"Tamil","0755242773","00:00:00","No answer","","RINGNOANSWER","Harshika","00:00:00","2026-07-30 09:47:26","2026-07-30 09:49:00"
"Tamil","0741442872","00:02:24","Caller","1","COMPLETECALLER","Harshika","00:00:15","2026-07-30 09:58:03","2026-07-30 10:00:42"
"Tamil","0755242773","00:00:30","No answer","","RINGNOANSWER","Harshika","00:00:00","2026-07-30 09:58:03","2026-07-30 10:01:13"
"Tamil","0755242773","00:02:34","Agent","2","COMPLETEAGENT","Harshika","00:04:42","2026-07-30 09:58:03","2026-07-30 10:05:19"
"Tamil","0755242773","00:01:18","Agent","1","COMPLETEAGENT","Harshika","00:05:33","2026-07-30 10:07:18","2026-07-30 10:14:09"
"Tamil","0763244740","00:02:32","Caller","1","COMPLETECALLER","Harshika","00:00:20","2026-07-30 10:21:48","2026-07-30 10:24:40"
"Tamil","0741748431","00:00:30","No answer","","RINGNOANSWER","Harshika","00:00:00","2026-07-30 10:34:09","2026-07-30 10:34:39"
"Tamil","0767485212","00:02:41","Caller","1","COMPLETECALLER","Harshika","00:00:11","2026-07-30 10:40:49","2026-07-30 10:43:41"
"Tamil","0770191749","00:00:30","No answer","","RINGNOANSWER","Harshika","00:00:00","2026-07-30 10:41:53","2026-07-30 10:44:12"
"Tamil","0712600037","00:00:24","Caller","1","COMPLETECALLER","Harshika","00:00:07","2026-07-30 10:52:26","2026-07-30 10:52:57"
"Tamil","0776383682","00:04:34","Caller","1","COMPLETECALLER","Harshika","00:00:08","2026-07-30 11:03:32","2026-07-30 11:08:14"
"Tamil","0112823499","00:00:30","No answer","","RINGNOANSWER","Harshika","00:00:00","2026-07-30 11:07:53","2026-07-30 11:08:58"
"Tamil","0703537729","00:02:15","Agent","1","COMPLETEAGENT","Harshika","00:00:06","2026-07-30 11:26:26","2026-07-30 11:28:47"
"Tamil","0767485212","00:02:11","Caller","1","COMPLETECALLER","Harshika","00:00:10","2026-07-30 12:02:30","2026-07-30 12:04:51"
"Tamil","0753776778","00:01:43","Caller","1","COMPLETECALLER","Harshika","00:00:21","2026-07-30 12:16:46","2026-07-30 12:18:50"
"Tamil","0775385988","00:03:42","Caller","1","COMPLETECALLER","Harshika","00:00:11","2026-07-30 12:32:53","2026-07-30 12:36:46"
"Tamil","0720742724","00:01:05","Agent","1","COMPLETEAGENT","Harshika","00:00:09","2026-07-30 12:41:25","2026-07-30 12:42:39"
"Tamil","0752116061","00:01:19","Caller","1","COMPLETECALLER","Harshika","00:00:17","2026-07-30 13:04:47","2026-07-30 13:06:23"
"Tamil","0776539300","00:00:01","No answer","","RINGNOANSWER","Harshika","00:00:00","2026-07-30 13:23:25","2026-07-30 13:23:26"
"Tamil","0776539300","00:00:00","No answer","","RINGNOANSWER","Harshika","00:00:00","2026-07-30 13:23:25","2026-07-30 13:23:31"
"Tamil","0776539300","00:00:00","No answer","","RINGNOANSWER","Harshika","00:00:00","2026-07-30 13:23:25","2026-07-30 13:23:36"
"Tamil","0776539300","00:00:01","No answer","","RINGNOANSWER","Harshika","00:00:00","2026-07-30 13:23:25","2026-07-30 13:23:42"
"Tamil","0776539300","00:00:02","No answer","","RINGNOANSWER","Harshika","00:00:00","2026-07-30 13:23:25","2026-07-30 13:23:49"
"Tamil","0760514711","00:00:01","No answer","","RINGNOANSWER","Harshika","00:00:00","2026-07-30 13:25:07","2026-07-30 13:25:08"
"Tamil","0760514711","00:00:00","No answer","","RINGNOANSWER","Harshika","00:00:00","2026-07-30 13:25:07","2026-07-30 13:25:13"
"Tamil","0760514711","00:00:00","No answer","","RINGNOANSWER","Harshika","00:00:00","2026-07-30 13:25:07","2026-07-30 13:25:18"
"Tamil","0760514711","00:00:01","No answer","","RINGNOANSWER","Harshika","00:00:00","2026-07-30 13:25:07","2026-07-30 13:25:24"
"Tamil","0760514711","00:00:00","No answer","","RINGNOANSWER","Harshika","00:00:00","2026-07-30 13:25:07","2026-07-30 13:25:29"
"Tamil","0760514711","00:00:00","No answer","","RINGNOANSWER","Harshika","00:00:00","2026-07-30 13:25:07","2026-07-30 13:25:34"
"Tamil","0760514711","00:00:01","No answer","","RINGNOANSWER","Harshika","00:00:00","2026-07-30 13:25:07","2026-07-30 13:25:40"
"Tamil","0760514711","00:00:00","No answer","","RINGNOANSWER","Harshika","00:00:00","2026-07-30 13:25:07","2026-07-30 13:25:45"
"Tamil","0760514711","00:00:00","No answer","","RINGNOANSWER","Harshika","00:00:00","2026-07-30 13:25:07","2026-07-30 13:25:50"
"Tamil","0760514711","00:00:01","No answer","","RINGNOANSWER","Harshika","00:00:00","2026-07-30 13:25:07","2026-07-30 13:25:56"
"Tamil","0760514711","00:00:00","No answer","","RINGNOANSWER","Harshika","00:00:00","2026-07-30 13:25:07","2026-07-30 13:26:01"
"Tamil","0760514711","00:00:00","No answer","","RINGNOANSWER","Harshika","00:00:00","2026-07-30 13:25:07","2026-07-30 13:26:06"
"Tamil","0771284039","00:00:01","No answer","","RINGNOANSWER","Harshika","00:00:00","2026-07-30 13:25:33","2026-07-30 13:26:12"
"Tamil","0755311564","00:00:00","No answer","","RINGNOANSWER","Harshika","00:00:00","2026-07-30 13:26:05","2026-07-30 13:26:12"
"Tamil","0771284039","00:00:00","No answer","","RINGNOANSWER","Harshika","00:00:00","2026-07-30 13:25:33","2026-07-30 13:26:17"
"Tamil","0771284039","00:00:00","No answer","","RINGNOANSWER","Harshika","00:00:00","2026-07-30 13:25:33","2026-07-30 13:26:22"
"Tamil","0771284039","00:00:01","No answer","","RINGNOANSWER","Harshika","00:00:00","2026-07-30 13:25:33","2026-07-30 13:26:28"
"Tamil","0771284039","00:00:00","No answer","","RINGNOANSWER","Harshika","00:00:00","2026-07-30 13:25:33","2026-07-30 13:26:33"
"Tamil","0755311564","00:00:01","No answer","","RINGNOANSWER","Harshika","00:00:00","2026-07-30 13:26:05","2026-07-30 13:26:48"
"Tamil","0755311564","00:00:00","No answer","","RINGNOANSWER","Harshika","00:00:00","2026-07-30 13:26:05","2026-07-30 13:26:53"
"Tamil","0755311564","00:00:00","No answer","","RINGNOANSWER","Harshika","00:00:00","2026-07-30 13:26:05","2026-07-30 13:26:58"
"Tamil","0755311564","00:00:01","No answer","","RINGNOANSWER","Harshika","00:00:00","2026-07-30 13:26:05","2026-07-30 13:27:04"
"Tamil","0755311564","00:00:00","No answer","","RINGNOANSWER","Harshika","00:00:00","2026-07-30 13:26:05","2026-07-30 13:27:09"
"Tamil","0755311564","00:00:01","No answer","","RINGNOANSWER","Harshika","00:00:00","2026-07-30 13:26:05","2026-07-30 13:27:15"
"Tamil","0755311564","00:00:00","No answer","","RINGNOANSWER","Harshika","00:00:00","2026-07-30 13:26:05","2026-07-30 13:27:20"
"Tamil","0755311564","00:00:01","No answer","","RINGNOANSWER","Harshika","00:00:00","2026-07-30 13:26:05","2026-07-30 13:27:26"
"Tamil","0755311564","00:00:00","No answer","","RINGNOANSWER","Harshika","00:00:00","2026-07-30 13:26:05","2026-07-30 13:27:31"
"Tamil","0755311564","00:00:00","No answer","","RINGNOANSWER","Harshika","00:00:00","2026-07-30 13:26:05","2026-07-30 13:27:36"
"Tamil","0755311564","00:00:01","No answer","","RINGNOANSWER","Harshika","00:00:00","2026-07-30 13:26:05","2026-07-30 13:27:42"
"Tamil","0755311564","00:00:00","No answer","","RINGNOANSWER","Harshika","00:00:00","2026-07-30 13:26:05","2026-07-30 13:27:47"
"Tamil","0755311564","00:00:00","No answer","","RINGNOANSWER","Harshika","00:00:00","2026-07-30 13:26:05","2026-07-30 13:27:52"
"Tamil","0755311564","00:00:01","No answer","","RINGNOANSWER","Harshika","00:00:00","2026-07-30 13:26:05","2026-07-30 13:27:58"
"Tamil","0714651738","00:00:00","No answer","","RINGNOANSWER","Harshika","00:00:00","2026-07-30 13:26:49","2026-07-30 13:27:58"
"Tamil","0714651738","00:00:01","No answer","","RINGNOANSWER","Harshika","00:00:00","2026-07-30 13:26:49","2026-07-30 13:28:04"
"Tamil","0714651738","00:00:02","No answer","","RINGNOANSWER","Harshika","00:00:00","2026-07-30 13:26:49","2026-07-30 13:28:11"
"Tamil","0714651738","00:00:00","No answer","","RINGNOANSWER","Harshika","00:00:00","2026-07-30 13:26:49","2026-07-30 13:28:16"
"Tamil","0714651738","00:00:01","No answer","","RINGNOANSWER","Harshika","00:00:00","2026-07-30 13:26:49","2026-07-30 13:28:22"
"Tamil","0714651738","00:00:00","No answer","","RINGNOANSWER","Harshika","00:00:00","2026-07-30 13:26:49","2026-07-30 13:28:27"
"Tamil","0755311564","00:00:00","No answer","","RINGNOANSWER","Harshika","00:00:00","2026-07-30 13:26:05","2026-07-30 13:28:33"
"Tamil","0755311564","00:00:00","No answer","","RINGNOANSWER","Harshika","00:00:00","2026-07-30 13:26:05","2026-07-30 13:28:38"
"Tamil","0755311564","00:00:01","No answer","","RINGNOANSWER","Harshika","00:00:00","2026-07-30 13:26:05","2026-07-30 13:28:44"
"Tamil","0755311564","00:00:00","No answer","","RINGNOANSWER","Harshika","00:00:00","2026-07-30 13:26:05","2026-07-30 13:28:49"
"Tamil","0755311564","00:00:00","No answer","","RINGNOANSWER","Harshika","00:00:00","2026-07-30 13:26:05","2026-07-30 13:28:54"
"Tamil","0755311564","00:00:01","No answer","","RINGNOANSWER","Harshika","00:00:00","2026-07-30 13:26:05","2026-07-30 13:29:00"
"Tamil","0714651738","00:00:00","No answer","","RINGNOANSWER","Harshika","00:00:00","2026-07-30 13:26:49","2026-07-30 13:29:00"
"Tamil","0714651738","00:00:02","No answer","","RINGNOANSWER","Harshika","00:00:00","2026-07-30 13:26:49","2026-07-30 13:29:07"
"Tamil","0714651738","00:00:00","No answer","","RINGNOANSWER","Harshika","00:00:00","2026-07-30 13:26:49","2026-07-30 13:29:12"
"Tamil","0714651738","00:00:00","No answer","","RINGNOANSWER","Harshika","00:00:00","2026-07-30 13:26:49","2026-07-30 13:29:17"
"Tamil","0714651738","00:00:01","No answer","","RINGNOANSWER","Harshika","00:00:00","2026-07-30 13:26:49","2026-07-30 13:29:23"
"Tamil","0714651738","00:00:00","No answer","","RINGNOANSWER","Harshika","00:00:00","2026-07-30 13:26:49","2026-07-30 13:29:28"
"Tamil","0755311564","00:00:01","No answer","","RINGNOANSWER","Harshika","00:00:00","2026-07-30 13:26:05","2026-07-30 13:29:35"
"Tamil","0755311564","00:00:00","No answer","","RINGNOANSWER","Harshika","00:00:00","2026-07-30 13:26:05","2026-07-30 13:29:40"
"Tamil","0755311564","00:00:00","No answer","","RINGNOANSWER","Harshika","00:00:00","2026-07-30 13:26:05","2026-07-30 13:29:45"
"Tamil","0716262244","00:00:00","No answer","","RINGNOANSWER","Harshika","00:00:00","2026-07-30 13:31:34","2026-07-30 13:31:34"
"Tamil","0716262244","00:00:01","No answer","","RINGNOANSWER","Harshika","00:00:00","2026-07-30 13:31:34","2026-07-30 13:31:40"
"Tamil","0752116061","00:00:00","No answer","","RINGNOANSWER","Harshika","00:00:00","2026-07-30 13:53:22","2026-07-30 13:53:22"
"Tamil","0752116061","00:00:00","No answer","","RINGNOANSWER","Harshika","00:00:00","2026-07-30 13:53:22","2026-07-30 13:53:57"
"Tamil","0752116061","00:00:00","No answer","","RINGNOANSWER","Harshika","00:00:00","2026-07-30 13:53:22","2026-07-30 13:54:32"
"Tamil","0750667477","00:00:02","No answer","","RINGNOANSWER","Harshika","00:00:00","2026-07-30 13:54:42","2026-07-30 13:54:44"
"Tamil","0750667477","00:00:02","No answer","","RINGNOANSWER","Harshika","00:00:00","2026-07-30 13:54:42","2026-07-30 13:54:51"
"Tamil","0750667477","00:00:01","No answer","","RINGNOANSWER","Harshika","00:00:00","2026-07-30 13:54:42","2026-07-30 13:54:57"
"Tamil","0750667477","00:00:00","No answer","","RINGNOANSWER","Harshika","00:00:00","2026-07-30 13:54:42","2026-07-30 13:55:02"
"Tamil","0750667477","00:00:01","No answer","","RINGNOANSWER","Harshika","00:00:00","2026-07-30 13:54:42","2026-07-30 13:55:08"
"Tamil","0750667477","00:00:00","No answer","","RINGNOANSWER","Harshika","00:00:00","2026-07-30 13:54:42","2026-07-30 13:55:13"
"Tamil","0750667477","00:00:00","No answer","","RINGNOANSWER","Harshika","00:00:00","2026-07-30 13:54:42","2026-07-30 13:55:18"
"Tamil","0750667477","00:00:02","No answer","","RINGNOANSWER","Harshika","00:00:00","2026-07-30 13:54:42","2026-07-30 13:55:25"
"Tamil","0750667477","00:00:01","No answer","","RINGNOANSWER","Harshika","00:00:00","2026-07-30 13:54:42","2026-07-30 13:55:31"
"Tamil","0750667477","00:00:00","No answer","","RINGNOANSWER","Harshika","00:00:00","2026-07-30 13:54:42","2026-07-30 13:55:36"
"Tamil","0750667477","00:00:03","No answer","","RINGNOANSWER","Harshika","00:00:00","2026-07-30 13:54:42","2026-07-30 13:55:44"
"Tamil","0750667477","00:00:00","No answer","","RINGNOANSWER","Harshika","00:00:00","2026-07-30 13:54:42","2026-07-30 13:55:49"
"Tamil","0750667477","00:00:01","No answer","","RINGNOANSWER","Harshika","00:00:00","2026-07-30 13:54:42","2026-07-30 13:55:55"
"Tamil","0750667477","00:00:00","No answer","","RINGNOANSWER","Harshika","00:00:00","2026-07-30 13:54:42","2026-07-30 13:56:00"
"Tamil","0750667477","00:00:01","No answer","","RINGNOANSWER","Harshika","00:00:00","2026-07-30 13:54:42","2026-07-30 13:56:06"
"Tamil","0750667477","00:00:00","No answer","","RINGNOANSWER","Harshika","00:00:00","2026-07-30 13:54:42","2026-07-30 13:56:11"
"Tamil","0750667477","00:00:01","No answer","","RINGNOANSWER","Harshika","00:00:00","2026-07-30 13:54:42","2026-07-30 13:56:17"
"Tamil","0750667477","00:00:00","No answer","","RINGNOANSWER","Harshika","00:00:00","2026-07-30 13:54:42","2026-07-30 13:56:22"
"Tamil","0750667477","00:00:00","No answer","","RINGNOANSWER","Harshika","00:00:00","2026-07-30 13:54:42","2026-07-30 13:56:27"
"Tamil","0750667477","00:00:01","No answer","","RINGNOANSWER","Harshika","00:00:00","2026-07-30 13:54:42","2026-07-30 13:56:33"
"Tamil","0750667477","00:00:00","No answer","","RINGNOANSWER","Harshika","00:00:00","2026-07-30 13:54:42","2026-07-30 13:56:38"
"Tamil","0750667477","00:00:01","No answer","","RINGNOANSWER","Harshika","00:00:00","2026-07-30 13:57:16","2026-07-30 13:57:17"
"Tamil","0750667477","00:00:00","No answer","","RINGNOANSWER","Harshika","00:00:00","2026-07-30 13:57:16","2026-07-30 13:57:22"
"Tamil","0750667477","00:00:00","No answer","","RINGNOANSWER","Harshika","00:00:00","2026-07-30 13:57:16","2026-07-30 13:57:27"
"Tamil","0777747236","00:00:00","No answer","","RINGNOANSWER","Harshika","00:00:00","2026-07-30 14:03:16","2026-07-30 14:03:16"
"Tamil","0777747236","00:00:00","No answer","","RINGNOANSWER","Harshika","00:00:00","2026-07-30 14:03:16","2026-07-30 14:03:21"
"Tamil","0777747236","00:00:01","No answer","","RINGNOANSWER","Harshika","00:00:00","2026-07-30 14:03:16","2026-07-30 14:03:27"
"Tamil","0777747236","00:00:00","No answer","","RINGNOANSWER","Harshika","00:00:00","2026-07-30 14:03:16","2026-07-30 14:03:32"
"Tamil","0777747236","00:00:00","No answer","","RINGNOANSWER","Harshika","00:00:00","2026-07-30 14:03:16","2026-07-30 14:03:37"
"Tamil","0777747236","00:00:01","No answer","","RINGNOANSWER","Harshika","00:00:00","2026-07-30 14:03:16","2026-07-30 14:04:13"
"Tamil","0777747236","00:00:00","No answer","","RINGNOANSWER","Harshika","00:00:00","2026-07-30 14:03:16","2026-07-30 14:04:18"
"Tamil","0777747236","00:00:01","No answer","","RINGNOANSWER","Harshika","00:00:00","2026-07-30 14:03:16","2026-07-30 14:04:24"
"Tamil","0777747236","00:00:00","No answer","","RINGNOANSWER","Harshika","00:00:00","2026-07-30 14:03:16","2026-07-30 14:04:29"
"Tamil","0777747236","00:00:01","No answer","","RINGNOANSWER","Harshika","00:00:00","2026-07-30 14:03:16","2026-07-30 14:04:35"
"Tamil","0777747236","00:00:00","No answer","","RINGNOANSWER","Harshika","00:00:00","2026-07-30 14:03:16","2026-07-30 14:04:40"
"Tamil","0777747236","00:00:00","No answer","","RINGNOANSWER","Harshika","00:00:00","2026-07-30 14:03:16","2026-07-30 14:05:15"
"Tamil","0777747236","00:00:00","No answer","","RINGNOANSWER","Harshika","00:00:00","2026-07-30 14:03:16","2026-07-30 14:05:20"
"Tamil","0777747236","00:00:01","No answer","","RINGNOANSWER","Harshika","00:00:00","2026-07-30 14:03:16","2026-07-30 14:05:26"
"Tamil","0777747236","00:00:00","No answer","","RINGNOANSWER","Harshika","00:00:00","2026-07-30 14:03:16","2026-07-30 14:05:31"
"Tamil","0777747236","00:00:01","No answer","","RINGNOANSWER","Harshika","00:00:00","2026-07-30 14:03:16","2026-07-30 14:05:37"
"Tamil","0777747236","00:00:00","No answer","","RINGNOANSWER","Harshika","00:00:00","2026-07-30 14:03:16","2026-07-30 14:05:42"
"Tamil","0777747236","00:00:00","No answer","","RINGNOANSWER","Harshika","00:00:00","2026-07-30 14:03:16","2026-07-30 14:06:17"
"Tamil","0777747236","00:00:01","No answer","","RINGNOANSWER","Harshika","00:00:00","2026-07-30 14:03:16","2026-07-30 14:06:23"
"Tamil","0777747236","00:00:01","No answer","","RINGNOANSWER","Harshika","00:00:00","2026-07-30 14:03:16","2026-07-30 14:06:29"
"Tamil","0777747236","00:00:00","No answer","","RINGNOANSWER","Harshika","00:00:00","2026-07-30 14:03:16","2026-07-30 14:06:34"
"Tamil","0777747236","00:00:00","No answer","","RINGNOANSWER","Harshika","00:00:00","2026-07-30 14:03:16","2026-07-30 14:06:39"
"Tamil","0777747236","00:00:01","No answer","","RINGNOANSWER","Harshika","00:00:00","2026-07-30 14:03:16","2026-07-30 14:06:45"
"Tamil","0777747236","00:00:01","No answer","","RINGNOANSWER","Harshika","00:00:00","2026-07-30 14:03:16","2026-07-30 14:07:20"
"Tamil","0777747236","00:00:00","No answer","","RINGNOANSWER","Harshika","00:00:00","2026-07-30 14:03:16","2026-07-30 14:07:25"
"Tamil","0752116061","00:00:01","No answer","","RINGNOANSWER","Harshika","00:00:00","2026-07-30 14:14:35","2026-07-30 14:14:36"
"Tamil","0754595558","00:03:03","Caller","1","COMPLETECALLER","Harshika","00:00:25","2026-07-30 14:39:41","2026-07-30 14:43:09"
"Tamil","0775385988","00:00:30","No answer","","RINGNOANSWER","Harshika","00:00:00","2026-07-30 14:42:48","2026-07-30 14:43:39"
"Tamil","0779830498","00:01:57","Caller","1","COMPLETECALLER","Harshika","00:00:05","2026-07-30 14:57:37","2026-07-30 14:59:39"
"Tamil","0751354093","00:02:24","Agent","1","COMPLETEAGENT","Harshika","00:00:10","2026-07-30 15:16:35","2026-07-30 15:19:09"
"Tamil","0740652225","00:02:56","Caller","1","COMPLETECALLER","Harshika","00:00:08","2026-07-30 15:34:49","2026-07-30 15:37:53"
"Tamil","0777589358","00:01:32","Caller","1","COMPLETECALLER","Harshika","00:00:19","2026-07-30 15:53:18","2026-07-30 15:55:09"
"Tamil","0755852242","00:06:07","Agent","1","COMPLETEAGENT","Harshika","00:00:07","2026-07-30 16:03:31","2026-07-30 16:09:45"
"Tamil","0755852242","00:00:30","No answer","","RINGNOANSWER","Harshika","00:00:00","2026-07-30 16:10:01","2026-07-30 16:10:31"
"Tamil","0720686990","00:00:00","No answer","","RINGNOANSWER","Harshika","00:00:00","2026-07-30 16:31:15","2026-07-30 16:31:15"
"Tamil","0768884614","00:00:01","No answer","","RINGNOANSWER","Harshika","00:00:00","2026-07-30 16:35:49","2026-07-30 16:35:50"
"Tamil","0768884614","00:00:00","No answer","","RINGNOANSWER","Harshika","00:00:00","2026-07-30 16:35:49","2026-07-30 16:36:24"
"Tamil","0768884614","00:00:00","No answer","","RINGNOANSWER","Harshika","00:00:00","2026-07-30 16:35:49","2026-07-30 16:36:59"
"Tamil","0768884614","00:00:00","No answer","","RINGNOANSWER","Harshika","00:00:00","2026-07-30 16:35:49","2026-07-30 16:37:34"
"Tamil","0768884614","00:00:00","No answer","","RINGNOANSWER","Harshika","00:00:00","2026-07-30 16:35:49","2026-07-30 16:38:09"
"Tamil","0768884614","00:00:00","No answer","","RINGNOANSWER","Harshika","00:00:00","2026-07-30 16:35:49","2026-07-30 16:38:44"
"Tamil","0767995312","00:02:18","Caller","1","COMPLETECALLER","Harshika","00:00:10","2026-07-30 16:49:31","2026-07-30 16:51:59"
"Tamil","0753776778","00:01:04","Caller","1","COMPLETECALLER","Harshika","00:00:09","2026-07-30 17:02:51","2026-07-30 17:04:04"
"Tamil","0755311564","00:02:00","Agent","1","COMPLETEAGENT","Harshika","00:00:58","2026-07-30 17:07:53","2026-07-30 17:10:51"
"Tamil","0774287273","00:00:30","No answer","","RINGNOANSWER","Harshika","00:00:00","2026-07-30 17:09:33","2026-07-30 17:11:27"
"Tamil","0767995312","00:02:06","Agent","1","COMPLETEAGENT","Harshika","00:00:47","2026-07-30 17:18:16","2026-07-30 17:21:09"
"Tamil","0753776778","00:00:30","No answer","","RINGNOANSWER","Harshika","00:00:00","2026-07-30 17:20:42","2026-07-30 17:21:39"
"Tamil","0753776778","00:01:02","Caller","1","COMPLETECALLER","Harshika","00:01:09","2026-07-30 17:27:53","2026-07-30 17:30:04"
"Tamil","0775385988","00:01:41","Agent","1","COMPLETEAGENT","Harshika","00:00:09","2026-07-30 17:39:02","2026-07-30 17:40:52"
"Tamil","0764541321","00:00:04","No answer","","RINGNOANSWER","Harshika","00:00:00","2026-07-30 18:16:24","2026-07-30 18:16:28"
"Tamil","0764541321","00:00:03","No answer","","RINGNOANSWER","Harshika","00:00:00","2026-07-30 18:16:24","2026-07-30 18:16:36"
"Tamil","0764541321","00:00:02","No answer","","RINGNOANSWER","Harshika","00:00:00","2026-07-30 18:16:24","2026-07-30 18:16:43"
"Tamil","0764541321","00:00:01","No answer","","RINGNOANSWER","Harshika","00:00:00","2026-07-30 18:16:24","2026-07-30 18:16:49"
"Tamil","0764541321","00:00:01","No answer","","RINGNOANSWER","Harshika","00:00:00","2026-07-30 18:16:24","2026-07-30 18:16:55"
"Tamil","0764541321","00:00:01","No answer","","RINGNOANSWER","Harshika","00:00:00","2026-07-30 18:16:24","2026-07-30 18:17:01"
"Tamil","0764541321","00:00:00","No answer","","RINGNOANSWER","Harshika","00:00:00","2026-07-30 18:16:24","2026-07-30 18:17:06"
"Tamil","0764541321","00:00:00","No answer","","RINGNOANSWER","Harshika","00:00:00","2026-07-30 18:16:24","2026-07-30 18:17:11"
"Tamil","0764541321","00:00:00","No answer","","RINGNOANSWER","Harshika","00:00:00","2026-07-30 18:16:24","2026-07-30 18:17:46"
"Tamil","0760367385","00:00:30","No answer","","RINGNOANSWER","Harshika","00:00:00","2026-07-31 09:18:06","2026-07-31 09:18:36"
"Tamil","0760367385","00:01:32","Caller","1","COMPLETECALLER","Harshika","00:00:40","2026-07-31 09:18:06","2026-07-31 09:20:18"
"Tamil","0788592223","00:01:36","Caller","1","COMPLETECALLER","Harshika","00:00:06","2026-07-31 09:33:35","2026-07-31 09:35:17"
"Tamil","0788592223","00:00:25","Caller","1","COMPLETECALLER","Harshika","00:00:15","2026-07-31 09:49:50","2026-07-31 09:50:30"
"Tamil","0755424722","00:01:37","Caller","1","COMPLETECALLER","Harshika","00:00:06","2026-07-31 10:07:19","2026-07-31 10:09:02"
"Tamil","0765858862","00:01:23","Caller","1","COMPLETECALLER","Harshika","00:00:07","2026-07-31 10:18:34","2026-07-31 10:20:04"
"Tamil","0773152753","00:01:43","Agent","1","COMPLETEAGENT","Harshika","00:00:05","2026-07-31 10:44:56","2026-07-31 10:46:44"
"Tamil","0777577204","00:02:07","Caller","1","COMPLETECALLER","Harshika","00:00:06","2026-07-31 10:58:24","2026-07-31 11:00:37"
"Tamil","0765858862","00:01:59","Caller","1","COMPLETECALLER","Harshika","00:00:05","2026-07-31 11:24:49","2026-07-31 11:26:53"
"Tamil","0779433878","00:01:08","Caller","1","COMPLETECALLER","Harshika","00:00:07","2026-07-31 11:30:58","2026-07-31 11:32:13"
"Tamil","0760367385","00:02:22","Agent","1","COMPLETEAGENT","Harshika","00:00:05","2026-07-31 11:57:39","2026-07-31 12:00:06"
"Tamil","0758311632","00:03:22","Caller","1","COMPLETECALLER","Harshika","00:00:04","2026-07-31 12:05:41","2026-07-31 12:09:07"
"Tamil","0767995312","00:01:13","Agent","1","COMPLETEAGENT","Harshika","00:00:52","2026-07-31 12:13:08","2026-07-31 12:15:13"
"Tamil","0755551531","00:01:18","Agent","1","COMPLETEAGENT","Harshika","00:00:06","2026-07-31 12:58:46","2026-07-31 13:00:10"
"Tamil","0763333565","00:00:30","No answer","","RINGNOANSWER","Harshika","00:00:00","2026-07-31 13:24:57","2026-07-31 13:25:27"
"Tamil","0763333565","00:00:30","No answer","","RINGNOANSWER","Harshika","00:00:00","2026-07-31 13:24:57","2026-07-31 13:26:02"
"Tamil","0763333565","00:00:30","No answer","","RINGNOANSWER","Harshika","00:00:00","2026-07-31 13:24:57","2026-07-31 13:26:37"
"Tamil","0769432864","00:00:30","No answer","","RINGNOANSWER","Harshika","00:00:00","2026-07-31 13:36:18","2026-07-31 13:39:20"
"Tamil","0769432864","00:00:01","No answer","","RINGNOANSWER","Harshika","00:00:00","2026-07-31 13:36:18","2026-07-31 13:39:26"
"Tamil","0769432864","00:00:00","No answer","","RINGNOANSWER","Harshika","00:00:00","2026-07-31 13:36:18","2026-07-31 13:39:31"
"Tamil","0769432864","00:00:00","No answer","","RINGNOANSWER","Harshika","00:00:00","2026-07-31 13:36:18","2026-07-31 13:39:36"
"Tamil","0769432864","00:00:00","No answer","","RINGNOANSWER","Harshika","00:00:00","2026-07-31 13:36:18","2026-07-31 13:39:41"
"Tamil","0769432864","00:00:01","No answer","","RINGNOANSWER","Harshika","00:00:00","2026-07-31 13:36:18","2026-07-31 13:39:45"
"Tamil","0781949546","00:00:01","No answer","","RINGNOANSWER","Harshika","00:00:00","2026-07-31 13:55:16","2026-07-31 13:55:17"
"Tamil","0781949546","00:00:00","No answer","","RINGNOANSWER","Harshika","00:00:00","2026-07-31 13:55:16","2026-07-31 13:55:22"
"Tamil","0781949546","00:00:01","No answer","","RINGNOANSWER","Harshika","00:00:00","2026-07-31 13:55:16","2026-07-31 13:55:28"
"Tamil","0781949546","00:00:00","No answer","","RINGNOANSWER","Harshika","00:00:00","2026-07-31 13:55:16","2026-07-31 13:55:33"
"Tamil","0765989681","00:00:01","No answer","","RINGNOANSWER","Harshika","00:00:00","2026-07-31 13:55:49","2026-07-31 13:55:50"
"Tamil","0765989681","00:00:01","No answer","","RINGNOANSWER","Harshika","00:00:00","2026-07-31 13:55:49","2026-07-31 13:55:56"
"Tamil","0765989681","00:00:01","No answer","","RINGNOANSWER","Harshika","00:00:00","2026-07-31 13:55:49","2026-07-31 13:56:02"
"Tamil","0781949546","00:00:01","No answer","","RINGNOANSWER","Harshika","00:00:00","2026-07-31 13:55:16","2026-07-31 13:56:09"
"Tamil","0781949546","00:00:01","No answer","","RINGNOANSWER","Harshika","00:00:00","2026-07-31 13:55:16","2026-07-31 13:56:15"
"Tamil","0781949546","00:00:00","No answer","","RINGNOANSWER","Harshika","00:00:00","2026-07-31 13:55:16","2026-07-31 13:56:20"
"Tamil","0781949546","00:00:01","No answer","","RINGNOANSWER","Harshika","00:00:00","2026-07-31 13:55:16","2026-07-31 13:56:26"
"Tamil","0781949546","00:00:00","No answer","","RINGNOANSWER","Harshika","00:00:00","2026-07-31 13:55:16","2026-07-31 13:56:31"
"Tamil","0765989681","00:00:00","No answer","","RINGNOANSWER","Harshika","00:00:00","2026-07-31 13:55:49","2026-07-31 13:56:33"
"Tamil","0765989681","00:00:01","No answer","","RINGNOANSWER","Harshika","00:00:00","2026-07-31 13:55:49","2026-07-31 13:56:39"
"Tamil","0765989681","00:00:01","No answer","","RINGNOANSWER","Harshika","00:00:00","2026-07-31 13:55:49","2026-07-31 13:57:14"
"Tamil","0765989681","00:00:00","No answer","","RINGNOANSWER","Harshika","00:00:00","2026-07-31 13:55:49","2026-07-31 13:57:19"
"Tamil","0765989681","00:00:01","No answer","","RINGNOANSWER","Harshika","00:00:00","2026-07-31 13:55:49","2026-07-31 13:57:25"
"Tamil","0765989681","00:00:00","No answer","","RINGNOANSWER","Harshika","00:00:00","2026-07-31 13:55:49","2026-07-31 13:57:30"
"Tamil","0765989681","00:00:00","No answer","","RINGNOANSWER","Harshika","00:00:00","2026-07-31 13:55:49","2026-07-31 13:57:35"
"Tamil","0765989681","00:00:01","No answer","","RINGNOANSWER","Harshika","00:00:00","2026-07-31 13:55:49","2026-07-31 13:57:41"
"Tamil","0765989681","00:00:00","No answer","","RINGNOANSWER","Harshika","00:00:00","2026-07-31 13:55:49","2026-07-31 13:57:46"
"Tamil","0765989681","00:00:00","No answer","","RINGNOANSWER","Harshika","00:00:00","2026-07-31 13:55:49","2026-07-31 13:58:21"
"Tamil","0775385988","00:00:01","No answer","","RINGNOANSWER","Harshika","00:00:00","2026-07-31 14:15:42","2026-07-31 14:15:43"
"Tamil","0775385988","00:00:00","No answer","","RINGNOANSWER","Harshika","00:00:00","2026-07-31 14:15:42","2026-07-31 14:15:48"
"Tamil","0775385988","00:00:01","No answer","","RINGNOANSWER","Harshika","00:00:00","2026-07-31 14:15:42","2026-07-31 14:15:54"
"Tamil","0775385988","00:00:00","No answer","","RINGNOANSWER","Harshika","00:00:00","2026-07-31 14:15:42","2026-07-31 14:15:59"
"Tamil","0775385988","00:00:01","No answer","","RINGNOANSWER","Harshika","00:00:00","2026-07-31 14:15:42","2026-07-31 14:16:05"
"Tamil","0775385988","00:00:00","No answer","","RINGNOANSWER","Harshika","00:00:00","2026-07-31 14:15:42","2026-07-31 14:16:10"
"Tamil","0775385988","00:00:01","No answer","","RINGNOANSWER","Harshika","00:00:00","2026-07-31 14:15:42","2026-07-31 14:16:16"
"Tamil","0775385988","00:00:00","No answer","","RINGNOANSWER","Harshika","00:00:00","2026-07-31 14:17:54","2026-07-31 14:17:54"
"Tamil","0775385988","00:00:00","No answer","","RINGNOANSWER","Harshika","00:00:00","2026-07-31 14:17:54","2026-07-31 14:18:29"
"Tamil","0775385988","00:00:01","No answer","","RINGNOANSWER","Harshika","00:00:00","2026-07-31 14:17:54","2026-07-31 14:18:35"
"Tamil","0775385988","00:00:00","No answer","","RINGNOANSWER","Harshika","00:00:00","2026-07-31 14:17:54","2026-07-31 14:18:40"
"Tamil","0775385988","00:00:01","No answer","","RINGNOANSWER","Harshika","00:00:00","2026-07-31 14:17:54","2026-07-31 14:18:46"
"Tamil","0775385988","00:00:00","No answer","","RINGNOANSWER","Harshika","00:00:00","2026-07-31 14:17:54","2026-07-31 14:18:51"
"Tamil","0775385988","00:00:00","No answer","","RINGNOANSWER","Harshika","00:00:00","2026-07-31 14:17:54","2026-07-31 14:18:56"
"Tamil","0775385988","00:00:01","No answer","","RINGNOANSWER","Harshika","00:00:00","2026-07-31 14:17:54","2026-07-31 14:19:02"
"Tamil","0775385988","00:00:00","No answer","","RINGNOANSWER","Harshika","00:00:00","2026-07-31 14:17:54","2026-07-31 14:19:07"
"Tamil","0775385988","00:00:01","No answer","","RINGNOANSWER","Harshika","00:00:00","2026-07-31 14:17:54","2026-07-31 14:19:13"
"Tamil","0775385988","00:00:00","No answer","","RINGNOANSWER","Harshika","00:00:00","2026-07-31 14:17:54","2026-07-31 14:19:18"
"Tamil","0775385988","00:00:01","No answer","","RINGNOANSWER","Harshika","00:00:00","2026-07-31 14:17:54","2026-07-31 14:19:24"
"Tamil","0775385988","00:00:00","No answer","","RINGNOANSWER","Harshika","00:00:00","2026-07-31 14:17:54","2026-07-31 14:19:29"
"Tamil","0775385988","00:00:01","No answer","","RINGNOANSWER","Harshika","00:00:00","2026-07-31 14:20:41","2026-07-31 14:20:42"
"Tamil","0775385988","00:00:00","No answer","","RINGNOANSWER","Harshika","00:00:00","2026-07-31 14:20:41","2026-07-31 14:20:47"
"Tamil","0775385988","00:00:01","No answer","","RINGNOANSWER","Harshika","00:00:00","2026-07-31 14:20:41","2026-07-31 14:20:53"
"Tamil","0775385988","00:00:00","No answer","","RINGNOANSWER","Harshika","00:00:00","2026-07-31 14:20:41","2026-07-31 14:20:58"
"Tamil","0775385988","00:00:00","No answer","","RINGNOANSWER","Harshika","00:00:00","2026-07-31 14:20:41","2026-07-31 14:21:03"
"Tamil","0775385988","00:00:01","No answer","","RINGNOANSWER","Harshika","00:00:00","2026-07-31 14:20:41","2026-07-31 14:21:09"
"Tamil","0775385988","00:00:05","No answer","","RINGNOANSWER","Harshika","00:00:00","2026-07-31 14:20:41","2026-07-31 14:21:19"
"Tamil","0775385988","00:00:01","No answer","","RINGNOANSWER","Harshika","00:00:00","2026-07-31 14:21:51","2026-07-31 14:21:52"
"Tamil","0775385988","00:00:00","No answer","","RINGNOANSWER","Harshika","00:00:00","2026-07-31 14:21:51","2026-07-31 14:21:57"
"Tamil","0775385988","00:00:00","No answer","","RINGNOANSWER","Harshika","00:00:00","2026-07-31 14:21:51","2026-07-31 14:22:02"
"Tamil","0775385988","00:00:01","No answer","","RINGNOANSWER","Harshika","00:00:00","2026-07-31 14:21:51","2026-07-31 14:22:08"
"Tamil","0775385988","00:00:00","No answer","","RINGNOANSWER","Harshika","00:00:00","2026-07-31 14:21:51","2026-07-31 14:22:13"
"Tamil","0775385988","00:00:00","No answer","","RINGNOANSWER","Harshika","00:00:00","2026-07-31 14:24:33","2026-07-31 14:24:33"
"Tamil","0775385988","00:00:00","No answer","","RINGNOANSWER","Harshika","00:00:00","2026-07-31 14:24:33","2026-07-31 14:24:38"
"Tamil","0775385988","00:00:01","No answer","","RINGNOANSWER","Harshika","00:00:00","2026-07-31 14:24:33","2026-07-31 14:24:44"
"Tamil","0775385988","00:00:00","No answer","","RINGNOANSWER","Harshika","00:00:00","2026-07-31 14:24:33","2026-07-31 14:24:49"
"Tamil","0775385988","00:00:01","No answer","","RINGNOANSWER","Harshika","00:00:00","2026-07-31 14:24:33","2026-07-31 14:24:55"
"Tamil","0775385988","00:00:01","No answer","","RINGNOANSWER","Harshika","00:00:00","2026-07-31 14:24:33","2026-07-31 14:25:30"
"Tamil","0775385988","00:00:00","No answer","","RINGNOANSWER","Harshika","00:00:00","2026-07-31 14:24:33","2026-07-31 14:25:35"
"Tamil","0775385988","00:00:00","No answer","","RINGNOANSWER","Harshika","00:00:00","2026-07-31 14:24:33","2026-07-31 14:25:40"
"Tamil","0775385988","00:00:01","No answer","","RINGNOANSWER","Harshika","00:00:00","2026-07-31 14:24:33","2026-07-31 14:25:46"
"Tamil","0775385988","00:00:01","No answer","","RINGNOANSWER","Harshika","00:00:00","2026-07-31 14:24:33","2026-07-31 14:26:21"
"Tamil","0775385988","00:00:01","No answer","","RINGNOANSWER","Harshika","00:00:00","2026-07-31 14:26:54","2026-07-31 14:26:55"
"Tamil","0775385988","00:00:01","No answer","","RINGNOANSWER","Harshika","00:00:00","2026-07-31 14:26:54","2026-07-31 14:27:30"
"Tamil","0775385988","00:00:00","No answer","","RINGNOANSWER","Harshika","00:00:00","2026-07-31 14:26:54","2026-07-31 14:27:35"
"Tamil","0775385988","00:00:01","No answer","","RINGNOANSWER","Harshika","00:00:00","2026-07-31 14:26:54","2026-07-31 14:27:41"
"Tamil","0775385988","00:00:00","No answer","","RINGNOANSWER","Harshika","00:00:00","2026-07-31 14:29:12","2026-07-31 14:29:12"
"Tamil","0775385988","00:00:00","No answer","","RINGNOANSWER","Harshika","00:00:00","2026-07-31 14:29:12","2026-07-31 14:29:47"
"Tamil","0775385988","00:00:01","No answer","","RINGNOANSWER","Harshika","00:00:00","2026-07-31 14:29:12","2026-07-31 14:29:53"
"Tamil","0775385988","00:00:00","No answer","","RINGNOANSWER","Harshika","00:00:00","2026-07-31 14:29:12","2026-07-31 14:29:58"
"Tamil","0775385988","00:00:01","No answer","","RINGNOANSWER","Harshika","00:00:00","2026-07-31 14:29:12","2026-07-31 14:30:04"
"Tamil","0775385988","00:00:01","No answer","","RINGNOANSWER","Harshika","00:00:00","2026-07-31 14:29:12","2026-07-31 14:30:10"
"Tamil","0775385988","00:00:00","No answer","","RINGNOANSWER","Harshika","00:00:00","2026-07-31 14:29:12","2026-07-31 14:30:15"
"Tamil","0775385988","00:00:01","No answer","","RINGNOANSWER","Harshika","00:00:00","2026-07-31 14:29:12","2026-07-31 14:30:21"
"Tamil","0775385988","00:00:01","No answer","","RINGNOANSWER","Harshika","00:00:00","2026-07-31 14:29:12","2026-07-31 14:30:27"
"Tamil","0775385988","00:00:00","No answer","","RINGNOANSWER","Harshika","00:00:00","2026-07-31 14:29:12","2026-07-31 14:30:32"
"Tamil","0775385988","00:00:00","No answer","","RINGNOANSWER","Harshika","00:00:00","2026-07-31 14:29:12","2026-07-31 14:30:37"
"Tamil","0775385988","00:00:01","No answer","","RINGNOANSWER","Harshika","00:00:00","2026-07-31 14:29:12","2026-07-31 14:30:43"
"Tamil","0775385988","00:00:00","No answer","","RINGNOANSWER","Harshika","00:00:00","2026-07-31 14:29:12","2026-07-31 14:30:48"
"Tamil","0775385988","00:00:01","No answer","","RINGNOANSWER","Harshika","00:00:00","2026-07-31 14:29:12","2026-07-31 14:30:54"
"Tamil","0775385988","00:00:00","No answer","","RINGNOANSWER","Harshika","00:00:00","2026-07-31 14:29:12","2026-07-31 14:30:59"
"Tamil","0775385988","00:03:13","Caller","1","COMPLETECALLER","Harshika","00:00:07","2026-07-31 14:46:14","2026-07-31 14:49:34"
"Tamil","0769432864","00:03:28","Caller","1","COMPLETECALLER","Harshika","00:00:10","2026-07-31 14:58:48","2026-07-31 15:02:26"
"Tamil","0777589358","00:01:53","Caller","1","COMPLETECALLER","Harshika","00:00:05","2026-07-31 15:21:54","2026-07-31 15:23:52"
"Tamil","0755242773","00:02:18","Agent","1","COMPLETEAGENT","Harshika","00:00:08","2026-07-31 16:23:19","2026-07-31 16:25:45"
"Tamil","0765858862","00:01:12","Caller","1","COMPLETECALLER","Harshika","00:00:04","2026-07-31 17:39:43","2026-07-31 17:40:59"
"Tamil","0761762847","00:00:00","No answer","","RINGNOANSWER","Harshika","00:00:00","2026-07-31 18:05:09","2026-07-31 18:05:09"
"Tamil","0761762847","00:00:00","No answer","","RINGNOANSWER","Harshika","00:00:00","2026-07-31 18:05:09","2026-07-31 18:05:44"
"Tamil","0751422628","00:01:54","Agent","1","COMPLETEAGENT","Harshika","00:00:13","2026-08-01 09:08:55","2026-08-01 09:11:02"
"Tamil","0769979584","00:01:28","Caller","1","COMPLETECALLER","Harshika","00:03:02","2026-08-01 09:15:42","2026-08-01 09:20:12"
"Tamil","0775385988","00:02:34","Caller","1","COMPLETECALLER","Harshika","00:00:23","2026-08-01 09:31:08","2026-08-01 09:34:05"
"Tamil","0777772627","00:01:15","Caller","1","COMPLETECALLER","Harshika","00:00:05","2026-08-01 10:01:09","2026-08-01 10:02:29"
"Tamil","0781949546","00:00:28","Agent","1","COMPLETEAGENT","Harshika","00:00:07","2026-08-01 10:26:02","2026-08-01 10:26:37"
"Tamil","0781949546","00:01:49","Caller","1","COMPLETECALLER","Harshika","00:01:51","2026-08-01 10:26:47","2026-08-01 10:30:27"
"Tamil","0701616675","00:01:53","Caller","1","COMPLETECALLER","Harshika","00:00:19","2026-08-01 10:49:18","2026-08-01 10:51:30"
"Tamil","0781949546","00:02:24","Agent","1","COMPLETEAGENT","Harshika","00:00:24","2026-08-01 10:57:51","2026-08-01 11:00:39"
"Tamil","0768529684","00:02:47","Caller","1","COMPLETECALLER","Harshika","00:00:08","2026-08-01 11:10:02","2026-08-01 11:12:57"
"Tamil","0768529684","00:01:09","Caller","1","COMPLETECALLER","Harshika","00:00:17","2026-08-01 11:44:03","2026-08-01 11:45:29"
"Tamil","0778386667","00:01:37","Agent","1","COMPLETEAGENT","Harshika","00:00:08","2026-08-01 11:49:22","2026-08-01 11:51:07"
"Tamil","0769979584","00:00:30","No answer","","RINGNOANSWER","Harshika","00:00:00","2026-08-03 09:04:03","2026-08-03 09:04:33"
"Tamil","0769979584","00:00:30","No answer","","RINGNOANSWER","Harshika","00:00:00","2026-08-03 09:04:03","2026-08-03 09:05:08"
"Tamil","0769979584","00:00:30","No answer","","RINGNOANSWER","Harshika","00:00:00","2026-08-03 09:04:03","2026-08-03 09:05:43"
"Tamil","0707423518","00:00:30","No answer","","RINGNOANSWER","Harshika","00:00:00","2026-08-03 10:37:03","2026-08-03 10:37:36"
"Tamil","0718541297","00:02:35","Agent","1","COMPLETEAGENT","Harshika","00:01:44","2026-08-03 11:22:25","2026-08-03 11:26:44"
"Tamil","0768529684","00:00:30","No answer","","RINGNOANSWER","Harshika","00:00:00","2026-08-03 13:24:12","2026-08-03 13:24:42"
"Tamil","0768529684","00:00:30","No answer","","RINGNOANSWER","Harshika","00:00:00","2026-08-03 13:24:12","2026-08-03 13:25:17"
"Tamil","0758311632","00:00:30","No answer","","RINGNOANSWER","Harshika","00:00:00","2026-08-03 13:25:50","2026-08-03 13:26:33"
"Tamil","0758311632","00:06:15","Caller","2","COMPLETECALLER","Harshika","00:01:00","2026-08-03 13:25:50","2026-08-03 13:33:05"
"Tamil","0774911496","00:01:05","Agent","1","COMPLETEAGENT","Harshika","00:00:12","2026-08-03 13:46:25","2026-08-03 13:47:42"
"Tamil","0701948674","00:00:30","No answer","","RINGNOANSWER","Harshika","00:00:00","2026-08-03 13:47:42","2026-08-03 13:48:13"
"Tamil","0701948674","00:00:30","No answer","","RINGNOANSWER","Harshika","00:00:00","2026-08-03 13:47:42","2026-08-03 13:49:52"
"Tamil","0701948674","00:01:11","Agent","1","COMPLETEAGENT","Harshika","00:05:26","2026-08-03 13:47:42","2026-08-03 13:54:19"
"Tamil","0753520650","00:00:30","No answer","","RINGNOANSWER","Harshika","00:00:00","2026-08-03 14:10:41","2026-08-03 14:11:11"
"Tamil","0753520650","00:00:30","No answer","","RINGNOANSWER","Harshika","00:00:00","2026-08-03 14:10:41","2026-08-03 14:12:04"
"Tamil","0753520650","00:00:01","No answer","","RINGNOANSWER","Harshika","00:00:00","2026-08-03 14:10:41","2026-08-03 14:12:10"
"Tamil","0753520650","00:00:00","No answer","","RINGNOANSWER","Harshika","00:00:00","2026-08-03 14:10:41","2026-08-03 14:12:15"
"Tamil","0753520650","00:00:01","No answer","","RINGNOANSWER","Harshika","00:00:00","2026-08-03 14:10:41","2026-08-03 14:12:21"
"Tamil","0753520650","00:00:00","No answer","","RINGNOANSWER","Harshika","00:00:00","2026-08-03 14:10:41","2026-08-03 14:12:26"
"Tamil","0753520650","00:00:01","No answer","","RINGNOANSWER","Harshika","00:00:00","2026-08-03 14:10:41","2026-08-03 14:12:32"
"Tamil","0753520650","00:00:00","No answer","","RINGNOANSWER","Harshika","00:00:00","2026-08-03 14:10:41","2026-08-03 14:12:37"
"Tamil","0753520650","00:00:01","No answer","","RINGNOANSWER","Harshika","00:00:00","2026-08-03 14:10:41","2026-08-03 14:12:43"
"Tamil","0753520650","00:00:00","No answer","","RINGNOANSWER","Harshika","00:00:00","2026-08-03 14:10:41","2026-08-03 14:12:48"
"Tamil","0753520650","00:00:01","No answer","","RINGNOANSWER","Harshika","00:00:00","2026-08-03 14:10:41","2026-08-03 14:12:54"
"Tamil","0753520650","00:00:00","No answer","","RINGNOANSWER","Harshika","00:00:00","2026-08-03 14:10:41","2026-08-03 14:12:59"
"Tamil","0753520650","00:00:01","No answer","","RINGNOANSWER","Harshika","00:00:00","2026-08-03 14:10:41","2026-08-03 14:13:05"
"Tamil","0753520650","00:00:04","No answer","","RINGNOANSWER","Harshika","00:00:00","2026-08-03 14:10:41","2026-08-03 14:13:43"
"Tamil","0753520650","00:00:01","No answer","","RINGNOANSWER","Harshika","00:00:00","2026-08-03 14:10:41","2026-08-03 14:14:15"
"Tamil","0753520650","00:00:00","No answer","","RINGNOANSWER","Harshika","00:00:00","2026-08-03 14:10:41","2026-08-03 14:14:20"
"Tamil","0753520650","00:00:00","No answer","","RINGNOANSWER","Harshika","00:00:00","2026-08-03 14:10:41","2026-08-03 14:14:26"
"Tamil","0753520650","00:00:00","No answer","","RINGNOANSWER","Harshika","00:00:00","2026-08-03 14:10:41","2026-08-03 14:14:31"
"Tamil","0753520650","00:00:01","No answer","","RINGNOANSWER","Harshika","00:00:00","2026-08-03 14:10:41","2026-08-03 14:15:18"
"Tamil","0753520650","00:00:01","No answer","","RINGNOANSWER","Harshika","00:00:00","2026-08-03 14:10:41","2026-08-03 14:15:53"
"Tamil","0768529684","00:00:01","No answer","","RINGNOANSWER","Harshika","00:00:00","2026-08-03 14:24:27","2026-08-03 14:24:28"
"Tamil","0768529684","00:00:01","No answer","","RINGNOANSWER","Harshika","00:00:00","2026-08-03 14:24:27","2026-08-03 14:25:03"
"Tamil","0768529684","00:00:01","No answer","","RINGNOANSWER","Harshika","00:00:00","2026-08-03 14:24:27","2026-08-03 14:25:38"
"Tamil","0768529684","00:00:00","No answer","","RINGNOANSWER","Harshika","00:00:00","2026-08-03 14:25:50","2026-08-03 14:25:50"
"Tamil","0768529684","00:00:01","No answer","","RINGNOANSWER","Harshika","00:00:00","2026-08-03 14:26:38","2026-08-03 14:26:39"
"Tamil","0755393917","00:00:00","No answer","","RINGNOANSWER","Harshika","00:00:00","2026-08-03 14:29:09","2026-08-03 14:29:09"
"Tamil","0755393917","00:00:01","No answer","","RINGNOANSWER","Harshika","00:00:00","2026-08-03 14:29:09","2026-08-03 14:29:15"
"Tamil","0755393917","00:00:00","No answer","","RINGNOANSWER","Harshika","00:00:00","2026-08-03 14:29:09","2026-08-03 14:29:20"
"Tamil","0755393917","00:00:01","No answer","","RINGNOANSWER","Harshika","00:00:00","2026-08-03 14:29:09","2026-08-03 14:29:26"
"Tamil","0755393917","00:00:00","No answer","","RINGNOANSWER","Harshika","00:00:00","2026-08-03 14:29:09","2026-08-03 14:29:31"
"Tamil","0755393917","00:00:01","No answer","","RINGNOANSWER","Harshika","00:00:00","2026-08-03 14:29:09","2026-08-03 14:29:37"
"Tamil","0755393917","00:00:00","No answer","","RINGNOANSWER","Harshika","00:00:00","2026-08-03 14:29:09","2026-08-03 14:29:42"
"Tamil","0755393917","00:00:01","No answer","","RINGNOANSWER","Harshika","00:00:00","2026-08-03 14:29:09","2026-08-03 14:29:48"
"Tamil","0755393917","00:00:01","No answer","","RINGNOANSWER","Harshika","00:00:00","2026-08-03 14:29:09","2026-08-03 14:29:54"
"Tamil","0755393917","00:00:01","No answer","","RINGNOANSWER","Harshika","00:00:00","2026-08-03 14:29:09","2026-08-03 14:30:29"
"Tamil","0755393917","00:00:00","No answer","","RINGNOANSWER","Harshika","00:00:00","2026-08-03 14:29:09","2026-08-03 14:30:34"
"Tamil","0755393917","00:00:01","No answer","","RINGNOANSWER","Harshika","00:00:00","2026-08-03 14:29:09","2026-08-03 14:30:40"
"Tamil","0755393917","00:00:00","No answer","","RINGNOANSWER","Harshika","00:00:00","2026-08-03 14:29:09","2026-08-03 14:30:45"
"Tamil","0755393917","00:00:01","No answer","","RINGNOANSWER","Harshika","00:00:00","2026-08-03 14:29:09","2026-08-03 14:30:51"
"Tamil","0755393917","00:00:01","No answer","","RINGNOANSWER","Harshika","00:00:00","2026-08-03 14:29:09","2026-08-03 14:30:57"
"Tamil","0755393917","00:00:00","No answer","","RINGNOANSWER","Harshika","00:00:00","2026-08-03 14:29:09","2026-08-03 14:31:31"
"Tamil","0755393917","00:00:01","No answer","","RINGNOANSWER","Harshika","00:00:00","2026-08-03 14:29:09","2026-08-03 14:31:37"
"Tamil","0755393917","00:00:00","No answer","","RINGNOANSWER","Harshika","00:00:00","2026-08-03 14:29:09","2026-08-03 14:31:42"
"Tamil","0755393917","00:00:01","No answer","","RINGNOANSWER","Harshika","00:00:00","2026-08-03 14:29:09","2026-08-03 14:31:48"
"Tamil","0755393917","00:00:01","No answer","","RINGNOANSWER","Harshika","00:00:00","2026-08-03 14:29:09","2026-08-03 14:31:54"
"Tamil","0755393917","00:00:00","No answer","","RINGNOANSWER","Harshika","00:00:00","2026-08-03 14:29:09","2026-08-03 14:31:59"
"Tamil","0701948674","00:00:00","No answer","","RINGNOANSWER","Harshika","00:00:00","2026-08-03 14:31:58","2026-08-03 14:32:00"
"Tamil","0701948674","00:00:01","No answer","","RINGNOANSWER","Harshika","00:00:00","2026-08-03 14:31:58","2026-08-03 14:32:06"
"Tamil","0701948674","00:00:00","No answer","","RINGNOANSWER","Harshika","00:00:00","2026-08-03 14:31:58","2026-08-03 14:32:11"
"Tamil","0701948674","00:00:01","No answer","","RINGNOANSWER","Harshika","00:00:00","2026-08-03 14:31:58","2026-08-03 14:32:17"
"Tamil","0701948674","00:00:00","No answer","","RINGNOANSWER","Harshika","00:00:00","2026-08-03 14:31:58","2026-08-03 14:32:22"
"Tamil","0701948674","00:00:01","No answer","","RINGNOANSWER","Harshika","00:00:00","2026-08-03 14:31:58","2026-08-03 14:32:28"
"Tamil","0704012298","00:00:02","No answer","","RINGNOANSWER","Harshika","00:00:00","2026-08-03 14:36:32","2026-08-03 14:36:34"
"Tamil","0704012298","00:00:00","No answer","","RINGNOANSWER","Harshika","00:00:00","2026-08-03 14:36:32","2026-08-03 14:37:07"
"Tamil","0769183679","00:00:00","No answer","","RINGNOANSWER","Harshika","00:00:00","2026-08-03 14:56:31","2026-08-03 14:56:31"
"Tamil","0769183679","00:00:01","No answer","","RINGNOANSWER","Harshika","00:00:00","2026-08-03 14:56:31","2026-08-03 14:56:37"
"Tamil","0769183679","00:00:00","No answer","","RINGNOANSWER","Harshika","00:00:00","2026-08-03 14:56:31","2026-08-03 14:56:42"
"Sinhala","0742947001","00:00:01","No answer","","RINGNOANSWER","Harshika","00:00:00","2026-08-03 14:50:18","2026-08-03 14:56:44"
"Sinhala","0781627363","00:02:02","Caller","1","COMPLETECALLER","Harshika","00:00:06","2026-08-03 15:28:34","2026-08-03 15:30:42"
"Tamil","0754699885","00:01:55","Caller","1","COMPLETECALLER","Harshika","00:00:05","2026-08-03 15:37:47","2026-08-03 15:39:47"
"Tamil","0743290063","00:03:16","Caller","1","COMPLETECALLER","Harshika","00:00:04","2026-08-03 15:43:20","2026-08-03 15:46:40"
"Tamil","0766230567","00:00:47","Caller","1","COMPLETECALLER","Harshika","00:00:40","2026-08-03 15:52:23","2026-08-03 15:53:50"
"Sinhala","0718059378","00:00:00","No answer","","RINGNOANSWER","Harshika","00:00:00","2026-08-03 16:02:52","2026-08-03 16:02:52"
"Sinhala","0718059378","00:00:01","No answer","","RINGNOANSWER","Harshika","00:00:00","2026-08-03 16:02:52","2026-08-03 16:02:58"
"Sinhala","0718059378","00:00:00","No answer","","RINGNOANSWER","Harshika","00:00:00","2026-08-03 16:02:52","2026-08-03 16:03:03"
"Sinhala","0718059378","00:00:01","No answer","","RINGNOANSWER","Harshika","00:00:00","2026-08-03 16:02:52","2026-08-03 16:03:09"
"Sinhala","0718059378","00:00:00","No answer","","RINGNOANSWER","Harshika","00:00:00","2026-08-03 16:02:52","2026-08-03 16:03:14"
"Sinhala","0718059378","00:00:01","No answer","","RINGNOANSWER","Harshika","00:00:00","2026-08-03 16:02:52","2026-08-03 16:03:20"
"Sinhala","0362252026","00:01:48","Agent","2","COMPLETEAGENT","Harshika","00:00:05","2026-08-03 16:13:09","2026-08-03 16:15:02"
"Sinhala","0712921706","00:01:17","Caller","1","COMPLETECALLER","Harshika","00:00:05","2026-08-03 16:30:53","2026-08-03 16:32:15"
"Tamil","0741635188","00:02:40","Agent","1","COMPLETEAGENT","Harshika","00:00:10","2026-08-03 16:32:45","2026-08-03 16:35:35"
"Tamil","0754031223","00:00:30","No answer","","RINGNOANSWER","Harshika","00:00:00","2026-08-03 17:04:51","2026-08-03 17:05:46"
"Sinhala","0767737723","00:03:50","Caller","2","COMPLETECALLER","Harshika","00:00:07","2026-08-03 17:25:44","2026-08-03 17:29:41"
"Tamil","0751666771","00:02:11","Caller","1","COMPLETECALLER","Harshika","00:00:05","2026-08-03 17:33:47","2026-08-03 17:36:03"
"Tamil","0765858862","00:00:05","No answer","","RINGNOANSWER","Harshika","00:00:00","2026-08-03 18:14:06","2026-08-03 18:14:11"
"Tamil","0765858862","00:00:00","No answer","","RINGNOANSWER","Harshika","00:00:00","2026-08-04 09:18:20","2026-08-04 09:18:20"
"Tamil","0765858862","00:00:01","No answer","","RINGNOANSWER","Harshika","00:00:00","2026-08-04 09:18:20","2026-08-04 09:18:26"
"Tamil","0765858862","00:00:01","No answer","","RINGNOANSWER","Harshika","00:00:00","2026-08-04 09:18:20","2026-08-04 09:18:32"
"Tamil","0765858862","00:00:01","No answer","","RINGNOANSWER","Harshika","00:00:00","2026-08-04 09:18:20","2026-08-04 09:18:38"
"Tamil","0765858862","00:00:01","No answer","","RINGNOANSWER","Harshika","00:00:00","2026-08-04 09:18:20","2026-08-04 09:18:44"
"Tamil","0765858862","00:00:01","No answer","","RINGNOANSWER","Harshika","00:00:00","2026-08-04 09:18:20","2026-08-04 09:18:50"
"Sinhala","0742704413","00:00:02","No answer","","RINGNOANSWER","Harshika","00:00:00","2026-08-04 09:18:14","2026-08-04 09:18:56"
"Sinhala","0742704413","00:00:01","No answer","","RINGNOANSWER","Harshika","00:00:00","2026-08-04 09:18:14","2026-08-04 09:19:02"
"Tamil","0742704413","00:00:02","No answer","","RINGNOANSWER","Harshika","00:00:00","2026-08-04 09:19:15","2026-08-04 09:19:17"
"Tamil","0765858862","00:00:01","No answer","","RINGNOANSWER","Harshika","00:00:00","2026-08-04 09:18:20","2026-08-04 09:19:25"
"Tamil","0742704413","00:00:01","No answer","","RINGNOANSWER","Harshika","00:00:00","2026-08-04 09:19:15","2026-08-04 09:19:26"
"Tamil","0742704413","00:00:00","No answer","","RINGNOANSWER","Harshika","00:00:00","2026-08-04 09:19:15","2026-08-04 09:19:31"
"Tamil","0765858862","00:00:01","No answer","","RINGNOANSWER","Harshika","00:00:00","2026-08-04 09:18:20","2026-08-04 09:20:00"
"Tamil","0765858862","00:00:01","No answer","","RINGNOANSWER","Harshika","00:00:00","2026-08-04 09:18:20","2026-08-04 09:20:35"
"Tamil","0765858862","00:00:01","No answer","","RINGNOANSWER","Harshika","00:00:00","2026-08-04 09:18:20","2026-08-04 09:21:10"
"Tamil","0766003272","00:00:00","No answer","","RINGNOANSWER","Harshika","00:00:00","2026-08-04 09:22:16","2026-08-04 09:22:16"
"Tamil","0766003272","00:00:00","No answer","","RINGNOANSWER","Harshika","00:00:00","2026-08-04 09:22:16","2026-08-04 09:22:21"
"Tamil","0766003272","00:00:03","No answer","","RINGNOANSWER","Harshika","00:00:00","2026-08-04 09:22:16","2026-08-04 09:22:29"
"Tamil","0766003272","00:00:00","No answer","","RINGNOANSWER","Harshika","00:00:00","2026-08-04 09:22:16","2026-08-04 09:22:34"
"Tamil","0766003272","00:00:01","No answer","","RINGNOANSWER","Harshika","00:00:00","2026-08-04 09:22:16","2026-08-04 09:22:40"
"Tamil","0766003272","00:00:01","No answer","","RINGNOANSWER","Harshika","00:00:00","2026-08-04 09:22:16","2026-08-04 09:22:46"
"Tamil","0766003272","00:00:01","No answer","","RINGNOANSWER","Harshika","00:00:00","2026-08-04 09:22:16","2026-08-04 09:22:52"
"Tamil","0766003272","00:00:00","No answer","","RINGNOANSWER","Harshika","00:00:00","2026-08-04 09:22:16","2026-08-04 09:22:57"
"Tamil","0766003272","00:00:01","No answer","","RINGNOANSWER","Harshika","00:00:00","2026-08-04 09:22:16","2026-08-04 09:23:03"
"Tamil","0766003272","00:00:00","No answer","","RINGNOANSWER","Harshika","00:00:00","2026-08-04 09:22:16","2026-08-04 09:23:08"
"Sinhala","0712349584","00:00:00","No answer","","RINGNOANSWER","Harshika","00:00:00","2026-08-04 09:23:09","2026-08-04 09:23:09"
"Tamil","0721390388","00:00:08","No answer","","RINGNOANSWER","Harshika","00:00:00","2026-08-04 09:22:44","2026-08-04 09:23:21"
"Tamil","0721390388","00:00:01","No answer","","RINGNOANSWER","Harshika","00:00:00","2026-08-04 09:24:02","2026-08-04 09:24:17"
"Sinhala","0712349584","00:00:01","No answer","","RINGNOANSWER","Harshika","00:00:00","2026-08-04 09:23:09","2026-08-04 09:24:22"
"Tamil","0721390388","00:00:01","No answer","","RINGNOANSWER","Harshika","00:00:00","2026-08-04 09:24:02","2026-08-04 09:24:28"
"Sinhala","0712349584","00:00:01","No answer","","RINGNOANSWER","Harshika","00:00:00","2026-08-04 09:23:09","2026-08-04 09:24:33"
"Tamil","0721390388","00:00:00","No answer","","RINGNOANSWER","Harshika","00:00:00","2026-08-04 09:24:02","2026-08-04 09:24:38"
"Sinhala","0712349584","00:00:00","No answer","","RINGNOANSWER","Harshika","00:00:00","2026-08-04 09:23:09","2026-08-04 09:24:43"
"Tamil","0721390388","00:00:01","No answer","","RINGNOANSWER","Harshika","00:00:00","2026-08-04 09:24:02","2026-08-04 09:24:44"
"Sinhala","0712349584","00:00:01","No answer","","RINGNOANSWER","Harshika","00:00:00","2026-08-04 09:23:09","2026-08-04 09:24:49"
"Tamil","0721390388","00:00:00","No answer","","RINGNOANSWER","Harshika","00:00:00","2026-08-04 09:24:02","2026-08-04 09:24:49"
"Sinhala","0712349584","00:00:00","No answer","","RINGNOANSWER","Harshika","00:00:00","2026-08-04 09:23:09","2026-08-04 09:24:54"
"Tamil","0721390388","00:00:01","No answer","","RINGNOANSWER","Harshika","00:00:00","2026-08-04 09:24:02","2026-08-04 09:24:55"
"Sinhala","0712349584","00:00:01","No answer","","RINGNOANSWER","Harshika","00:00:00","2026-08-04 09:23:09","2026-08-04 09:25:00"
"Tamil","0721390388","00:00:00","No answer","","RINGNOANSWER","Harshika","00:00:00","2026-08-04 09:24:02","2026-08-04 09:25:00"
"Sinhala","0712349584","00:00:00","No answer","","RINGNOANSWER","Harshika","00:00:00","2026-08-04 09:23:09","2026-08-04 09:25:05"
"Tamil","0721390388","00:00:01","No answer","","RINGNOANSWER","Harshika","00:00:00","2026-08-04 09:24:02","2026-08-04 09:25:06"
"Sinhala","0712349584","00:00:01","No answer","","RINGNOANSWER","Harshika","00:00:00","2026-08-04 09:23:09","2026-08-04 09:25:11"
"Sinhala","0712349584","00:00:00","No answer","","RINGNOANSWER","Harshika","00:00:00","2026-08-04 09:23:09","2026-08-04 09:25:16"
"Sinhala","0760590537","00:00:00","No answer","","RINGNOANSWER","Harshika","00:00:00","2026-08-04 09:25:35","2026-08-04 09:25:35"
"Sinhala","0760590537","00:00:01","No answer","","RINGNOANSWER","Harshika","00:00:00","2026-08-04 09:25:35","2026-08-04 09:25:41"
"Sinhala","0760590537","00:00:00","No answer","","RINGNOANSWER","Harshika","00:00:00","2026-08-04 09:25:35","2026-08-04 09:25:46"
"Sinhala","0760590537","00:00:01","No answer","","RINGNOANSWER","Harshika","00:00:00","2026-08-04 09:25:35","2026-08-04 09:25:52"
"Sinhala","0760590537","00:00:00","No answer","","RINGNOANSWER","Harshika","00:00:00","2026-08-04 09:25:35","2026-08-04 09:25:57"
"Sinhala","0760590537","00:00:01","No answer","","RINGNOANSWER","Harshika","00:00:00","2026-08-04 09:25:35","2026-08-04 09:26:03"
"Sinhala","0760590537","00:00:01","No answer","","RINGNOANSWER","Harshika","00:00:00","2026-08-04 09:25:35","2026-08-04 09:26:09"
"Sinhala","0742704413","00:00:00","No answer","","RINGNOANSWER","Harshika","00:00:00","2026-08-04 09:25:40","2026-08-04 09:26:15"
"Sinhala","0742704413","00:00:01","No answer","","RINGNOANSWER","Harshika","00:00:00","2026-08-04 09:25:40","2026-08-04 09:26:21"
"Sinhala","0742704413","00:00:01","No answer","","RINGNOANSWER","Harshika","00:00:00","2026-08-04 09:25:40","2026-08-04 09:26:27"
"Sinhala","0742704413","00:00:01","No answer","","RINGNOANSWER","Harshika","00:00:00","2026-08-04 09:25:40","2026-08-04 09:26:33"
"Sinhala","0742704413","00:00:00","No answer","","RINGNOANSWER","Harshika","00:00:00","2026-08-04 09:25:40","2026-08-04 09:26:38"
"Sinhala","0722501716","00:00:01","No answer","","RINGNOANSWER","Harshika","00:00:00","2026-08-04 09:27:43","2026-08-04 09:27:44"
"Sinhala","0722501716","00:00:00","No answer","","RINGNOANSWER","Harshika","00:00:00","2026-08-04 09:27:43","2026-08-04 09:27:49"
"Sinhala","0722501716","00:00:00","No answer","","RINGNOANSWER","Harshika","00:00:00","2026-08-04 09:27:43","2026-08-04 09:28:00"
"Sinhala","0722501716","00:00:01","No answer","","RINGNOANSWER","Harshika","00:00:00","2026-08-04 09:27:43","2026-08-04 09:28:06"
"Sinhala","0722501716","00:00:00","No answer","","RINGNOANSWER","Harshika","00:00:00","2026-08-04 09:27:43","2026-08-04 09:28:11"
"Sinhala","0722501716","00:00:01","No answer","","RINGNOANSWER","Harshika","00:00:00","2026-08-04 09:27:43","2026-08-04 09:28:17"
"Sinhala","0722501716","00:00:01","No answer","","RINGNOANSWER","Harshika","00:00:00","2026-08-04 09:27:43","2026-08-04 09:28:23"
"Sinhala","0722501716","00:00:00","No answer","","RINGNOANSWER","Harshika","00:00:00","2026-08-04 09:27:43","2026-08-04 09:28:28"
"Sinhala","0760590537","00:00:01","No answer","","RINGNOANSWER","Harshika","00:00:00","2026-08-04 09:25:35","2026-08-04 09:28:35"
"Sinhala","0760590537","00:00:00","No answer","","RINGNOANSWER","Harshika","00:00:00","2026-08-04 09:25:35","2026-08-04 09:28:40"
"Sinhala","0760590537","00:00:01","No answer","","RINGNOANSWER","Harshika","00:00:00","2026-08-04 09:25:35","2026-08-04 09:28:46"
"Sinhala","0760590537","00:00:01","No answer","","RINGNOANSWER","Harshika","00:00:00","2026-08-04 09:25:35","2026-08-04 09:28:52"
"Sinhala","0760590537","00:00:00","No answer","","RINGNOANSWER","Harshika","00:00:00","2026-08-04 09:25:35","2026-08-04 09:28:57"
"Sinhala","0760590537","00:00:01","No answer","","RINGNOANSWER","Harshika","00:00:00","2026-08-04 09:25:35","2026-08-04 09:29:03"
"Sinhala","0714299548","00:00:00","No answer","","RINGNOANSWER","Harshika","00:00:00","2026-08-04 09:28:32","2026-08-04 09:29:09"
"Sinhala","0714299548","00:00:01","No answer","","RINGNOANSWER","Harshika","00:00:00","2026-08-04 09:28:32","2026-08-04 09:29:15"
"Sinhala","0714299548","00:00:01","No answer","","RINGNOANSWER","Harshika","00:00:00","2026-08-04 09:28:32","2026-08-04 09:29:21"
"Sinhala","0714299548","00:00:00","No answer","","RINGNOANSWER","Harshika","00:00:00","2026-08-04 09:28:32","2026-08-04 09:29:26"
"Sinhala","0714299548","00:00:01","No answer","","RINGNOANSWER","Harshika","00:00:00","2026-08-04 09:28:32","2026-08-04 09:29:32"
"Sinhala","0714299548","00:00:00","No answer","","RINGNOANSWER","Harshika","00:00:00","2026-08-04 09:28:32","2026-08-04 09:29:37"
"Sinhala","0714299548","00:00:01","No answer","","RINGNOANSWER","Harshika","00:00:00","2026-08-04 09:28:32","2026-08-04 09:29:44"
"Sinhala","0714299548","00:00:01","No answer","","RINGNOANSWER","Harshika","00:00:00","2026-08-04 09:28:32","2026-08-04 09:29:50"
"Sinhala","0714299548","00:00:01","No answer","","RINGNOANSWER","Harshika","00:00:00","2026-08-04 09:28:32","2026-08-04 09:29:56"
"Sinhala","0729063916","00:00:00","No answer","","RINGNOANSWER","Harshika","00:00:00","2026-08-04 13:44:10","2026-08-04 13:44:10"
"Sinhala","0729063916","00:00:01","No answer","","RINGNOANSWER","Harshika","00:00:00","2026-08-04 13:44:10","2026-08-04 13:44:16"
"Sinhala","0729063916","00:00:00","No answer","","RINGNOANSWER","Harshika","00:00:00","2026-08-04 13:44:10","2026-08-04 13:44:21"
"Sinhala","0729063916","00:00:01","No answer","","RINGNOANSWER","Harshika","00:00:00","2026-08-04 13:44:10","2026-08-04 13:44:27"
"Sinhala","0729063916","00:00:02","No answer","","RINGNOANSWER","Harshika","00:00:00","2026-08-04 13:44:10","2026-08-04 13:44:34"
"Sinhala","0729063916","00:00:01","No answer","","RINGNOANSWER","Harshika","00:00:00","2026-08-04 13:44:10","2026-08-04 13:44:44"
"Sinhala","0729063916","00:00:01","No answer","","RINGNOANSWER","Harshika","00:00:00","2026-08-04 13:44:10","2026-08-04 13:44:50"
"Sinhala","0729063916","00:00:00","No answer","","RINGNOANSWER","Harshika","00:00:00","2026-08-04 13:44:10","2026-08-04 13:44:55"
"Tamil","0757284244","00:00:01","No answer","","RINGNOANSWER","Harshika","00:00:00","2026-08-04 14:00:06","2026-08-04 14:00:07"
"Tamil","0757284244","00:00:01","No answer","","RINGNOANSWER","Harshika","00:00:00","2026-08-04 14:00:06","2026-08-04 14:00:42"
"Tamil","0757284244","00:00:00","No answer","","RINGNOANSWER","Harshika","00:00:00","2026-08-04 14:00:06","2026-08-04 14:00:47"
"Tamil","0757284244","00:00:01","No answer","","RINGNOANSWER","Harshika","00:00:00","2026-08-04 14:00:06","2026-08-04 14:00:53"
"Tamil","0757284244","00:00:00","No answer","","RINGNOANSWER","Harshika","00:00:00","2026-08-04 14:00:06","2026-08-04 14:00:58"
"Tamil","0757284244","00:00:01","No answer","","RINGNOANSWER","Harshika","00:00:00","2026-08-04 14:00:06","2026-08-04 14:01:04"
"Tamil","0757284244","00:00:01","No answer","","RINGNOANSWER","Harshika","00:00:00","2026-08-04 14:00:06","2026-08-04 14:01:10"
"Tamil","0757284244","00:00:01","No answer","","RINGNOANSWER","Harshika","00:00:00","2026-08-04 14:00:06","2026-08-04 14:01:16"
"Tamil","0757284244","00:00:00","No answer","","RINGNOANSWER","Harshika","00:00:00","2026-08-04 14:00:06","2026-08-04 14:01:21"
"Tamil","0757284244","00:00:01","No answer","","RINGNOANSWER","Harshika","00:00:00","2026-08-04 14:00:06","2026-08-04 14:01:27"
"Tamil","0757284244","00:00:00","No answer","","RINGNOANSWER","Harshika","00:00:00","2026-08-04 14:00:06","2026-08-04 14:01:32"
"Tamil","0757284244","00:00:00","No answer","","RINGNOANSWER","Harshika","00:00:00","2026-08-04 14:00:06","2026-08-04 14:01:38"
"Tamil","0757284244","00:00:01","No answer","","RINGNOANSWER","Harshika","00:00:00","2026-08-04 14:00:06","2026-08-04 14:01:44"
"Tamil","0757284244","00:00:00","No answer","","RINGNOANSWER","Harshika","00:00:00","2026-08-04 14:00:06","2026-08-04 14:01:49"
"Sinhala","0761533134","00:00:01","No answer","","RINGNOANSWER","Harshika","00:00:00","2026-08-04 14:02:11","2026-08-04 14:02:12"
"Sinhala","0761533134","00:00:00","No answer","","RINGNOANSWER","Harshika","00:00:00","2026-08-04 14:02:11","2026-08-04 14:02:17"
"Tamil","0757284244","00:00:00","No answer","","RINGNOANSWER","Harshika","00:00:00","2026-08-04 14:00:06","2026-08-04 14:02:24"
"Tamil","0757284244","00:00:01","No answer","","RINGNOANSWER","Harshika","00:00:00","2026-08-04 14:00:06","2026-08-04 14:02:30"
"Tamil","0757284244","00:00:00","No answer","","RINGNOANSWER","Harshika","00:00:00","2026-08-04 14:00:06","2026-08-04 14:02:35"
"Tamil","0757284244","00:00:01","No answer","","RINGNOANSWER","Harshika","00:00:00","2026-08-04 14:00:06","2026-08-04 14:02:41"
"Tamil","0757284244","00:00:01","No answer","","RINGNOANSWER","Harshika","00:00:00","2026-08-04 14:00:06","2026-08-04 14:02:47"
"Tamil","0757284244","00:00:00","No answer","","RINGNOANSWER","Harshika","00:00:00","2026-08-04 14:00:06","2026-08-04 14:02:52"
"Tamil","0757284244","00:00:01","No answer","","RINGNOANSWER","Harshika","00:00:00","2026-08-04 14:00:06","2026-08-04 14:02:58"
"Sinhala","0761533134","00:00:01","No answer","","RINGNOANSWER","Harshika","00:00:00","2026-08-04 14:02:11","2026-08-04 14:03:04"
"Sinhala","0761533134","00:00:00","No answer","","RINGNOANSWER","Harshika","00:00:00","2026-08-04 14:02:11","2026-08-04 14:03:09"
"Sinhala","0761533134","00:00:01","No answer","","RINGNOANSWER","Harshika","00:00:00","2026-08-04 14:02:11","2026-08-04 14:03:15"
"Sinhala","0761533134","00:00:00","No answer","","RINGNOANSWER","Harshika","00:00:00","2026-08-04 14:02:11","2026-08-04 14:03:20"
"Sinhala","0761533134","00:00:01","No answer","","RINGNOANSWER","Harshika","00:00:00","2026-08-04 14:02:11","2026-08-04 14:03:26"
"Sinhala","0718379140","00:00:00","No answer","","RINGNOANSWER","Harshika","00:00:00","2026-08-04 14:02:56","2026-08-04 14:03:32"
"Tamil","0757284244","00:00:01","No answer","","RINGNOANSWER","Harshika","00:00:00","2026-08-04 14:00:06","2026-08-04 14:03:33"
"Sinhala","0718379140","00:00:01","No answer","","RINGNOANSWER","Harshika","00:00:00","2026-08-04 14:02:56","2026-08-04 14:03:38"
"Tamil","0757284244","00:00:00","No answer","","RINGNOANSWER","Harshika","00:00:00","2026-08-04 14:00:06","2026-08-04 14:03:43"
"Tamil","0757284244","00:00:01","No answer","","RINGNOANSWER","Harshika","00:00:00","2026-08-04 14:00:06","2026-08-04 14:03:49"
"Tamil","0757284244","00:00:00","No answer","","RINGNOANSWER","Harshika","00:00:00","2026-08-04 14:00:06","2026-08-04 14:03:54"
"Sinhala","0718379140","00:00:01","No answer","","RINGNOANSWER","Harshika","00:00:00","2026-08-04 14:02:56","2026-08-04 14:04:00"
"Tamil","0757284244","00:00:01","No answer","","RINGNOANSWER","Harshika","00:00:00","2026-08-04 14:00:06","2026-08-04 14:04:05"
"Sinhala","0761533134","00:00:01","No answer","","RINGNOANSWER","Harshika","00:00:00","2026-08-04 14:02:11","2026-08-04 14:04:07"
"Sinhala","0761533134","00:00:00","No answer","","RINGNOANSWER","Harshika","00:00:00","2026-08-04 14:02:11","2026-08-04 14:04:12"
"Sinhala","0761533134","00:00:01","No answer","","RINGNOANSWER","Harshika","00:00:00","2026-08-04 14:02:11","2026-08-04 14:04:18"
"Sinhala","0761533134","00:00:00","No answer","","RINGNOANSWER","Harshika","00:00:00","2026-08-04 14:02:11","2026-08-04 14:04:23"
"Sinhala","0761533134","00:00:01","No answer","","RINGNOANSWER","Harshika","00:00:00","2026-08-04 14:02:11","2026-08-04 14:04:29"
"Sinhala","0761533134","00:00:01","No answer","","RINGNOANSWER","Harshika","00:00:00","2026-08-04 14:02:11","2026-08-04 14:04:35"
"Tamil","0757284244","00:00:01","No answer","","RINGNOANSWER","Harshika","00:00:00","2026-08-04 14:00:06","2026-08-04 14:04:40"
"Sinhala","0761533134","00:00:01","No answer","","RINGNOANSWER","Harshika","00:00:00","2026-08-04 14:02:11","2026-08-04 14:04:46"
"Sinhala","0761533134","00:00:00","No answer","","RINGNOANSWER","Harshika","00:00:00","2026-08-04 14:02:11","2026-08-04 14:04:51"
"Sinhala","0761533134","00:00:01","No answer","","RINGNOANSWER","Harshika","00:00:00","2026-08-04 14:02:11","2026-08-04 14:04:57"
"Sinhala","0761533134","00:00:01","No answer","","RINGNOANSWER","Harshika","00:00:00","2026-08-04 14:02:11","2026-08-04 14:05:03"
"Sinhala","0761533134","00:00:00","No answer","","RINGNOANSWER","Harshika","00:00:00","2026-08-04 14:02:11","2026-08-04 14:05:08"
"Sinhala","0718379140","00:00:00","No answer","","RINGNOANSWER","Harshika","00:00:00","2026-08-04 14:02:56","2026-08-04 14:05:14"
"Tamil","0757284244","00:00:01","No answer","","RINGNOANSWER","Harshika","00:00:00","2026-08-04 14:00:06","2026-08-04 14:05:15"
"Sinhala","0718379140","00:00:01","No answer","","RINGNOANSWER","Harshika","00:00:00","2026-08-04 14:02:56","2026-08-04 14:05:20"
"Tamil","0757284244","00:00:00","No answer","","RINGNOANSWER","Harshika","00:00:00","2026-08-04 14:00:06","2026-08-04 14:05:20"
"Sinhala","0718379140","00:00:00","No answer","","RINGNOANSWER","Harshika","00:00:00","2026-08-04 14:02:56","2026-08-04 14:05:25"
"Tamil","0757284244","00:00:01","No answer","","RINGNOANSWER","Harshika","00:00:00","2026-08-04 14:00:06","2026-08-04 14:05:26"
"Sinhala","0718379140","00:00:01","No answer","","RINGNOANSWER","Harshika","00:00:00","2026-08-04 14:02:56","2026-08-04 14:05:31"
"Tamil","0757284244","00:00:00","No answer","","RINGNOANSWER","Harshika","00:00:00","2026-08-04 14:00:06","2026-08-04 14:05:31"
"Sinhala","0718379140","00:00:00","No answer","","RINGNOANSWER","Harshika","00:00:00","2026-08-04 14:02:56","2026-08-04 14:05:36"
"Tamil","0757284244","00:00:01","No answer","","RINGNOANSWER","Harshika","00:00:00","2026-08-04 14:00:06","2026-08-04 14:05:42"
"Sinhala","0751363199","00:00:00","No answer","","RINGNOANSWER","Harshika","00:00:00","2026-08-04 14:03:22","2026-08-04 14:05:42"
"Tamil","0757284244","00:00:00","No answer","","RINGNOANSWER","Harshika","00:00:00","2026-08-04 14:00:06","2026-08-04 14:05:47"
"Sinhala","0761533134","00:00:01","No answer","","RINGNOANSWER","Harshika","00:00:00","2026-08-04 14:02:11","2026-08-04 14:05:49"
"Sinhala","0761533134","00:00:00","No answer","","RINGNOANSWER","Harshika","00:00:00","2026-08-04 14:02:11","2026-08-04 14:05:54"
"Sinhala","0761533134","00:00:01","No answer","","RINGNOANSWER","Harshika","00:00:00","2026-08-04 14:02:11","2026-08-04 14:06:00"
"Sinhala","0761533134","00:00:01","No answer","","RINGNOANSWER","Harshika","00:00:00","2026-08-04 14:02:11","2026-08-04 14:06:06"
"Sinhala","0761533134","00:00:00","No answer","","RINGNOANSWER","Harshika","00:00:00","2026-08-04 14:02:11","2026-08-04 14:06:11"
"Sinhala","0761533134","00:00:01","No answer","","RINGNOANSWER","Harshika","00:00:00","2026-08-04 14:02:11","2026-08-04 14:06:17"
"Tamil","0757284244","00:00:00","No answer","","RINGNOANSWER","Harshika","00:00:00","2026-08-04 14:00:06","2026-08-04 14:06:22"
"Sinhala","0761533134","00:00:00","No answer","","RINGNOANSWER","Harshika","00:00:00","2026-08-04 14:02:11","2026-08-04 14:06:28"
"Sinhala","0761533134","00:00:01","No answer","","RINGNOANSWER","Harshika","00:00:00","2026-08-04 14:02:11","2026-08-04 14:06:34"
"Sinhala","0761533134","00:00:00","No answer","","RINGNOANSWER","Harshika","00:00:00","2026-08-04 14:02:11","2026-08-04 14:06:39"
"Sinhala","0761533134","00:00:02","No answer","","RINGNOANSWER","Harshika","00:00:00","2026-08-04 14:02:11","2026-08-04 14:06:46"
"Sinhala","0761533134","00:00:00","No answer","","RINGNOANSWER","Harshika","00:00:00","2026-08-04 14:02:11","2026-08-04 14:06:51"
"Sinhala","0772794277","00:00:00","No answer","","RINGNOANSWER","Harshika","00:00:00","2026-08-04 14:06:13","2026-08-04 14:06:57"
"Tamil","0757284244","00:00:01","No answer","","RINGNOANSWER","Harshika","00:00:00","2026-08-04 14:00:06","2026-08-04 14:07:03"
"Sinhala","0772794277","00:00:01","No answer","","RINGNOANSWER","Harshika","00:00:00","2026-08-04 14:06:13","2026-08-04 14:07:08"
"Tamil","0757284244","00:00:00","No answer","","RINGNOANSWER","Harshika","00:00:00","2026-08-04 14:00:06","2026-08-04 14:07:13"
"Tamil","0757284244","00:00:01","No answer","","RINGNOANSWER","Harshika","00:00:00","2026-08-04 14:00:06","2026-08-04 14:07:19"
"Sinhala","0772794277","00:00:00","No answer","","RINGNOANSWER","Harshika","00:00:00","2026-08-04 14:06:13","2026-08-04 14:07:24"
"Sinhala","0772794277","00:00:00","No answer","","RINGNOANSWER","Harshika","00:00:00","2026-08-04 14:06:13","2026-08-04 14:07:32"
"Sinhala","0772794277","00:00:01","No answer","","RINGNOANSWER","Harshika","00:00:00","2026-08-04 14:06:13","2026-08-04 14:07:38"
"Sinhala","0718152743","00:00:01","No answer","","RINGNOANSWER","Harshika","00:00:00","2026-08-04 14:07:51","2026-08-04 14:07:52"
"Sinhala","0718152743","00:00:00","No answer","","RINGNOANSWER","Harshika","00:00:00","2026-08-04 14:07:51","2026-08-04 14:07:57"
"Sinhala","0718152743","00:00:01","No answer","","RINGNOANSWER","Harshika","00:00:00","2026-08-04 14:07:51","2026-08-04 14:08:07"
"Sinhala","0718152743","00:00:00","No answer","","RINGNOANSWER","Harshika","00:00:00","2026-08-04 14:07:51","2026-08-04 14:08:12"
"Sinhala","0718152743","00:00:01","No answer","","RINGNOANSWER","Harshika","00:00:00","2026-08-04 14:07:51","2026-08-04 14:08:18"
"Sinhala","0718152743","00:00:01","No answer","","RINGNOANSWER","Harshika","00:00:00","2026-08-04 14:07:51","2026-08-04 14:08:24"
"Sinhala","0718152743","00:00:00","No answer","","RINGNOANSWER","Harshika","00:00:00","2026-08-04 14:07:51","2026-08-04 14:08:29"
"Sinhala","0718379140","00:00:01","No answer","","RINGNOANSWER","Harshika","00:00:00","2026-08-04 14:08:03","2026-08-04 14:08:30"
"Sinhala","0718152743","00:00:01","No answer","","RINGNOANSWER","Harshika","00:00:00","2026-08-04 14:07:51","2026-08-04 14:08:36"
"Sinhala","0718152743","00:00:00","No answer","","RINGNOANSWER","Harshika","00:00:00","2026-08-04 14:07:51","2026-08-04 14:08:42"
"Sinhala","0718152743","00:00:01","No answer","","RINGNOANSWER","Harshika","00:00:00","2026-08-04 14:07:51","2026-08-04 14:08:48"
"Sinhala","0718152743","00:00:01","No answer","","RINGNOANSWER","Harshika","00:00:00","2026-08-04 14:07:51","2026-08-04 14:08:54"
"Sinhala","0718152743","00:00:00","No answer","","RINGNOANSWER","Harshika","00:00:00","2026-08-04 14:07:51","2026-08-04 14:08:59"
"Sinhala","0718152743","00:00:01","No answer","","RINGNOANSWER","Harshika","00:00:00","2026-08-04 14:07:51","2026-08-04 14:09:05"
"Sinhala","0718152743","00:00:01","No answer","","RINGNOANSWER","Harshika","00:00:00","2026-08-04 14:07:51","2026-08-04 14:09:11"
"Sinhala","0718152743","00:00:01","No answer","","RINGNOANSWER","Harshika","00:00:00","2026-08-04 14:07:51","2026-08-04 14:09:18"
"Sinhala","0718152743","00:00:00","No answer","","RINGNOANSWER","Harshika","00:00:00","2026-08-04 14:07:51","2026-08-04 14:09:23"
"Sinhala","0718152743","00:00:01","No answer","","RINGNOANSWER","Harshika","00:00:00","2026-08-04 14:07:51","2026-08-04 14:09:29"
"Sinhala","0718152743","00:00:01","No answer","","RINGNOANSWER","Harshika","00:00:00","2026-08-04 14:07:51","2026-08-04 14:09:35"
"Sinhala","0718152743","00:00:00","No answer","","RINGNOANSWER","Harshika","00:00:00","2026-08-04 14:07:51","2026-08-04 14:09:40"
"Sinhala","0718152743","00:00:02","No answer","","RINGNOANSWER","Harshika","00:00:00","2026-08-04 14:07:51","2026-08-04 14:09:47"
"Sinhala","0718379140","00:00:01","No answer","","RINGNOANSWER","Harshika","00:00:00","2026-08-04 14:08:03","2026-08-04 14:09:53"
"Sinhala","0718379140","00:00:00","No answer","","RINGNOANSWER","Harshika","00:00:00","2026-08-04 14:08:03","2026-08-04 14:09:58"
"Sinhala","0718379140","00:00:01","No answer","","RINGNOANSWER","Harshika","00:00:00","2026-08-04 14:08:03","2026-08-04 14:10:04"
"Sinhala","0718379140","00:00:01","No answer","","RINGNOANSWER","Harshika","00:00:00","2026-08-04 14:08:03","2026-08-04 14:10:10"
"Sinhala","0718379140","00:00:01","No answer","","RINGNOANSWER","Harshika","00:00:00","2026-08-04 14:08:03","2026-08-04 14:10:16"
"Sinhala","0718379140","00:00:00","No answer","","RINGNOANSWER","Harshika","00:00:00","2026-08-04 14:08:03","2026-08-04 14:10:21"
"Sinhala","0718379140","00:00:02","No answer","","RINGNOANSWER","Harshika","00:00:00","2026-08-04 14:08:03","2026-08-04 14:10:29"
"Sinhala","0718379140","00:00:00","No answer","","RINGNOANSWER","Harshika","00:00:00","2026-08-04 14:08:03","2026-08-04 14:10:34"
"Sinhala","0718379140","00:00:01","No answer","","RINGNOANSWER","Harshika","00:00:00","2026-08-04 14:08:03","2026-08-04 14:10:40"
"Sinhala","0718152743","00:00:00","No answer","","RINGNOANSWER","Harshika","00:00:00","2026-08-04 14:11:02","2026-08-04 14:11:02"
"Sinhala","0718152743","00:00:00","No answer","","RINGNOANSWER","Harshika","00:00:00","2026-08-04 14:11:02","2026-08-04 14:11:08"
"Sinhala","0718152743","00:00:01","No answer","","RINGNOANSWER","Harshika","00:00:00","2026-08-04 14:11:02","2026-08-04 14:11:14"
"Sinhala","0718152743","00:00:01","No answer","","RINGNOANSWER","Harshika","00:00:00","2026-08-04 14:11:02","2026-08-04 14:11:21"
"Sinhala","0718152743","00:00:00","No answer","","RINGNOANSWER","Harshika","00:00:00","2026-08-04 14:11:02","2026-08-04 14:11:26"
"Sinhala","0718152743","00:00:01","No answer","","RINGNOANSWER","Harshika","00:00:00","2026-08-04 14:11:02","2026-08-04 14:11:32"
"Sinhala","0718152743","00:00:01","No answer","","RINGNOANSWER","Harshika","00:00:00","2026-08-04 14:11:02","2026-08-04 14:11:38"
"Sinhala","0772794277","00:00:01","No answer","","RINGNOANSWER","Harshika","00:00:00","2026-08-04 14:11:47","2026-08-04 14:11:48"
"Sinhala","0772794277","00:00:00","No answer","","RINGNOANSWER","Harshika","00:00:00","2026-08-04 14:11:47","2026-08-04 14:11:53"
"Sinhala","0772794277","00:00:01","No answer","","RINGNOANSWER","Harshika","00:00:00","2026-08-04 14:11:47","2026-08-04 14:11:59"
"Sinhala","0772794277","00:00:01","No answer","","RINGNOANSWER","Harshika","00:00:00","2026-08-04 14:11:47","2026-08-04 14:12:05"
"Sinhala","0772794277","00:00:00","No answer","","RINGNOANSWER","Harshika","00:00:00","2026-08-04 14:11:47","2026-08-04 14:12:10"
"Sinhala","0772794277","00:00:01","No answer","","RINGNOANSWER","Harshika","00:00:00","2026-08-04 14:11:47","2026-08-04 14:12:19"
"Sinhala","0718379140","00:00:01","No answer","","RINGNOANSWER","Harshika","00:00:00","2026-08-04 14:12:17","2026-08-04 14:12:20"
"Sinhala","0772794277","00:00:00","No answer","","RINGNOANSWER","Harshika","00:00:00","2026-08-04 14:11:47","2026-08-04 14:12:24"
"Sinhala","0772794277","00:00:01","No answer","","RINGNOANSWER","Harshika","00:00:00","2026-08-04 14:11:47","2026-08-04 14:12:30"
"Sinhala","0772794277","00:00:01","No answer","","RINGNOANSWER","Harshika","00:00:00","2026-08-04 14:11:47","2026-08-04 14:12:36"
"Sinhala","0772794277","00:00:00","No answer","","RINGNOANSWER","Harshika","00:00:00","2026-08-04 14:11:47","2026-08-04 14:12:41"
"Sinhala","0772794277","00:00:00","No answer","","RINGNOANSWER","Harshika","00:00:00","2026-08-04 14:11:47","2026-08-04 14:12:47"
"Sinhala","0772794277","00:00:01","No answer","","RINGNOANSWER","Harshika","00:00:00","2026-08-04 14:11:47","2026-08-04 14:12:54"
"Sinhala","0772794277","00:00:00","No answer","","RINGNOANSWER","Harshika","00:00:00","2026-08-04 14:11:47","2026-08-04 14:12:59"
"Sinhala","0772794277","00:00:01","No answer","","RINGNOANSWER","Harshika","00:00:00","2026-08-04 14:11:47","2026-08-04 14:13:05"
"Sinhala","0772794277","00:00:01","No answer","","RINGNOANSWER","Harshika","00:00:00","2026-08-04 14:11:47","2026-08-04 14:13:11"
"Sinhala","0772794277","00:00:00","No answer","","RINGNOANSWER","Harshika","00:00:00","2026-08-04 14:11:47","2026-08-04 14:13:16"
"Sinhala","0772794277","00:00:01","No answer","","RINGNOANSWER","Harshika","00:00:00","2026-08-04 14:11:47","2026-08-04 14:13:22"
"Sinhala","0772794277","00:00:00","No answer","","RINGNOANSWER","Harshika","00:00:00","2026-08-04 14:11:47","2026-08-04 14:13:28"
"Sinhala","0772794277","00:00:01","No answer","","RINGNOANSWER","Harshika","00:00:00","2026-08-04 14:11:47","2026-08-04 14:13:34"
"Sinhala","0718379140","00:00:01","No answer","","RINGNOANSWER","Harshika","00:00:00","2026-08-04 14:12:17","2026-08-04 14:13:35"
"Sinhala","0772794277","00:00:01","No answer","","RINGNOANSWER","Harshika","00:00:00","2026-08-04 14:11:47","2026-08-04 14:13:40"
"Sinhala","0772794277","00:00:00","No answer","","RINGNOANSWER","Harshika","00:00:00","2026-08-04 14:11:47","2026-08-04 14:13:45"
"Sinhala","0718379140","00:00:00","No answer","","RINGNOANSWER","Harshika","00:00:00","2026-08-04 14:12:17","2026-08-04 14:13:49"
"Sinhala","0718379140","00:00:01","No answer","","RINGNOANSWER","Harshika","00:00:00","2026-08-04 14:12:17","2026-08-04 14:13:55"
"Sinhala","0718379140","00:00:00","No answer","","RINGNOANSWER","Harshika","00:00:00","2026-08-04 14:12:17","2026-08-04 14:14:04"
"Sinhala","0718379140","00:00:01","No answer","","RINGNOANSWER","Harshika","00:00:00","2026-08-04 14:12:17","2026-08-04 14:14:10"
"Sinhala","0718379140","00:00:00","No answer","","RINGNOANSWER","Harshika","00:00:00","2026-08-04 14:12:17","2026-08-04 14:14:15"
"Sinhala","0718379140","00:00:01","No answer","","RINGNOANSWER","Harshika","00:00:00","2026-08-04 14:12:17","2026-08-04 14:14:21"
"Sinhala","0718379140","00:00:01","No answer","","RINGNOANSWER","Harshika","00:00:00","2026-08-04 14:12:17","2026-08-04 14:14:26"
"Sinhala","0718379140","00:00:00","No answer","","RINGNOANSWER","Harshika","00:00:00","2026-08-04 14:12:17","2026-08-04 14:14:31"
"Sinhala","0718379140","00:00:01","No answer","","RINGNOANSWER","Harshika","00:00:00","2026-08-04 14:12:17","2026-08-04 14:14:37"
"Sinhala","0718379140","00:00:02","No answer","","RINGNOANSWER","Harshika","00:00:00","2026-08-04 14:12:17","2026-08-04 14:14:44"
"Sinhala","0772794277","00:00:01","No answer","","RINGNOANSWER","Harshika","00:00:00","2026-08-04 14:14:46","2026-08-04 14:14:50"
"Sinhala","0772794277","00:00:01","No answer","","RINGNOANSWER","Harshika","00:00:00","2026-08-04 14:14:46","2026-08-04 14:14:56"
"Sinhala","0772794277","00:00:00","No answer","","RINGNOANSWER","Harshika","00:00:00","2026-08-04 14:14:46","2026-08-04 14:15:01"
"Sinhala","0772794277","00:00:01","No answer","","RINGNOANSWER","Harshika","00:00:00","2026-08-04 14:14:46","2026-08-04 14:15:07"
"Sinhala","0772794277","00:00:00","No answer","","RINGNOANSWER","Harshika","00:00:00","2026-08-04 14:14:46","2026-08-04 14:15:12"
"Sinhala","0772794277","00:00:01","No answer","","RINGNOANSWER","Harshika","00:00:00","2026-08-04 14:14:46","2026-08-04 14:15:18"
"Sinhala","0776319806","00:00:00","No answer","","RINGNOANSWER","Harshika","00:00:00","2026-08-04 14:15:40","2026-08-04 14:15:40"
"Sinhala","0776319806","00:00:01","No answer","","RINGNOANSWER","Harshika","00:00:00","2026-08-04 14:15:40","2026-08-04 14:15:46"
"Sinhala","0776319806","00:00:00","No answer","","RINGNOANSWER","Harshika","00:00:00","2026-08-04 14:15:40","2026-08-04 14:15:51"
"Sinhala","0776319806","00:00:01","No answer","","RINGNOANSWER","Harshika","00:00:00","2026-08-04 14:15:40","2026-08-04 14:15:59"
"Sinhala","0776319806","00:00:00","No answer","","RINGNOANSWER","Harshika","00:00:00","2026-08-04 14:15:40","2026-08-04 14:16:04"
"Sinhala","0776319806","00:00:01","No answer","","RINGNOANSWER","Harshika","00:00:00","2026-08-04 14:15:40","2026-08-04 14:16:10"
"Sinhala","0776319806","00:00:01","No answer","","RINGNOANSWER","Harshika","00:00:00","2026-08-04 14:15:40","2026-08-04 14:16:16"
"Sinhala","0776319806","00:00:00","No answer","","RINGNOANSWER","Harshika","00:00:00","2026-08-04 14:15:40","2026-08-04 14:16:21"
"Sinhala","0718379140","00:00:04","No answer","","RINGNOANSWER","Harshika","00:00:00","2026-08-04 14:15:49","2026-08-04 14:16:31"
"Sinhala","0718379140","00:00:01","No answer","","RINGNOANSWER","Harshika","00:00:00","2026-08-04 14:15:49","2026-08-04 14:16:37"
"Sinhala","0718379140","00:00:00","No answer","","RINGNOANSWER","Harshika","00:00:00","2026-08-04 14:15:49","2026-08-04 14:16:42"
"Sinhala","0718379140","00:00:01","No answer","","RINGNOANSWER","Harshika","00:00:00","2026-08-04 14:15:49","2026-08-04 14:16:48"
"Sinhala","0717032194","00:00:00","No answer","","RINGNOANSWER","Harshika","00:00:00","2026-08-04 14:16:32","2026-08-04 14:16:53"
"Sinhala","0717032194","00:00:01","No answer","","RINGNOANSWER","Harshika","00:00:00","2026-08-04 14:16:32","2026-08-04 14:17:03"
"Sinhala","0717032194","00:00:00","No answer","","RINGNOANSWER","Harshika","00:00:00","2026-08-04 14:16:32","2026-08-04 14:17:08"
"Sinhala","0717032194","00:00:01","No answer","","RINGNOANSWER","Harshika","00:00:00","2026-08-04 14:16:32","2026-08-04 14:17:14"
"Sinhala","0717032194","00:00:00","No answer","","RINGNOANSWER","Harshika","00:00:00","2026-08-04 14:16:32","2026-08-04 14:17:19"
"Sinhala","0717032194","00:00:01","No answer","","RINGNOANSWER","Harshika","00:00:00","2026-08-04 14:16:32","2026-08-04 14:17:25"
"Sinhala","0717032194","00:00:01","No answer","","RINGNOANSWER","Harshika","00:00:00","2026-08-04 14:16:32","2026-08-04 14:17:31"
"Sinhala","0717032194","00:00:00","No answer","","RINGNOANSWER","Harshika","00:00:00","2026-08-04 14:16:32","2026-08-04 14:17:37"
"Sinhala","0717032194","00:00:01","No answer","","RINGNOANSWER","Harshika","00:00:00","2026-08-04 14:16:32","2026-08-04 14:17:43"
"Sinhala","0717032194","00:00:00","No answer","","RINGNOANSWER","Harshika","00:00:00","2026-08-04 14:16:32","2026-08-04 14:17:48"
"Sinhala","0717032194","00:00:01","No answer","","RINGNOANSWER","Harshika","00:00:00","2026-08-04 14:16:32","2026-08-04 14:17:54"
"Sinhala","0717032194","00:00:00","No answer","","RINGNOANSWER","Harshika","00:00:00","2026-08-04 14:16:32","2026-08-04 14:17:59"
"Sinhala","0717032194","00:00:01","No answer","","RINGNOANSWER","Harshika","00:00:00","2026-08-04 14:16:32","2026-08-04 14:18:05"
"Sinhala","0717032194","00:00:00","No answer","","RINGNOANSWER","Harshika","00:00:00","2026-08-04 14:16:32","2026-08-04 14:18:12"
"Sinhala","0717032194","00:00:01","No answer","","RINGNOANSWER","Harshika","00:00:00","2026-08-04 14:16:32","2026-08-04 14:18:18"
"Sinhala","0717032194","00:00:01","No answer","","RINGNOANSWER","Harshika","00:00:00","2026-08-04 14:16:32","2026-08-04 14:18:24"
"Sinhala","0717032194","00:00:00","No answer","","RINGNOANSWER","Harshika","00:00:00","2026-08-04 14:16:32","2026-08-04 14:18:29"
"Sinhala","0717032194","00:00:01","No answer","","RINGNOANSWER","Harshika","00:00:00","2026-08-04 14:16:32","2026-08-04 14:18:35"
"Sinhala","0717032194","00:00:01","No answer","","RINGNOANSWER","Harshika","00:00:00","2026-08-04 14:16:32","2026-08-04 14:18:41"
"Sinhala","0717032194","00:00:00","No answer","","RINGNOANSWER","Harshika","00:00:00","2026-08-04 14:16:32","2026-08-04 14:18:47"
"Sinhala","0717032194","00:00:01","No answer","","RINGNOANSWER","Harshika","00:00:00","2026-08-04 14:16:32","2026-08-04 14:18:53"
"Sinhala","0717032194","00:00:00","No answer","","RINGNOANSWER","Harshika","00:00:00","2026-08-04 14:16:32","2026-08-04 14:18:58"
"Sinhala","0719784509","00:00:01","No answer","","RINGNOANSWER","Harshika","00:00:00","2026-08-04 14:19:16","2026-08-04 14:19:17"
"Sinhala","0719784509","00:00:00","No answer","","RINGNOANSWER","Harshika","00:00:00","2026-08-04 14:19:16","2026-08-04 14:19:22"
"Sinhala","0719784509","00:00:01","No answer","","RINGNOANSWER","Harshika","00:00:00","2026-08-04 14:19:16","2026-08-04 14:19:28"
"Sinhala","0719784509","00:00:01","No answer","","RINGNOANSWER","Harshika","00:00:00","2026-08-04 14:19:16","2026-08-04 14:19:34"
"Sinhala","0719784509","00:00:00","No answer","","RINGNOANSWER","Harshika","00:00:00","2026-08-04 14:19:16","2026-08-04 14:19:39"
"Sinhala","0719784509","00:00:01","No answer","","RINGNOANSWER","Harshika","00:00:00","2026-08-04 14:19:16","2026-08-04 14:19:45"
"Sinhala","0719784509","00:00:00","No answer","","RINGNOANSWER","Harshika","00:00:00","2026-08-04 14:19:16","2026-08-04 14:19:50"
"Sinhala","0719784509","00:00:01","No answer","","RINGNOANSWER","Harshika","00:00:00","2026-08-04 14:19:16","2026-08-04 14:19:58"
"Sinhala","0719784509","00:00:00","No answer","","RINGNOANSWER","Harshika","00:00:00","2026-08-04 14:19:16","2026-08-04 14:20:03"
"Sinhala","0719784509","00:00:01","No answer","","RINGNOANSWER","Harshika","00:00:00","2026-08-04 14:19:16","2026-08-04 14:20:09"
"Sinhala","0719784509","00:00:00","No answer","","RINGNOANSWER","Harshika","00:00:00","2026-08-04 14:19:16","2026-08-04 14:20:14"
"Sinhala","0781107279","00:00:01","No answer","","RINGNOANSWER","Harshika","00:00:00","2026-08-04 14:19:23","2026-08-04 14:20:15"
"Sinhala","0719784509","00:00:01","No answer","","RINGNOANSWER","Harshika","00:00:00","2026-08-04 14:19:16","2026-08-04 14:20:20"
"Sinhala","0719784509","00:00:01","No answer","","RINGNOANSWER","Harshika","00:00:00","2026-08-04 14:19:16","2026-08-04 14:20:26"
"Sinhala","0719784509","00:00:00","No answer","","RINGNOANSWER","Harshika","00:00:00","2026-08-04 14:19:16","2026-08-04 14:20:31"
"Sinhala","0719784509","00:00:01","No answer","","RINGNOANSWER","Harshika","00:00:00","2026-08-04 14:19:16","2026-08-04 14:20:37"
"Sinhala","0719784509","00:00:00","No answer","","RINGNOANSWER","Harshika","00:00:00","2026-08-04 14:19:16","2026-08-04 14:20:42"
"Sinhala","0781107279","00:00:00","No answer","","RINGNOANSWER","Harshika","00:00:00","2026-08-04 14:21:06","2026-08-04 14:21:06"
"Sinhala","0781107279","00:00:01","No answer","","RINGNOANSWER","Harshika","00:00:00","2026-08-04 14:21:06","2026-08-04 14:21:12"
"Sinhala","0781107279","00:00:00","No answer","","RINGNOANSWER","Harshika","00:00:00","2026-08-04 14:21:06","2026-08-04 14:21:17"
"Sinhala","0781107279","00:00:00","No answer","","RINGNOANSWER","Harshika","00:00:00","2026-08-04 14:21:06","2026-08-04 14:21:23"
"Sinhala","0781107279","00:00:00","No answer","","RINGNOANSWER","Harshika","00:00:00","2026-08-04 14:21:06","2026-08-04 14:21:28"
"Sinhala","0781107279","00:00:00","No answer","","RINGNOANSWER","Harshika","00:00:00","2026-08-04 14:21:06","2026-08-04 14:21:34"
"Sinhala","0781107279","00:00:01","No answer","","RINGNOANSWER","Harshika","00:00:00","2026-08-04 14:21:06","2026-08-04 14:21:40"
"Sinhala","0781107279","00:00:00","No answer","","RINGNOANSWER","Harshika","00:00:00","2026-08-04 14:21:06","2026-08-04 14:21:45"
"Sinhala","0781107279","00:00:00","No answer","","RINGNOANSWER","Harshika","00:00:00","2026-08-04 14:21:06","2026-08-04 14:21:51"
"Sinhala","0781107279","00:00:01","No answer","","RINGNOANSWER","Harshika","00:00:00","2026-08-04 14:21:06","2026-08-04 14:21:57"
"Sinhala","0781107279","00:00:01","No answer","","RINGNOANSWER","Harshika","00:00:00","2026-08-04 14:21:06","2026-08-04 14:22:02"
"Sinhala","0753323656","00:00:01","No answer","","RINGNOANSWER","Harshika","00:00:00","2026-08-04 14:24:51","2026-08-04 14:24:52"
"Sinhala","0753323656","00:00:01","No answer","","RINGNOANSWER","Harshika","00:00:00","2026-08-04 14:24:51","2026-08-04 14:24:58"
"Sinhala","0743652521","00:00:01","No answer","","RINGNOANSWER","Harshika","00:00:00","2026-08-04 14:25:16","2026-08-04 14:25:17"
"Sinhala","0743652521","00:00:00","No answer","","RINGNOANSWER","Harshika","00:00:00","2026-08-04 14:25:16","2026-08-04 14:25:22"
"Sinhala","0743652521","00:00:00","No answer","","RINGNOANSWER","Harshika","00:00:00","2026-08-04 14:25:16","2026-08-04 14:25:28"
"Sinhala","0767908272","00:00:01","No answer","","RINGNOANSWER","Harshika","00:00:00","2026-08-04 14:26:02","2026-08-04 14:26:03"
"Sinhala","0767908272","00:00:00","No answer","","RINGNOANSWER","Harshika","00:00:00","2026-08-04 14:26:02","2026-08-04 14:26:08"
"Sinhala","0767908272","00:00:01","No answer","","RINGNOANSWER","Harshika","00:00:00","2026-08-04 14:26:02","2026-08-04 14:26:14"
"Sinhala","0767908272","00:00:01","No answer","","RINGNOANSWER","Harshika","00:00:00","2026-08-04 14:26:02","2026-08-04 14:26:20"
"Sinhala","0767908272","00:00:01","No answer","","RINGNOANSWER","Harshika","00:00:00","2026-08-04 14:26:02","2026-08-04 14:26:26"
"Sinhala","0767908272","00:00:00","No answer","","RINGNOANSWER","Harshika","00:00:00","2026-08-04 14:26:02","2026-08-04 14:26:31"
"Sinhala","0767908272","00:00:01","No answer","","RINGNOANSWER","Harshika","00:00:00","2026-08-04 14:26:02","2026-08-04 14:26:37"
"Sinhala","0767908272","00:00:01","No answer","","RINGNOANSWER","Harshika","00:00:00","2026-08-04 14:26:02","2026-08-04 14:26:43"
"Sinhala","0767908272","00:00:00","No answer","","RINGNOANSWER","Harshika","00:00:00","2026-08-04 14:26:02","2026-08-04 14:26:49"
"Sinhala","0767908272","00:00:01","No answer","","RINGNOANSWER","Harshika","00:00:00","2026-08-04 14:26:02","2026-08-04 14:26:55"
"Sinhala","0767908272","00:00:00","No answer","","RINGNOANSWER","Harshika","00:00:00","2026-08-04 14:26:02","2026-08-04 14:27:00"
"Sinhala","0767908272","00:00:01","No answer","","RINGNOANSWER","Harshika","00:00:00","2026-08-04 14:26:02","2026-08-04 14:27:06"
"Sinhala","0767908272","00:00:02","No answer","","RINGNOANSWER","Harshika","00:00:00","2026-08-04 14:26:02","2026-08-04 14:27:13"
"Sinhala","0767908272","00:00:01","No answer","","RINGNOANSWER","Harshika","00:00:00","2026-08-04 14:26:02","2026-08-04 14:27:24"
"Sinhala","0767908272","00:00:00","No answer","","RINGNOANSWER","Harshika","00:00:00","2026-08-04 14:26:02","2026-08-04 14:27:29"
"Sinhala","0767908272","00:00:01","No answer","","RINGNOANSWER","Harshika","00:00:00","2026-08-04 14:26:02","2026-08-04 14:27:35"
"Sinhala","0767908272","00:00:00","No answer","","RINGNOANSWER","Harshika","00:00:00","2026-08-04 14:26:02","2026-08-04 14:27:40"
"Sinhala","0767908272","00:00:01","No answer","","RINGNOANSWER","Harshika","00:00:00","2026-08-04 14:26:02","2026-08-04 14:27:46"
"Sinhala","0767908272","00:00:01","No answer","","RINGNOANSWER","Harshika","00:00:00","2026-08-04 14:26:02","2026-08-04 14:27:52"
"Sinhala","0767908272","00:00:00","No answer","","RINGNOANSWER","Harshika","00:00:00","2026-08-04 14:26:02","2026-08-04 14:27:59"
"Sinhala","0767908272","00:00:01","No answer","","RINGNOANSWER","Harshika","00:00:00","2026-08-04 14:26:02","2026-08-04 14:28:05"
"Sinhala","0767908272","00:00:00","No answer","","RINGNOANSWER","Harshika","00:00:00","2026-08-04 14:26:02","2026-08-04 14:28:10"
"Sinhala","0767908272","00:00:01","No answer","","RINGNOANSWER","Harshika","00:00:00","2026-08-04 14:26:02","2026-08-04 14:28:16"
"Sinhala","0767908272","00:00:00","No answer","","RINGNOANSWER","Harshika","00:00:00","2026-08-04 14:26:02","2026-08-04 14:28:21"
"Sinhala","0717556678","00:00:00","No answer","","RINGNOANSWER","Harshika","00:00:00","2026-08-04 14:27:09","2026-08-04 14:28:27"
"Sinhala","0717556678","00:00:01","No answer","","RINGNOANSWER","Harshika","00:00:00","2026-08-04 14:27:09","2026-08-04 14:28:34"
"Sinhala","0717556678","00:00:01","No answer","","RINGNOANSWER","Harshika","00:00:00","2026-08-04 14:27:09","2026-08-04 14:28:40"
"Sinhala","0717556678","00:00:00","No answer","","RINGNOANSWER","Harshika","00:00:00","2026-08-04 14:27:09","2026-08-04 14:28:45"
"Sinhala","0743652521","00:00:01","No answer","","RINGNOANSWER","Harshika","00:00:00","2026-08-04 14:27:47","2026-08-04 14:28:46"
"Sinhala","0717556678","00:00:01","No answer","","RINGNOANSWER","Harshika","00:00:00","2026-08-04 14:27:09","2026-08-04 14:28:51"
"Sinhala","0717556678","00:00:00","No answer","","RINGNOANSWER","Harshika","00:00:00","2026-08-04 14:27:09","2026-08-04 14:28:56"
"Sinhala","0717556678","00:00:01","No answer","","RINGNOANSWER","Harshika","00:00:00","2026-08-04 14:27:09","2026-08-04 14:29:02"
"Sinhala","0717556678","00:00:01","No answer","","RINGNOANSWER","Harshika","00:00:00","2026-08-04 14:27:09","2026-08-04 14:29:09"
"Sinhala","0717556678","00:00:00","No answer","","RINGNOANSWER","Harshika","00:00:00","2026-08-04 14:27:09","2026-08-04 14:29:14"
"Sinhala","0717556678","00:00:01","No answer","","RINGNOANSWER","Harshika","00:00:00","2026-08-04 14:27:09","2026-08-04 14:29:20"
"Sinhala","0717556678","00:00:01","No answer","","RINGNOANSWER","Harshika","00:00:00","2026-08-04 14:27:09","2026-08-04 14:29:26"
"Sinhala","0761533134","00:00:00","No answer","","RINGNOANSWER","Harshika","00:00:00","2026-08-04 14:32:44","2026-08-04 14:34:04"
"Sinhala","0719784509","00:00:00","No answer","","RINGNOANSWER","Harshika","00:00:00","2026-08-04 14:32:54","2026-08-04 14:34:05"
"Sinhala","0761533134","00:00:00","No answer","","RINGNOANSWER","Harshika","00:00:00","2026-08-04 14:32:44","2026-08-04 14:34:10"
"Sinhala","0761533134","00:00:00","No answer","","RINGNOANSWER","Harshika","00:00:00","2026-08-04 14:32:44","2026-08-04 14:34:15"
"Sinhala","0761533134","00:00:00","No answer","","RINGNOANSWER","Harshika","00:00:00","2026-08-04 14:32:44","2026-08-04 14:34:21"
"Sinhala","0719784509","00:00:01","No answer","","RINGNOANSWER","Harshika","00:00:00","2026-08-04 14:32:54","2026-08-04 14:34:24"
"Sinhala","0719784509","00:00:00","No answer","","RINGNOANSWER","Harshika","00:00:00","2026-08-04 14:32:54","2026-08-04 14:34:29"
"Sinhala","0781107279","00:00:00","No answer","","RINGNOANSWER","Harshika","00:00:00","2026-08-04 14:34:10","2026-08-04 14:34:35"
"Sinhala","0781107279","00:00:01","No answer","","RINGNOANSWER","Harshika","00:00:00","2026-08-04 14:34:10","2026-08-04 14:34:41"
"Sinhala","0781107279","00:00:01","No answer","","RINGNOANSWER","Harshika","00:00:00","2026-08-04 14:34:10","2026-08-04 14:34:47"
"Sinhala","0781107279","00:00:00","No answer","","RINGNOANSWER","Harshika","00:00:00","2026-08-04 14:34:10","2026-08-04 14:34:52"
"Sinhala","0781107279","00:00:01","No answer","","RINGNOANSWER","Harshika","00:00:00","2026-08-04 14:34:10","2026-08-04 14:34:58"
"Sinhala","0781107279","00:00:00","No answer","","RINGNOANSWER","Harshika","00:00:00","2026-08-04 14:34:10","2026-08-04 14:35:03"
"Sinhala","0772209093","00:00:01","No answer","","RINGNOANSWER","Harshika","00:00:00","2026-08-04 14:35:07","2026-08-04 14:35:10"
"Sinhala","0772209093","00:00:00","No answer","","RINGNOANSWER","Harshika","00:00:00","2026-08-04 14:35:07","2026-08-04 14:35:15"
"Sinhala","0772209093","00:00:01","No answer","","RINGNOANSWER","Harshika","00:00:00","2026-08-04 14:35:07","2026-08-04 14:35:21"
"Sinhala","0772209093","00:00:00","No answer","","RINGNOANSWER","Harshika","00:00:00","2026-08-04 14:35:07","2026-08-04 14:35:26"
"Sinhala","0772209093","00:00:01","No answer","","RINGNOANSWER","Harshika","00:00:00","2026-08-04 14:35:07","2026-08-04 14:35:32"
"Sinhala","0772209093","00:00:00","No answer","","RINGNOANSWER","Harshika","00:00:00","2026-08-04 14:35:07","2026-08-04 14:35:37"
"Sinhala","0772209093","00:00:01","No answer","","RINGNOANSWER","Harshika","00:00:00","2026-08-04 14:35:07","2026-08-04 14:35:45"
"Sinhala","0772209093","00:00:02","No answer","","RINGNOANSWER","Harshika","00:00:00","2026-08-04 14:35:07","2026-08-04 14:35:52"
"Sinhala","0772209093","00:00:00","No answer","","RINGNOANSWER","Harshika","00:00:00","2026-08-04 14:35:07","2026-08-04 14:35:57"
"Sinhala","0772209093","00:00:00","No answer","","RINGNOANSWER","Harshika","00:00:00","2026-08-04 14:35:07","2026-08-04 14:36:03"
"Sinhala","0772209093","00:00:01","No answer","","RINGNOANSWER","Harshika","00:00:00","2026-08-04 14:35:07","2026-08-04 14:36:09"
"Sinhala","0772209093","00:00:00","No answer","","RINGNOANSWER","Harshika","00:00:00","2026-08-04 14:35:07","2026-08-04 14:36:14"
"Sinhala","0772209093","00:00:01","No answer","","RINGNOANSWER","Harshika","00:00:00","2026-08-04 14:35:07","2026-08-04 14:36:20"
"Sinhala","0772209093","00:00:00","No answer","","RINGNOANSWER","Harshika","00:00:00","2026-08-04 14:35:07","2026-08-04 14:36:25"
"Sinhala","0772209093","00:00:01","No answer","","RINGNOANSWER","Harshika","00:00:00","2026-08-04 14:35:07","2026-08-04 14:36:31"
"Sinhala","0772209093","00:00:00","No answer","","RINGNOANSWER","Harshika","00:00:00","2026-08-04 14:35:07","2026-08-04 14:36:36"
"Sinhala","0772209093","00:00:00","No answer","","RINGNOANSWER","Harshika","00:00:00","2026-08-04 14:35:07","2026-08-04 14:36:42"
"Sinhala","0772209093","00:00:01","No answer","","RINGNOANSWER","Harshika","00:00:00","2026-08-04 14:35:07","2026-08-04 14:36:48"
"Sinhala","0772209093","00:00:00","No answer","","RINGNOANSWER","Harshika","00:00:00","2026-08-04 14:35:07","2026-08-04 14:36:55"
"Sinhala","0772209093","00:00:01","No answer","","RINGNOANSWER","Harshika","00:00:00","2026-08-04 14:35:07","2026-08-04 14:37:01"
"Sinhala","0772209093","00:00:00","No answer","","RINGNOANSWER","Harshika","00:00:00","2026-08-04 14:35:07","2026-08-04 14:37:06"
"Sinhala","0772209093","00:00:01","No answer","","RINGNOANSWER","Harshika","00:00:00","2026-08-04 14:35:07","2026-08-04 14:37:12"
"Sinhala","0772209093","00:00:01","No answer","","RINGNOANSWER","Harshika","00:00:00","2026-08-04 14:35:07","2026-08-04 14:37:18"
"Sinhala","0767908272","00:00:01","No answer","","RINGNOANSWER","Harshika","00:00:00","2026-08-04 14:39:44","2026-08-04 14:39:45"
"Sinhala","0767908272","00:00:00","No answer","","RINGNOANSWER","Harshika","00:00:00","2026-08-04 14:39:44","2026-08-04 14:39:50"
"Sinhala","0767908272","00:00:01","No answer","","RINGNOANSWER","Harshika","00:00:00","2026-08-04 14:39:44","2026-08-04 14:39:56"
"Sinhala","0767908272","00:00:01","No answer","","RINGNOANSWER","Harshika","00:00:00","2026-08-04 14:39:44","2026-08-04 14:40:02"
"Sinhala","0767908272","00:00:00","No answer","","RINGNOANSWER","Harshika","00:00:00","2026-08-04 14:39:44","2026-08-04 14:40:07"
"Sinhala","0767908272","00:00:01","No answer","","RINGNOANSWER","Harshika","00:00:00","2026-08-04 14:39:44","2026-08-04 14:40:13"
"Sinhala","0767908272","00:00:00","No answer","","RINGNOANSWER","Harshika","00:00:00","2026-08-04 14:39:44","2026-08-04 14:40:19"
"Sinhala","0767908272","00:00:01","No answer","","RINGNOANSWER","Harshika","00:00:00","2026-08-04 14:39:44","2026-08-04 14:40:25"
"Sinhala","0767908272","00:00:00","No answer","","RINGNOANSWER","Harshika","00:00:00","2026-08-04 14:39:44","2026-08-04 14:40:30"
"Sinhala","0767908272","00:00:00","No answer","","RINGNOANSWER","Harshika","00:00:00","2026-08-04 14:39:44","2026-08-04 14:40:36"
"Sinhala","0767908272","00:00:01","No answer","","RINGNOANSWER","Harshika","00:00:00","2026-08-04 14:39:44","2026-08-04 14:40:42"
"Sinhala","0767908272","00:00:01","No answer","","RINGNOANSWER","Harshika","00:00:00","2026-08-04 14:39:44","2026-08-04 14:40:48"
"Sinhala","0767908272","00:00:00","No answer","","RINGNOANSWER","Harshika","00:00:00","2026-08-04 14:39:44","2026-08-04 14:40:53"
"Sinhala","0767908272","00:00:01","No answer","","RINGNOANSWER","Harshika","00:00:00","2026-08-04 14:39:44","2026-08-04 14:40:59"
"Sinhala","0767908272","00:00:00","No answer","","RINGNOANSWER","Harshika","00:00:00","2026-08-04 14:39:44","2026-08-04 14:41:04"
"Sinhala","0767122765","00:00:01","No answer","","RINGNOANSWER","Harshika","00:00:00","2026-08-04 14:41:49","2026-08-04 14:41:50"
"Sinhala","0767122765","00:00:00","No answer","","RINGNOANSWER","Harshika","00:00:00","2026-08-04 14:41:49","2026-08-04 14:41:55"
"Sinhala","0767122765","00:00:05","No answer","","RINGNOANSWER","Harshika","00:00:00","2026-08-04 14:41:49","2026-08-04 14:42:05"
"Sinhala","0767122765","00:00:00","No answer","","RINGNOANSWER","Harshika","00:00:00","2026-08-04 14:41:49","2026-08-04 14:42:10"
"Sinhala","0767122765","00:00:01","No answer","","RINGNOANSWER","Harshika","00:00:00","2026-08-04 14:41:49","2026-08-04 14:42:16"
"Sinhala","0769132443","00:00:02","No answer","","RINGNOANSWER","Harshika","00:00:00","2026-08-05 09:02:52","2026-08-05 09:04:04"
"Sinhala","0764724332","00:00:30","No answer","","RINGNOANSWER","Harshika","00:00:00","2026-08-05 09:06:45","2026-08-05 09:07:15"
"Sinhala","0764724332","00:00:30","No answer","","RINGNOANSWER","Harshika","00:00:00","2026-08-05 09:06:45","2026-08-05 09:07:50"
"Sinhala","0764724332","00:00:30","No answer","","RINGNOANSWER","Harshika","00:00:00","2026-08-05 09:06:45","2026-08-05 09:08:25"
"Sinhala","0777606651","00:00:49","Agent","1","COMPLETEAGENT","Harshika","00:00:12","2026-08-05 09:10:57","2026-08-05 09:11:58"
"Sinhala","0777606651","00:00:30","No answer","","RINGNOANSWER","Harshika","00:00:00","2026-08-05 09:12:03","2026-08-05 09:12:33"
"Sinhala","0777606651","00:01:03","Caller","1","COMPLETECALLER","Harshika","00:02:03","2026-08-05 09:12:03","2026-08-05 09:15:09"
"Sinhala","0750429785","00:00:30","No answer","","RINGNOANSWER","Harshika","00:00:00","2026-08-05 09:13:58","2026-08-05 09:15:40"
"Tamil","0759535313","00:02:11","Caller","2","COMPLETECALLER","Harshika","00:00:35","2026-08-05 09:23:32","2026-08-05 09:26:18"
"Sinhala","0765560008","00:03:21","Agent","2","COMPLETEAGENT","Harshika","00:01:34","2026-08-05 09:24:49","2026-08-05 09:29:44"
"Tamil","0740032684","00:02:01","Caller","1","COMPLETECALLER","Harshika","00:00:11","2026-08-05 09:34:57","2026-08-05 09:37:09"
"Tamil","0773241801","00:00:30","No answer","","RINGNOANSWER","Harshika","00:00:00","2026-08-05 09:43:45","2026-08-05 09:44:23"
"Sinhala","0770096237","00:00:01","No answer","","RINGNOANSWER","Harshika","00:00:00","2026-08-05 09:43:22","2026-08-05 09:44:25"
"Tamil","0773241801","00:00:01","No answer","","RINGNOANSWER","Harshika","00:00:00","2026-08-05 09:43:45","2026-08-05 09:44:29"
"Sinhala","0770096237","00:00:00","No answer","","RINGNOANSWER","Harshika","00:00:00","2026-08-05 09:43:22","2026-08-05 09:44:30"
"Tamil","0773241801","00:00:00","No answer","","RINGNOANSWER","Harshika","00:00:00","2026-08-05 09:43:45","2026-08-05 09:44:34"
"Sinhala","0770096237","00:00:00","No answer","","RINGNOANSWER","Harshika","00:00:00","2026-08-05 09:43:22","2026-08-05 09:44:35"
"Tamil","0773241801","00:00:00","No answer","","RINGNOANSWER","Harshika","00:00:00","2026-08-05 09:43:45","2026-08-05 09:44:39"
"Sinhala","0770096237","00:00:01","No answer","","RINGNOANSWER","Harshika","00:00:00","2026-08-05 09:43:22","2026-08-05 09:44:41"
"Tamil","0773241801","00:00:01","No answer","","RINGNOANSWER","Harshika","00:00:00","2026-08-05 09:43:45","2026-08-05 09:44:45"
"Sinhala","0770096237","00:00:00","No answer","","RINGNOANSWER","Harshika","00:00:00","2026-08-05 09:43:22","2026-08-05 09:44:46"
"Tamil","0773241801","00:00:00","No answer","","RINGNOANSWER","Harshika","00:00:00","2026-08-05 09:43:45","2026-08-05 09:44:50"
"Sinhala","0770096237","00:00:01","No answer","","RINGNOANSWER","Harshika","00:00:00","2026-08-05 09:43:22","2026-08-05 09:44:52"
"Sinhala","0770096237","00:00:00","No answer","","RINGNOANSWER","Harshika","00:00:00","2026-08-05 09:43:22","2026-08-05 09:44:57"
"Sinhala","0770096237","00:00:00","No answer","","RINGNOANSWER","Harshika","00:00:00","2026-08-05 09:43:22","2026-08-05 09:45:02"
"Sinhala","0770096237","00:00:01","No answer","","RINGNOANSWER","Harshika","00:00:00","2026-08-05 09:43:22","2026-08-05 09:45:08"
"Sinhala","0770096237","00:00:00","No answer","","RINGNOANSWER","Harshika","00:00:00","2026-08-05 09:43:22","2026-08-05 09:45:13"
"Sinhala","0770096237","00:00:01","No answer","","RINGNOANSWER","Harshika","00:00:00","2026-08-05 09:43:22","2026-08-05 09:45:19"
"Sinhala","0770096237","00:00:00","No answer","","RINGNOANSWER","Harshika","00:00:00","2026-08-05 09:43:22","2026-08-05 09:45:24"
"Sinhala","0770096237","00:00:01","No answer","","RINGNOANSWER","Harshika","00:00:00","2026-08-05 09:43:22","2026-08-05 09:45:30"
"Sinhala","0770096237","00:00:00","No answer","","RINGNOANSWER","Harshika","00:00:00","2026-08-05 09:43:22","2026-08-05 09:45:35"
"Sinhala","0770096237","00:00:00","No answer","","RINGNOANSWER","Harshika","00:00:00","2026-08-05 09:43:22","2026-08-05 09:45:40"
"Sinhala","0701372107","00:00:00","No answer","","RINGNOANSWER","Harshika","00:00:00","2026-08-05 09:43:50","2026-08-05 09:45:46"
"Sinhala","0701372107","00:00:00","No answer","","RINGNOANSWER","Harshika","00:00:00","2026-08-05 09:43:50","2026-08-05 09:45:51"
"Sinhala","0701372107","00:00:01","No answer","","RINGNOANSWER","Harshika","00:00:00","2026-08-05 09:43:50","2026-08-05 09:45:57"
"Sinhala","0701372107","00:00:01","No answer","","RINGNOANSWER","Harshika","00:00:00","2026-08-05 09:43:50","2026-08-05 09:46:03"
"Sinhala","0701372107","00:00:00","No answer","","RINGNOANSWER","Harshika","00:00:00","2026-08-05 09:43:50","2026-08-05 09:46:08"
"Sinhala","0701372107","00:00:01","No answer","","RINGNOANSWER","Harshika","00:00:00","2026-08-05 09:43:50","2026-08-05 09:46:14"
"Sinhala","0701372107","00:00:00","No answer","","RINGNOANSWER","Harshika","00:00:00","2026-08-05 09:43:50","2026-08-05 09:46:21"
"Sinhala","0701372107","00:00:01","No answer","","RINGNOANSWER","Harshika","00:00:00","2026-08-05 09:43:50","2026-08-05 09:46:27"
"Sinhala","0701372107","00:00:00","No answer","","RINGNOANSWER","Harshika","00:00:00","2026-08-05 09:43:50","2026-08-05 09:46:32"
"Sinhala","0701372107","00:00:01","No answer","","RINGNOANSWER","Harshika","00:00:00","2026-08-05 09:43:50","2026-08-05 09:46:38"
"Sinhala","0701372107","00:00:00","No answer","","RINGNOANSWER","Harshika","00:00:00","2026-08-05 09:43:50","2026-08-05 09:46:43"
"Sinhala","0701372107","00:00:00","No answer","","RINGNOANSWER","Harshika","00:00:00","2026-08-05 09:43:50","2026-08-05 09:46:48"
"Sinhala","0701372107","00:00:01","No answer","","RINGNOANSWER","Harshika","00:00:00","2026-08-05 09:43:50","2026-08-05 09:46:57"
"Sinhala","0701372107","00:00:00","No answer","","RINGNOANSWER","Harshika","00:00:00","2026-08-05 09:43:50","2026-08-05 09:47:02"
"Sinhala","0701372107","00:00:00","No answer","","RINGNOANSWER","Harshika","00:00:00","2026-08-05 09:43:50","2026-08-05 09:47:07"
"Sinhala","0701372107","00:00:01","No answer","","RINGNOANSWER","Harshika","00:00:00","2026-08-05 09:43:50","2026-08-05 09:47:13"
"Sinhala","0778353915","00:00:00","No answer","","RINGNOANSWER","Harshika","00:00:00","2026-08-05 09:46:01","2026-08-05 09:47:18"
"Sinhala","0778353915","00:00:00","No answer","","RINGNOANSWER","Harshika","00:00:00","2026-08-05 09:46:01","2026-08-05 09:47:23"
"Sinhala","0778353915","00:00:01","No answer","","RINGNOANSWER","Harshika","00:00:00","2026-08-05 09:46:01","2026-08-05 09:47:32"
"Sinhala","0770096237","00:00:00","No answer","","RINGNOANSWER","Harshika","00:00:00","2026-08-05 09:47:54","2026-08-05 09:47:54"
"Sinhala","0770096237","00:00:00","No answer","","RINGNOANSWER","Harshika","00:00:00","2026-08-05 09:47:54","2026-08-05 09:47:59"
"Sinhala","0770096237","00:00:01","No answer","","RINGNOANSWER","Harshika","00:00:00","2026-08-05 09:47:54","2026-08-05 09:48:05"
"Sinhala","0779654307","00:00:00","No answer","","RINGNOANSWER","Harshika","00:00:00","2026-08-05 09:49:12","2026-08-05 09:49:12"
"Sinhala","0779654307","00:00:01","No answer","","RINGNOANSWER","Harshika","00:00:00","2026-08-05 09:49:12","2026-08-05 09:49:18"
"Sinhala","0779654307","00:00:00","No answer","","RINGNOANSWER","Harshika","00:00:00","2026-08-05 09:49:12","2026-08-05 09:49:23"
"Sinhala","0779654307","00:00:01","No answer","","RINGNOANSWER","Harshika","00:00:00","2026-08-05 09:49:12","2026-08-05 09:49:29"
"Sinhala","0779654307","00:00:00","No answer","","RINGNOANSWER","Harshika","00:00:00","2026-08-05 09:49:12","2026-08-05 09:49:34"
"Sinhala","0779654307","00:00:01","No answer","","RINGNOANSWER","Harshika","00:00:00","2026-08-05 09:49:12","2026-08-05 09:49:45"
"Sinhala","0779654307","00:00:00","No answer","","RINGNOANSWER","Harshika","00:00:00","2026-08-05 09:49:12","2026-08-05 09:49:50"
"Sinhala","0779654307","00:00:00","No answer","","RINGNOANSWER","Harshika","00:00:00","2026-08-05 09:49:12","2026-08-05 09:49:55"
"Sinhala","0779654307","00:00:01","No answer","","RINGNOANSWER","Harshika","00:00:00","2026-08-05 09:49:12","2026-08-05 09:50:01"
"Sinhala","0779654307","00:00:00","No answer","","RINGNOANSWER","Harshika","00:00:00","2026-08-05 09:49:12","2026-08-05 09:50:06"
"Sinhala","0779654307","00:00:01","No answer","","RINGNOANSWER","Harshika","00:00:00","2026-08-05 09:49:12","2026-08-05 09:50:12"
"Sinhala","0781107279","00:00:00","No answer","","RINGNOANSWER","Harshika","00:00:00","2026-08-05 09:51:20","2026-08-05 09:51:20"
"Sinhala","0770096237","00:00:00","No answer","","RINGNOANSWER","Harshika","00:00:00","2026-08-05 09:51:54","2026-08-05 09:51:54"
"Sinhala","0770096237","00:00:01","No answer","","RINGNOANSWER","Harshika","00:00:00","2026-08-05 09:51:54","2026-08-05 09:52:01"
"Sinhala","0770096237","00:00:00","No answer","","RINGNOANSWER","Harshika","00:00:00","2026-08-05 09:51:54","2026-08-05 09:52:06"
"Sinhala","0770096237","00:00:00","No answer","","RINGNOANSWER","Harshika","00:00:00","2026-08-05 09:51:54","2026-08-05 09:52:11"
"Tamil","0725518575","00:00:00","No answer","","RINGNOANSWER","Harshika","00:00:00","2026-08-05 09:52:50","2026-08-05 09:52:50"
"Tamil","0725518575","00:00:00","No answer","","RINGNOANSWER","Harshika","00:00:00","2026-08-05 09:52:50","2026-08-05 09:52:55"
"Tamil","0725518575","00:00:00","No answer","","RINGNOANSWER","Harshika","00:00:00","2026-08-05 09:52:50","2026-08-05 09:53:30"
"Tamil","0725518575","00:00:01","No answer","","RINGNOANSWER","Harshika","00:00:00","2026-08-05 09:55:41","2026-08-05 09:55:42"
"Sinhala","0711879722","00:01:46","Caller","2","COMPLETECALLER","Harshika","00:00:08","2026-08-05 09:59:17","2026-08-05 10:01:11"
"Sinhala","0777590673","00:00:30","No answer","","RINGNOANSWER","Harshika","00:00:00","2026-08-05 10:00:17","2026-08-05 10:01:42"
"Sinhala","0778383440","00:00:30","No answer","","RINGNOANSWER","Harshika","00:00:00","2026-08-05 10:02:58","2026-08-05 10:03:55"
"Sinhala","0778383440","00:00:30","No answer","","RINGNOANSWER","Harshika","00:00:00","2026-08-05 10:02:58","2026-08-05 10:04:30"
"Sinhala","0777590673","00:00:30","No answer","","RINGNOANSWER","Harshika","00:00:00","2026-08-05 10:04:57","2026-08-05 10:05:32"
"Sinhala","0777590673","00:00:30","No answer","","RINGNOANSWER","Harshika","00:00:00","2026-08-05 10:04:57","2026-08-05 10:07:05"
"Sinhala","0777590673","00:00:30","No answer","","RINGNOANSWER","Harshika","00:00:00","2026-08-05 10:07:53","2026-08-05 10:09:10"
"Sinhala","0786230242","00:00:30","No answer","","RINGNOANSWER","Harshika","00:00:00","2026-08-05 10:17:53","2026-08-05 10:19:20"
"Sinhala","0775144447","00:00:30","No answer","","RINGNOANSWER","Harshika","00:00:00","2026-08-05 10:22:39","2026-08-05 10:24:01"
"Tamil","0761284694","00:00:30","No answer","","RINGNOANSWER","Harshika","00:00:00","2026-08-05 10:21:11","2026-08-05 10:24:31"
"Tamil","0761284694","00:00:30","No answer","","RINGNOANSWER","Harshika","00:00:00","2026-08-05 10:21:11","2026-08-05 10:25:43"
"Sinhala","0777327520","00:00:30","No answer","","RINGNOANSWER","Harshika","00:00:00","2026-08-05 10:27:03","2026-08-05 10:27:34"
"Sinhala","0777311743","00:00:30","No answer","","RINGNOANSWER","Harshika","00:00:00","2026-08-05 10:28:23","2026-08-05 10:28:53"
"Sinhala","0775967578","00:00:30","No answer","","RINGNOANSWER","Harshika","00:00:00","2026-08-05 10:29:56","2026-08-05 10:31:02"
"Sinhala","0775967578","00:00:30","No answer","","RINGNOANSWER","Harshika","00:00:00","2026-08-05 10:29:56","2026-08-05 10:31:55"
"Sinhala","0775967578","00:00:30","No answer","","RINGNOANSWER","Harshika","00:00:00","2026-08-05 10:29:56","2026-08-05 10:32:30"
"Sinhala","0779063855","00:00:30","No answer","","RINGNOANSWER","Harshika","00:00:00","2026-08-05 10:30:56","2026-08-05 10:33:32"
"Sinhala","0717706707","00:00:30","No answer","","RINGNOANSWER","Harshika","00:00:00","2026-08-05 10:34:42","2026-08-05 10:36:01"
"Sinhala","0767129144","00:00:30","No answer","","RINGNOANSWER","Harshika","00:00:00","2026-08-05 10:36:02","2026-08-05 10:36:53"
"Sinhala","0767129144","00:00:30","No answer","","RINGNOANSWER","Harshika","00:00:00","2026-08-05 10:36:02","2026-08-05 10:37:29"
"Sinhala","0779317245","00:00:30","No answer","","RINGNOANSWER","Harshika","00:00:00","2026-08-05 10:38:34","2026-08-05 10:39:04"
"Sinhala","0779317245","00:00:30","No answer","","RINGNOANSWER","Harshika","00:00:00","2026-08-05 10:38:34","2026-08-05 10:39:59"
"Sinhala","0763453535","00:00:30","No answer","","RINGNOANSWER","Harshika","00:00:00","2026-08-05 10:47:37","2026-08-05 10:48:07"
"Sinhala","0765796591","00:00:30","No answer","","RINGNOANSWER","Harshika","00:00:00","2026-08-05 10:48:22","2026-08-05 10:49:22"
"Sinhala","0777311743","00:00:56","Caller","4","COMPLETECALLER","Harshika","00:00:58","2026-08-05 10:52:42","2026-08-05 10:54:36"
"Sinhala","0778033275","00:02:14","Caller","3","COMPLETECALLER","Harshika","00:01:12","2026-08-05 11:01:49","2026-08-05 11:05:15"
"Sinhala","0779317245","00:00:30","No answer","","RINGNOANSWER","Harshika","00:00:00","2026-08-05 11:04:47","2026-08-05 11:05:51"
"Sinhala","0764071667","00:01:15","Agent","4","COMPLETEAGENT","Harshika","00:00:59","2026-08-05 11:12:00","2026-08-05 11:14:14"
"Sinhala","0765796591","00:00:30","No answer","","RINGNOANSWER","Harshika","00:00:00","2026-08-05 11:18:30","2026-08-05 11:20:35"
"Tamil","0760015153","00:02:08","Caller","1","COMPLETECALLER","Harshika","00:03:42","2026-08-05 11:19:30","2026-08-05 11:25:20"
"Sinhala","0779317245","00:04:54","Agent","1","COMPLETEAGENT","Harshika","00:00:03","2026-08-05 11:38:52","2026-08-05 11:43:49"
"Tamil","0755877099","00:00:30","No answer","","RINGNOANSWER","Harshika","00:00:00","2026-08-05 11:43:55","2026-08-05 11:44:25"
"Sinhala","0785983627","00:02:53","Agent","1","COMPLETEAGENT","Harshika","00:00:04","2026-08-05 11:53:08","2026-08-05 11:56:05"
"Sinhala","0779152797","00:02:18","Caller","1","COMPLETECALLER","Harshika","00:00:03","2026-08-05 12:05:14","2026-08-05 12:07:35"
"Sinhala","0777339382","00:00:30","No answer","","RINGNOANSWER","Harshika","00:00:00","2026-08-05 12:12:47","2026-08-05 12:13:17"
"Sinhala","0775295852","00:02:01","Caller","3","COMPLETECALLER","Harshika","00:01:50","2026-08-05 12:20:37","2026-08-05 12:24:28"
"Tamil","0777772627","00:00:30","No answer","","RINGNOANSWER","Harshika","00:00:00","2026-08-05 12:22:50","2026-08-05 12:24:58"
"Sinhala","0766003656","00:02:52","Agent","5","COMPLETEAGENT","Harshika","00:01:05","2026-08-05 12:29:03","2026-08-05 12:33:00"
"Sinhala","0760500831","00:00:30","No answer","","RINGNOANSWER","Harshika","00:00:00","2026-08-05 12:30:30","2026-08-05 12:33:30"
"Sinhala","0717607698","00:00:30","No answer","","RINGNOANSWER","Harshika","00:00:00","2026-08-05 12:32:35","2026-08-05 12:35:16"
"Sinhala","0712409718","00:02:35","Agent","2","COMPLETEAGENT","Harshika","00:00:03","2026-08-05 12:42:31","2026-08-05 12:45:09"
"Tamil","0768529684","00:00:30","No answer","","RINGNOANSWER","Harshika","00:00:00","2026-08-05 12:45:04","2026-08-05 12:45:40"
"Sinhala","0778067701","00:00:00","No answer","","RINGNOANSWER","Harshika","00:00:00","2026-08-05 12:55:41","2026-08-05 12:55:41"
"Tamil","0768529684","00:01:36","Agent","1","COMPLETEAGENT","Harshika","00:00:38","2026-08-05 12:56:14","2026-08-05 12:58:28"
"Sinhala","0779152797","00:01:28","Caller","2","COMPLETECALLER","Harshika","00:00:06","2026-08-05 13:02:41","2026-08-05 13:04:15"
"Sinhala","0713682850","00:00:30","No answer","","RINGNOANSWER","Harshika","00:00:00","2026-08-05 13:16:25","2026-08-05 13:16:57"
"Sinhala","0778303520","00:00:30","No answer","","RINGNOANSWER","Harshika","00:00:00","2026-08-05 13:18:18","2026-08-05 13:18:52"
"Tamil","0772336318","00:00:30","No answer","","RINGNOANSWER","Harshika","00:00:00","2026-08-05 13:24:07","2026-08-05 13:25:12"
"Tamil","0772336318","00:00:30","No answer","","RINGNOANSWER","Harshika","00:00:00","2026-08-05 13:25:43","2026-08-05 13:26:13"
"Tamil","0772336318","00:00:30","No answer","","RINGNOANSWER","Harshika","00:00:00","2026-08-05 13:25:43","2026-08-05 13:27:23"
"Sinhala","0779981622","00:00:30","No answer","","RINGNOANSWER","Harshika","00:00:00","2026-08-05 13:32:30","2026-08-05 13:35:55"
"Sinhala","0777606651","00:00:30","No answer","","RINGNOANSWER","Harshika","00:00:00","2026-08-05 13:36:22","2026-08-05 13:37:31"
"Sinhala","0765796591","00:00:30","No answer","","RINGNOANSWER","Harshika","00:00:00","2026-08-05 13:38:30","2026-08-05 13:40:15"
"Sinhala","0765796591","00:00:30","No answer","","RINGNOANSWER","Harshika","00:00:00","2026-08-05 13:38:30","2026-08-05 13:42:23"
"Sinhala","0765796591","00:00:30","No answer","","RINGNOANSWER","Harshika","00:00:00","2026-08-05 13:38:30","2026-08-05 13:42:58"
"Sinhala","0704545544","00:00:30","No answer","","RINGNOANSWER","Harshika","00:00:00","2026-08-05 13:49:07","2026-08-05 13:52:18"
"Tamil","0785877665","00:00:30","No answer","","RINGNOANSWER","Harshika","00:00:00","2026-08-05 13:49:43","2026-08-05 13:53:26"
"Sinhala","0777606651","00:00:30","No answer","","RINGNOANSWER","Harshika","00:00:00","2026-08-05 13:49:00","2026-08-05 13:53:59"
"Tamil","0785877665","00:00:00","No answer","","RINGNOANSWER","Harshika","00:00:00","2026-08-05 13:49:43","2026-08-05 13:54:00"
"Sinhala","0777606651","00:00:01","No answer","","RINGNOANSWER","Harshika","00:00:00","2026-08-05 13:49:00","2026-08-05 13:54:05"
"Tamil","0785877665","00:00:01","No answer","","RINGNOANSWER","Harshika","00:00:00","2026-08-05 13:49:43","2026-08-05 13:54:06"
"Sinhala","0777606651","00:00:00","No answer","","RINGNOANSWER","Harshika","00:00:00","2026-08-05 13:49:00","2026-08-05 13:54:10"
"Tamil","0785877665","00:00:00","No answer","","RINGNOANSWER","Harshika","00:00:00","2026-08-05 13:49:43","2026-08-05 13:54:11"
"Sinhala","0777606651","00:00:01","No answer","","RINGNOANSWER","Harshika","00:00:00","2026-08-05 13:49:00","2026-08-05 13:54:16"
"Tamil","0785877665","00:00:01","No answer","","RINGNOANSWER","Harshika","00:00:00","2026-08-05 13:49:43","2026-08-05 13:54:17"
"Sinhala","0777606651","00:00:00","No answer","","RINGNOANSWER","Harshika","00:00:00","2026-08-05 13:49:00","2026-08-05 13:54:21"
"Tamil","0785877665","00:00:00","No answer","","RINGNOANSWER","Harshika","00:00:00","2026-08-05 13:49:43","2026-08-05 13:54:22"
"Sinhala","0777606651","00:00:01","No answer","","RINGNOANSWER","Harshika","00:00:00","2026-08-05 13:49:00","2026-08-05 13:54:27"
"Tamil","0785877665","00:00:01","No answer","","RINGNOANSWER","Harshika","00:00:00","2026-08-05 13:49:43","2026-08-05 13:54:28"
"Sinhala","0777606651","00:00:01","No answer","","RINGNOANSWER","Harshika","00:00:00","2026-08-05 13:49:00","2026-08-05 13:54:33"
"Tamil","0785877665","00:00:00","No answer","","RINGNOANSWER","Harshika","00:00:00","2026-08-05 13:49:43","2026-08-05 13:54:38"
"Tamil","0785877665","00:00:01","No answer","","RINGNOANSWER","Harshika","00:00:00","2026-08-05 13:49:43","2026-08-05 13:54:44"
"Sinhala","0714267578","00:00:00","No answer","","RINGNOANSWER","Harshika","00:00:00","2026-08-05 13:54:01","2026-08-05 13:54:44"
"Tamil","0785877665","00:00:00","No answer","","RINGNOANSWER","Harshika","00:00:00","2026-08-05 13:49:43","2026-08-05 13:54:49"
"Sinhala","0777606651","00:00:00","No answer","","RINGNOANSWER","Harshika","00:00:00","2026-08-05 13:49:00","2026-08-05 13:54:55"
"Sinhala","0777606651","00:00:01","No answer","","RINGNOANSWER","Harshika","00:00:00","2026-08-05 13:49:00","2026-08-05 13:55:01"
"Sinhala","0777606651","00:00:01","No answer","","RINGNOANSWER","Harshika","00:00:00","2026-08-05 13:49:00","2026-08-05 13:55:07"
"Sinhala","0777606651","00:00:00","No answer","","RINGNOANSWER","Harshika","00:00:00","2026-08-05 13:49:00","2026-08-05 13:55:12"
"Sinhala","0714267578","00:00:01","No answer","","RINGNOANSWER","Harshika","00:00:00","2026-08-05 13:54:01","2026-08-05 13:55:13"
"Sinhala","0777606651","00:00:00","No answer","","RINGNOANSWER","Harshika","00:00:00","2026-08-05 13:49:00","2026-08-05 13:55:18"
"Tamil","0785877665","00:00:01","No answer","","RINGNOANSWER","Harshika","00:00:00","2026-08-05 13:49:43","2026-08-05 13:55:25"
"Sinhala","0714267578","00:00:01","No answer","","RINGNOANSWER","Harshika","00:00:00","2026-08-05 13:54:01","2026-08-05 13:55:30"
"Sinhala","0714267578","00:00:01","No answer","","RINGNOANSWER","Harshika","00:00:00","2026-08-05 13:54:01","2026-08-05 13:55:36"
"Sinhala","0714267578","00:00:00","No answer","","RINGNOANSWER","Harshika","00:00:00","2026-08-05 13:54:01","2026-08-05 13:55:41"
"Sinhala","0714267578","00:00:01","No answer","","RINGNOANSWER","Harshika","00:00:00","2026-08-05 13:54:01","2026-08-05 13:55:47"
"Sinhala","0714267578","00:00:00","No answer","","RINGNOANSWER","Harshika","00:00:00","2026-08-05 13:54:01","2026-08-05 13:55:52"
"Sinhala","0714267578","00:00:01","No answer","","RINGNOANSWER","Harshika","00:00:00","2026-08-05 13:54:01","2026-08-05 13:55:59"
"Sinhala","0714267578","00:00:00","No answer","","RINGNOANSWER","Harshika","00:00:00","2026-08-05 13:54:01","2026-08-05 13:56:04"
"Sinhala","0714267578","00:00:01","No answer","","RINGNOANSWER","Harshika","00:00:00","2026-08-05 13:54:01","2026-08-05 13:56:10"
"Sinhala","0714267578","00:00:01","No answer","","RINGNOANSWER","Harshika","00:00:00","2026-08-05 13:54:01","2026-08-05 13:56:16"
"Sinhala","0714267578","00:00:00","No answer","","RINGNOANSWER","Harshika","00:00:00","2026-08-05 13:54:01","2026-08-05 13:56:21"
"Sinhala","0714267578","00:00:01","No answer","","RINGNOANSWER","Harshika","00:00:00","2026-08-05 13:54:01","2026-08-05 13:56:27"
"Sinhala","0714267578","00:00:00","No answer","","RINGNOANSWER","Harshika","00:00:00","2026-08-05 13:54:01","2026-08-05 13:56:34"
"Sinhala","0714267578","00:00:01","No answer","","RINGNOANSWER","Harshika","00:00:00","2026-08-05 13:54:01","2026-08-05 13:56:40"
"Sinhala","0714267578","00:00:00","No answer","","RINGNOANSWER","Harshika","00:00:00","2026-08-05 13:54:01","2026-08-05 13:56:45"
"Sinhala","0714267578","00:00:01","No answer","","RINGNOANSWER","Harshika","00:00:00","2026-08-05 13:54:01","2026-08-05 13:56:51"
"Sinhala","0714267578","00:00:01","No answer","","RINGNOANSWER","Harshika","00:00:00","2026-08-05 13:54:01","2026-08-05 13:56:57"
"Sinhala","0713411551","00:00:00","No answer","","RINGNOANSWER","Harshika","00:00:00","2026-08-05 13:55:02","2026-08-05 13:56:57"
"Sinhala","0714267578","00:00:00","No answer","","RINGNOANSWER","Harshika","00:00:00","2026-08-05 13:54:01","2026-08-05 13:57:02"
"Sinhala","0713411551","00:00:01","No answer","","RINGNOANSWER","Harshika","00:00:00","2026-08-05 13:55:02","2026-08-05 13:57:03"
"Sinhala","0714267578","00:00:01","No answer","","RINGNOANSWER","Harshika","00:00:00","2026-08-05 13:54:01","2026-08-05 13:57:09"
"Sinhala","0714267578","00:00:01","No answer","","RINGNOANSWER","Harshika","00:00:00","2026-08-05 13:54:01","2026-08-05 13:57:15"
"Sinhala","0714267578","00:00:00","No answer","","RINGNOANSWER","Harshika","00:00:00","2026-08-05 13:54:01","2026-08-05 13:57:20"
"Sinhala","0714267578","00:00:00","No answer","","RINGNOANSWER","Harshika","00:00:00","2026-08-05 13:54:01","2026-08-05 13:57:26"
"Sinhala","0714267578","00:00:01","No answer","","RINGNOANSWER","Harshika","00:00:00","2026-08-05 13:54:01","2026-08-05 13:57:32"
"Sinhala","0714267578","00:00:00","No answer","","RINGNOANSWER","Harshika","00:00:00","2026-08-05 13:54:01","2026-08-05 13:57:37"
"Sinhala","0714267578","00:00:01","No answer","","RINGNOANSWER","Harshika","00:00:00","2026-08-05 13:54:01","2026-08-05 13:57:44"
"Sinhala","0714267578","00:00:00","No answer","","RINGNOANSWER","Harshika","00:00:00","2026-08-05 13:54:01","2026-08-05 13:57:49"
"Sinhala","0714267578","00:00:01","No answer","","RINGNOANSWER","Harshika","00:00:00","2026-08-05 13:54:01","2026-08-05 13:57:55"
"Sinhala","0714267578","00:00:00","No answer","","RINGNOANSWER","Harshika","00:00:00","2026-08-05 13:54:01","2026-08-05 13:58:00"
"Sinhala","0714267578","00:00:01","No answer","","RINGNOANSWER","Harshika","00:00:00","2026-08-05 13:54:01","2026-08-05 13:58:07"
"Sinhala","0714267578","00:00:00","No answer","","RINGNOANSWER","Harshika","00:00:00","2026-08-05 13:54:01","2026-08-05 13:58:12"
"Sinhala","0714267578","00:00:01","No answer","","RINGNOANSWER","Harshika","00:00:00","2026-08-05 13:54:01","2026-08-05 13:58:19"
"Sinhala","0714267578","00:00:01","No answer","","RINGNOANSWER","Harshika","00:00:00","2026-08-05 13:54:01","2026-08-05 13:58:25"
"Sinhala","0714267578","00:00:00","No answer","","RINGNOANSWER","Harshika","00:00:00","2026-08-05 13:54:01","2026-08-05 13:58:30"
"Sinhala","0714267578","00:00:00","No answer","","RINGNOANSWER","Harshika","00:00:00","2026-08-05 13:54:01","2026-08-05 13:58:36"
"Sinhala","0714267578","00:00:01","No answer","","RINGNOANSWER","Harshika","00:00:00","2026-08-05 13:54:01","2026-08-05 13:58:42"
"Sinhala","0713411551","00:00:01","No answer","","RINGNOANSWER","Harshika","00:00:00","2026-08-05 13:55:02","2026-08-05 13:58:43"
"Sinhala","0714267578","00:00:01","No answer","","RINGNOANSWER","Harshika","00:00:00","2026-08-05 13:54:01","2026-08-05 13:58:48"
"Sinhala","0714267578","00:00:00","No answer","","RINGNOANSWER","Harshika","00:00:00","2026-08-05 13:54:01","2026-08-05 13:58:54"
"Sinhala","0714267578","00:00:01","No answer","","RINGNOANSWER","Harshika","00:00:00","2026-08-05 13:54:01","2026-08-05 13:59:00"
"Sinhala","0714267578","00:00:01","No answer","","RINGNOANSWER","Harshika","00:00:00","2026-08-05 13:54:01","2026-08-05 13:59:06"
"Sinhala","0714267578","00:00:00","No answer","","RINGNOANSWER","Harshika","00:00:00","2026-08-05 13:54:01","2026-08-05 13:59:11"
"Sinhala","0714267578","00:00:01","No answer","","RINGNOANSWER","Harshika","00:00:00","2026-08-05 13:54:01","2026-08-05 13:59:17"
"Sinhala","0713411551","00:00:00","No answer","","RINGNOANSWER","Harshika","00:00:00","2026-08-05 13:55:02","2026-08-05 13:59:22"
"Sinhala","0713411551","00:00:01","No answer","","RINGNOANSWER","Harshika","00:00:00","2026-08-05 13:55:02","2026-08-05 13:59:28"
"Sinhala","0713411551","00:00:00","No answer","","RINGNOANSWER","Harshika","00:00:00","2026-08-05 13:55:02","2026-08-05 13:59:33"
"Sinhala","0775967578","00:00:01","No answer","","RINGNOANSWER","Harshika","00:00:00","2026-08-05 13:58:53","2026-08-05 13:59:34"
"Sinhala","0713411551","00:00:01","No answer","","RINGNOANSWER","Harshika","00:00:00","2026-08-05 13:55:02","2026-08-05 13:59:39"
"Sinhala","0713411551","00:00:00","No answer","","RINGNOANSWER","Harshika","00:00:00","2026-08-05 13:55:02","2026-08-05 13:59:44"
"Sinhala","0713411551","00:00:00","No answer","","RINGNOANSWER","Harshika","00:00:00","2026-08-05 13:55:02","2026-08-05 13:59:50"
"Sinhala","0713411551","00:00:01","No answer","","RINGNOANSWER","Harshika","00:00:00","2026-08-05 13:55:02","2026-08-05 13:59:56"
"Sinhala","0713411551","00:00:00","No answer","","RINGNOANSWER","Harshika","00:00:00","2026-08-05 13:55:02","2026-08-05 14:00:01"
"Sinhala","0713411551","00:00:00","No answer","","RINGNOANSWER","Harshika","00:00:00","2026-08-05 13:55:02","2026-08-05 14:00:07"
"Sinhala","0713411551","00:00:01","No answer","","RINGNOANSWER","Harshika","00:00:00","2026-08-05 13:55:02","2026-08-05 14:00:13"
"Sinhala","0775967578","00:00:01","No answer","","RINGNOANSWER","Harshika","00:00:00","2026-08-05 13:58:53","2026-08-05 14:00:19"
"Sinhala","0775967578","00:00:00","No answer","","RINGNOANSWER","Harshika","00:00:00","2026-08-05 13:58:53","2026-08-05 14:00:24"
"Sinhala","0775967578","00:00:01","No answer","","RINGNOANSWER","Harshika","00:00:00","2026-08-05 13:58:53","2026-08-05 14:00:30"
"Sinhala","0714267578","00:00:01","No answer","","RINGNOANSWER","Harshika","00:00:00","2026-08-05 13:59:45","2026-08-05 14:00:31"
"Sinhala","0775967578","00:00:01","No answer","","RINGNOANSWER","Harshika","00:00:00","2026-08-05 13:58:53","2026-08-05 14:00:36"
"Sinhala","0775967578","00:00:00","No answer","","RINGNOANSWER","Harshika","00:00:00","2026-08-05 13:58:53","2026-08-05 14:00:41"
"Sinhala","0775967578","00:00:01","No answer","","RINGNOANSWER","Harshika","00:00:00","2026-08-05 13:58:53","2026-08-05 14:00:47"
"Sinhala","0775967578","00:00:00","No answer","","RINGNOANSWER","Harshika","00:00:00","2026-08-05 13:58:53","2026-08-05 14:00:54"
"Sinhala","0775967578","00:00:01","No answer","","RINGNOANSWER","Harshika","00:00:00","2026-08-05 13:58:53","2026-08-05 14:01:00"
"Sinhala","0775967578","00:00:04","No answer","","RINGNOANSWER","Harshika","00:00:00","2026-08-05 13:58:53","2026-08-05 14:01:09"
"Sinhala","0775967578","00:00:01","No answer","","RINGNOANSWER","Harshika","00:00:00","2026-08-05 13:58:53","2026-08-05 14:01:15"
"Sinhala","0775967578","00:00:01","No answer","","RINGNOANSWER","Harshika","00:00:00","2026-08-05 13:58:53","2026-08-05 14:01:21"
"Sinhala","0775967578","00:00:07","No answer","","RINGNOANSWER","Harshika","00:00:00","2026-08-05 13:58:53","2026-08-05 14:01:36"
"Sinhala","0775967578","00:00:02","No answer","","RINGNOANSWER","Harshika","00:00:00","2026-08-05 13:58:53","2026-08-05 14:01:40"
"Sinhala","0714267578","00:00:00","No answer","","RINGNOANSWER","Harshika","00:00:00","2026-08-05 13:59:45","2026-08-05 14:01:46"
"Sinhala","0714267578","00:00:01","No answer","","RINGNOANSWER","Harshika","00:00:00","2026-08-05 13:59:45","2026-08-05 14:01:52"
"Sinhala","0716150741","00:00:01","No answer","","RINGNOANSWER","Harshika","00:00:00","2026-08-05 14:01:48","2026-08-05 14:01:57"
"Sinhala","0716150741","00:00:00","No answer","","RINGNOANSWER","Harshika","00:00:00","2026-08-05 14:01:48","2026-08-05 14:02:04"
"Sinhala","0716150741","00:00:01","No answer","","RINGNOANSWER","Harshika","00:00:00","2026-08-05 14:01:48","2026-08-05 14:02:10"
"Sinhala","0716150741","00:00:01","No answer","","RINGNOANSWER","Harshika","00:00:00","2026-08-05 14:01:48","2026-08-05 14:02:16"
"Sinhala","0716150741","00:00:00","No answer","","RINGNOANSWER","Harshika","00:00:00","2026-08-05 14:01:48","2026-08-05 14:02:21"
"Sinhala","0716150741","00:00:01","No answer","","RINGNOANSWER","Harshika","00:00:00","2026-08-05 14:01:48","2026-08-05 14:02:27"
"Sinhala","0716150741","00:00:01","No answer","","RINGNOANSWER","Harshika","00:00:00","2026-08-05 14:01:48","2026-08-05 14:02:33"
"Sinhala","0716150741","00:00:01","No answer","","RINGNOANSWER","Harshika","00:00:00","2026-08-05 14:01:48","2026-08-05 14:02:40"
"Sinhala","0716150741","00:00:00","No answer","","RINGNOANSWER","Harshika","00:00:00","2026-08-05 14:01:48","2026-08-05 14:02:45"
"Sinhala","0716150741","00:00:01","No answer","","RINGNOANSWER","Harshika","00:00:00","2026-08-05 14:01:48","2026-08-05 14:02:51"
"Sinhala","0716150741","00:00:00","No answer","","RINGNOANSWER","Harshika","00:00:00","2026-08-05 14:01:48","2026-08-05 14:02:56"
"Sinhala","0716150741","00:00:01","No answer","","RINGNOANSWER","Harshika","00:00:00","2026-08-05 14:01:48","2026-08-05 14:03:02"
"Sinhala","0716150741","00:00:01","No answer","","RINGNOANSWER","Harshika","00:00:00","2026-08-05 14:01:48","2026-08-05 14:03:08"
"Sinhala","0773942147","00:00:01","No answer","","RINGNOANSWER","Harshika","00:00:00","2026-08-05 14:05:03","2026-08-05 14:05:04"
"Sinhala","0773942147","00:00:00","No answer","","RINGNOANSWER","Harshika","00:00:00","2026-08-05 14:05:03","2026-08-05 14:05:09"
"Sinhala","0773942147","00:00:01","No answer","","RINGNOANSWER","Harshika","00:00:00","2026-08-05 14:05:03","2026-08-05 14:05:15"
"Sinhala","0773942147","00:00:01","No answer","","RINGNOANSWER","Harshika","00:00:00","2026-08-05 14:05:03","2026-08-05 14:05:21"
"Sinhala","0714267578","00:00:00","No answer","","RINGNOANSWER","Harshika","00:00:00","2026-08-05 14:05:18","2026-08-05 14:05:21"
"Sinhala","0773942147","00:00:00","No answer","","RINGNOANSWER","Harshika","00:00:00","2026-08-05 14:05:03","2026-08-05 14:05:26"
"Sinhala","0714267578","00:00:01","No answer","","RINGNOANSWER","Harshika","00:00:00","2026-08-05 14:05:18","2026-08-05 14:05:27"
"Sinhala","0773942147","00:00:00","No answer","","RINGNOANSWER","Harshika","00:00:00","2026-08-05 14:05:03","2026-08-05 14:05:34"
"Sinhala","0773942147","00:00:01","No answer","","RINGNOANSWER","Harshika","00:00:00","2026-08-05 14:05:03","2026-08-05 14:05:40"
"Sinhala","0773942147","00:00:00","No answer","","RINGNOANSWER","Harshika","00:00:00","2026-08-05 14:05:03","2026-08-05 14:05:45"
"Sinhala","0773942147","00:00:01","No answer","","RINGNOANSWER","Harshika","00:00:00","2026-08-05 14:05:03","2026-08-05 14:05:51"
"Sinhala","0773942147","00:00:00","No answer","","RINGNOANSWER","Harshika","00:00:00","2026-08-05 14:05:03","2026-08-05 14:05:56"
"Sinhala","0773942147","00:00:01","No answer","","RINGNOANSWER","Harshika","00:00:00","2026-08-05 14:05:03","2026-08-05 14:06:02"
"Sinhala","0773942147","00:00:00","No answer","","RINGNOANSWER","Harshika","00:00:00","2026-08-05 14:05:03","2026-08-05 14:06:09"
"Sinhala","0773942147","00:00:01","No answer","","RINGNOANSWER","Harshika","00:00:00","2026-08-05 14:05:03","2026-08-05 14:06:15"
"Sinhala","0773942147","00:00:01","No answer","","RINGNOANSWER","Harshika","00:00:00","2026-08-05 14:05:03","2026-08-05 14:06:21"
"Sinhala","0773942147","00:00:00","No answer","","RINGNOANSWER","Harshika","00:00:00","2026-08-05 14:05:03","2026-08-05 14:06:26"
"Sinhala","0773942147","00:00:00","No answer","","RINGNOANSWER","Harshika","00:00:00","2026-08-05 14:05:03","2026-08-05 14:06:31"
"Sinhala","0773942147","00:00:00","No answer","","RINGNOANSWER","Harshika","00:00:00","2026-08-05 14:05:03","2026-08-05 14:06:37"
"Sinhala","0773942147","00:00:00","No answer","","RINGNOANSWER","Harshika","00:00:00","2026-08-05 14:05:03","2026-08-05 14:06:44"
"Sinhala","0773942147","00:00:01","No answer","","RINGNOANSWER","Harshika","00:00:00","2026-08-05 14:05:03","2026-08-05 14:06:50"
"Tamil","0755242773","00:00:01","No answer","","RINGNOANSWER","Harshika","00:00:00","2026-08-05 14:06:54","2026-08-05 14:06:55"
"Sinhala","0773942147","00:00:00","No answer","","RINGNOANSWER","Harshika","00:00:00","2026-08-05 14:05:03","2026-08-05 14:06:55"
"Tamil","0755242773","00:00:00","No answer","","RINGNOANSWER","Harshika","00:00:00","2026-08-05 14:06:54","2026-08-05 14:07:00"
"Sinhala","0773942147","00:00:01","No answer","","RINGNOANSWER","Harshika","00:00:00","2026-08-05 14:05:03","2026-08-05 14:07:06"
"Tamil","0755242773","00:00:01","No answer","","RINGNOANSWER","Harshika","00:00:00","2026-08-05 14:06:54","2026-08-05 14:07:11"
"Tamil","0755242773","00:00:00","No answer","","RINGNOANSWER","Harshika","00:00:00","2026-08-05 14:06:54","2026-08-05 14:07:16"
"Tamil","0768529684","00:00:01","No answer","","RINGNOANSWER","Harshika","00:00:00","2026-08-05 14:07:01","2026-08-05 14:07:17"
"Sinhala","0713411551","00:00:01","No answer","","RINGNOANSWER","Harshika","00:00:00","2026-08-05 13:55:02","2026-08-05 14:07:19"
"Tamil","0768529684","00:00:00","No answer","","RINGNOANSWER","Harshika","00:00:00","2026-08-05 14:07:01","2026-08-05 14:07:22"
"Sinhala","0713411551","00:00:00","No answer","","RINGNOANSWER","Harshika","00:00:00","2026-08-05 13:55:02","2026-08-05 14:07:24"
"Tamil","0768529684","00:00:01","No answer","","RINGNOANSWER","Harshika","00:00:00","2026-08-05 14:07:01","2026-08-05 14:07:28"
"Sinhala","0713411551","00:00:01","No answer","","RINGNOANSWER","Harshika","00:00:00","2026-08-05 13:55:02","2026-08-05 14:07:30"
"Tamil","0768529684","00:00:00","No answer","","RINGNOANSWER","Harshika","00:00:00","2026-08-05 14:07:01","2026-08-05 14:07:33"
"Sinhala","0713411551","00:00:01","No answer","","RINGNOANSWER","Harshika","00:00:00","2026-08-05 13:55:02","2026-08-05 14:07:36"
"Tamil","0768529684","00:00:01","No answer","","RINGNOANSWER","Harshika","00:00:00","2026-08-05 14:07:01","2026-08-05 14:07:39"
"Sinhala","0713411551","00:00:00","No answer","","RINGNOANSWER","Harshika","00:00:00","2026-08-05 13:55:02","2026-08-05 14:07:41"
"Sinhala","0714267578","00:00:01","No answer","","RINGNOANSWER","Harshika","00:00:00","2026-08-05 14:05:18","2026-08-05 14:07:48"
"Tamil","0755242773","00:00:00","No answer","","RINGNOANSWER","Harshika","00:00:00","2026-08-05 14:06:54","2026-08-05 14:07:51"
"Sinhala","0714267578","00:00:00","No answer","","RINGNOANSWER","Harshika","00:00:00","2026-08-05 14:05:18","2026-08-05 14:07:53"
"Tamil","0755242773","00:00:01","No answer","","RINGNOANSWER","Harshika","00:00:00","2026-08-05 14:06:54","2026-08-05 14:07:57"
"Sinhala","0714267578","00:00:00","No answer","","RINGNOANSWER","Harshika","00:00:00","2026-08-05 14:05:18","2026-08-05 14:07:58"
"Tamil","0755242773","00:00:01","No answer","","RINGNOANSWER","Harshika","00:00:00","2026-08-05 14:06:54","2026-08-05 14:08:03"
"Sinhala","0714267578","00:00:01","No answer","","RINGNOANSWER","Harshika","00:00:00","2026-08-05 14:05:18","2026-08-05 14:08:04"
"Tamil","0755242773","00:00:00","No answer","","RINGNOANSWER","Harshika","00:00:00","2026-08-05 14:06:54","2026-08-05 14:08:08"
"Sinhala","0714267578","00:00:00","No answer","","RINGNOANSWER","Harshika","00:00:00","2026-08-05 14:05:18","2026-08-05 14:08:09"
"Tamil","0755242773","00:00:01","No answer","","RINGNOANSWER","Harshika","00:00:00","2026-08-05 14:06:54","2026-08-05 14:08:14"
"Sinhala","0714267578","00:00:01","No answer","","RINGNOANSWER","Harshika","00:00:00","2026-08-05 14:05:18","2026-08-05 14:08:15"
"Tamil","0755242773","00:00:00","No answer","","RINGNOANSWER","Harshika","00:00:00","2026-08-05 14:06:54","2026-08-05 14:08:19"
"Sinhala","0713411551","00:00:01","No answer","","RINGNOANSWER","Harshika","00:00:00","2026-08-05 13:55:02","2026-08-05 14:08:22"
"Sinhala","0713411551","00:00:00","No answer","","RINGNOANSWER","Harshika","00:00:00","2026-08-05 13:55:02","2026-08-05 14:08:27"
"Sinhala","0713411551","00:00:01","No answer","","RINGNOANSWER","Harshika","00:00:00","2026-08-05 13:55:02","2026-08-05 14:08:33"
"Sinhala","0713411551","00:00:00","No answer","","RINGNOANSWER","Harshika","00:00:00","2026-08-05 13:55:02","2026-08-05 14:08:38"
"Sinhala","0713411551","00:00:00","No answer","","RINGNOANSWER","Harshika","00:00:00","2026-08-05 13:55:02","2026-08-05 14:08:43"
"Sinhala","0713411551","00:00:01","No answer","","RINGNOANSWER","Harshika","00:00:00","2026-08-05 13:55:02","2026-08-05 14:08:49"
"Tamil","0755242773","00:00:00","No answer","","RINGNOANSWER","Harshika","00:00:00","2026-08-05 14:06:54","2026-08-05 14:08:54"
"Sinhala","0713411551","00:00:00","No answer","","RINGNOANSWER","Harshika","00:00:00","2026-08-05 13:55:02","2026-08-05 14:08:59"
"Tamil","0755242773","00:00:01","No answer","","RINGNOANSWER","Harshika","00:00:00","2026-08-05 14:06:54","2026-08-05 14:09:05"
"Tamil","0755242773","00:00:02","No answer","","RINGNOANSWER","Harshika","00:00:00","2026-08-05 14:06:54","2026-08-05 14:09:12"
"Tamil","0755242773","00:00:01","No answer","","RINGNOANSWER","Harshika","00:00:00","2026-08-05 14:06:54","2026-08-05 14:09:18"
"Tamil","0755242773","00:00:00","No answer","","RINGNOANSWER","Harshika","00:00:00","2026-08-05 14:06:54","2026-08-05 14:09:23"
"Sinhala","0714267578","00:00:00","No answer","","RINGNOANSWER","Harshika","00:00:00","2026-08-05 14:05:18","2026-08-05 14:09:24"
"Sinhala","0714267578","00:00:01","No answer","","RINGNOANSWER","Harshika","00:00:00","2026-08-05 14:05:18","2026-08-05 14:09:30"
"Sinhala","0714267578","00:00:00","No answer","","RINGNOANSWER","Harshika","00:00:00","2026-08-05 14:05:18","2026-08-05 14:09:35"
"Sinhala","0765910339","00:00:00","No answer","","RINGNOANSWER","Harshika","00:00:00","2026-08-05 14:10:55","2026-08-05 14:10:55"
"Sinhala","0765910339","00:00:01","No answer","","RINGNOANSWER","Harshika","00:00:00","2026-08-05 14:10:55","2026-08-05 14:11:01"
"Sinhala","0765910339","00:00:02","No answer","","RINGNOANSWER","Harshika","00:00:00","2026-08-05 14:10:55","2026-08-05 14:11:08"
"Sinhala","0765910339","00:00:01","No answer","","RINGNOANSWER","Harshika","00:00:00","2026-08-05 14:10:55","2026-08-05 14:11:14"
"Sinhala","0772973900","00:00:00","No answer","","RINGNOANSWER","Harshika","00:00:00","2026-08-05 14:11:07","2026-08-05 14:11:19"
"Sinhala","0772973900","00:00:01","No answer","","RINGNOANSWER","Harshika","00:00:00","2026-08-05 14:11:07","2026-08-05 14:11:25"
"Sinhala","0772973900","00:00:08","No answer","","RINGNOANSWER","Harshika","00:00:00","2026-08-05 14:11:07","2026-08-05 14:11:38"
"Sinhala","0772973900","00:00:00","No answer","","RINGNOANSWER","Harshika","00:00:00","2026-08-05 14:11:07","2026-08-05 14:11:43"
"Sinhala","0772973900","00:00:01","No answer","","RINGNOANSWER","Harshika","00:00:00","2026-08-05 14:11:07","2026-08-05 14:11:49"
"Sinhala","0772973900","00:00:00","No answer","","RINGNOANSWER","Harshika","00:00:00","2026-08-05 14:11:07","2026-08-05 14:11:54"
"Sinhala","0772973900","00:00:04","No answer","","RINGNOANSWER","Harshika","00:00:00","2026-08-05 14:11:07","2026-08-05 14:12:03"
"Sinhala","0772973900","00:00:02","No answer","","RINGNOANSWER","Harshika","00:00:00","2026-08-05 14:11:07","2026-08-05 14:12:10"
"Sinhala","0772973900","00:00:01","No answer","","RINGNOANSWER","Harshika","00:00:00","2026-08-05 14:11:07","2026-08-05 14:12:16"
"Sinhala","0772973900","00:00:00","No answer","","RINGNOANSWER","Harshika","00:00:00","2026-08-05 14:11:07","2026-08-05 14:12:21"
"Sinhala","0772973900","00:00:01","No answer","","RINGNOANSWER","Harshika","00:00:00","2026-08-05 14:11:07","2026-08-05 14:12:30"
"Sinhala","0772973900","00:00:00","No answer","","RINGNOANSWER","Harshika","00:00:00","2026-08-05 14:11:07","2026-08-05 14:12:35"
"Sinhala","0772973900","00:00:01","No answer","","RINGNOANSWER","Harshika","00:00:00","2026-08-05 14:11:07","2026-08-05 14:12:41"
"Sinhala","0772973900","00:00:00","No answer","","RINGNOANSWER","Harshika","00:00:00","2026-08-05 14:11:07","2026-08-05 14:12:46"
"Sinhala","0772973900","00:00:00","No answer","","RINGNOANSWER","Harshika","00:00:00","2026-08-05 14:11:07","2026-08-05 14:12:51"
"Sinhala","0772973900","00:00:01","No answer","","RINGNOANSWER","Harshika","00:00:00","2026-08-05 14:11:07","2026-08-05 14:12:57"
"Sinhala","0772973900","00:00:00","No answer","","RINGNOANSWER","Harshika","00:00:00","2026-08-05 14:11:07","2026-08-05 14:13:04"
"Sinhala","0772973900","00:00:01","No answer","","RINGNOANSWER","Harshika","00:00:00","2026-08-05 14:11:07","2026-08-05 14:13:10"
"Sinhala","0772973900","00:00:00","No answer","","RINGNOANSWER","Harshika","00:00:00","2026-08-05 14:11:07","2026-08-05 14:13:15"
"Sinhala","0772973900","00:00:01","No answer","","RINGNOANSWER","Harshika","00:00:00","2026-08-05 14:11:07","2026-08-05 14:13:21"
"Sinhala","0772973900","00:00:00","No answer","","RINGNOANSWER","Harshika","00:00:00","2026-08-05 14:11:07","2026-08-05 14:13:26"
"Sinhala","0772973900","00:00:01","No answer","","RINGNOANSWER","Harshika","00:00:00","2026-08-05 14:11:07","2026-08-05 14:13:32"
"Sinhala","0772973900","00:00:00","No answer","","RINGNOANSWER","Harshika","00:00:00","2026-08-05 14:11:07","2026-08-05 14:13:39"
"Sinhala","0772973900","00:00:01","No answer","","RINGNOANSWER","Harshika","00:00:00","2026-08-05 14:11:07","2026-08-05 14:13:45"
"Tamil","0758311632","00:00:00","No answer","","RINGNOANSWER","Harshika","00:00:00","2026-08-05 14:13:46","2026-08-05 14:13:46"
"Sinhala","0772973900","00:00:00","No answer","","RINGNOANSWER","Harshika","00:00:00","2026-08-05 14:11:07","2026-08-05 14:13:50"
"Tamil","0758311632","00:00:00","No answer","","RINGNOANSWER","Harshika","00:00:00","2026-08-05 14:13:46","2026-08-05 14:13:51"
"Sinhala","0772973900","00:00:01","No answer","","RINGNOANSWER","Harshika","00:00:00","2026-08-05 14:11:07","2026-08-05 14:13:56"
"Tamil","0758311632","00:00:01","No answer","","RINGNOANSWER","Harshika","00:00:00","2026-08-05 14:13:46","2026-08-05 14:13:57"
"Sinhala","0772973900","00:00:00","No answer","","RINGNOANSWER","Harshika","00:00:00","2026-08-05 14:11:07","2026-08-05 14:14:01"
"Tamil","0758311632","00:00:00","No answer","","RINGNOANSWER","Harshika","00:00:00","2026-08-05 14:13:46","2026-08-05 14:14:02"
"Sinhala","0772973900","00:00:01","No answer","","RINGNOANSWER","Harshika","00:00:00","2026-08-05 14:11:07","2026-08-05 14:14:07"
"Tamil","0758311632","00:00:01","No answer","","RINGNOANSWER","Harshika","00:00:00","2026-08-05 14:13:46","2026-08-05 14:14:08"
"Tamil","0758311632","00:00:00","No answer","","RINGNOANSWER","Harshika","00:00:00","2026-08-05 14:13:46","2026-08-05 14:14:13"
"Sinhala","0765910339","00:00:00","No answer","","RINGNOANSWER","Harshika","00:00:00","2026-08-05 14:10:55","2026-08-05 14:14:14"
"Sinhala","0765910339","00:00:01","No answer","","RINGNOANSWER","Harshika","00:00:00","2026-08-05 14:10:55","2026-08-05 14:14:20"
"Sinhala","0765910339","00:00:00","No answer","","RINGNOANSWER","Harshika","00:00:00","2026-08-05 14:10:55","2026-08-05 14:14:25"
"Sinhala","0765910339","00:00:01","No answer","","RINGNOANSWER","Harshika","00:00:00","2026-08-05 14:10:55","2026-08-05 14:14:31"
"Sinhala","0765910339","00:00:01","No answer","","RINGNOANSWER","Harshika","00:00:00","2026-08-05 14:10:55","2026-08-05 14:14:37"
"Sinhala","0765910339","00:00:01","No answer","","RINGNOANSWER","Harshika","00:00:00","2026-08-05 14:10:55","2026-08-05 14:14:43"
"Tamil","0758311632","00:00:00","No answer","","RINGNOANSWER","Harshika","00:00:00","2026-08-05 14:13:46","2026-08-05 14:14:48"
"Sinhala","0772973900","00:00:00","No answer","","RINGNOANSWER","Harshika","00:00:00","2026-08-05 14:11:07","2026-08-05 14:14:53"
"Tamil","0758311632","00:00:01","No answer","","RINGNOANSWER","Harshika","00:00:00","2026-08-05 14:13:46","2026-08-05 14:14:54"
"Sinhala","0772973900","00:00:01","No answer","","RINGNOANSWER","Harshika","00:00:00","2026-08-05 14:11:07","2026-08-05 14:14:59"
"Sinhala","0772973900","00:00:00","No answer","","RINGNOANSWER","Harshika","00:00:00","2026-08-05 14:11:07","2026-08-05 14:15:04"
"Sinhala","0772973900","00:00:01","No answer","","RINGNOANSWER","Harshika","00:00:00","2026-08-05 14:11:07","2026-08-05 14:15:10"
"Sinhala","0772973900","00:00:00","No answer","","RINGNOANSWER","Harshika","00:00:00","2026-08-05 14:11:07","2026-08-05 14:15:15"
"Sinhala","0772973900","00:00:01","No answer","","RINGNOANSWER","Harshika","00:00:00","2026-08-05 14:11:07","2026-08-05 14:15:24"
"Sinhala","0772973900","00:00:00","No answer","","RINGNOANSWER","Harshika","00:00:00","2026-08-05 14:11:07","2026-08-05 14:15:29"
"Sinhala","0772973900","00:00:04","No answer","","RINGNOANSWER","Harshika","00:00:00","2026-08-05 14:11:07","2026-08-05 14:15:38"
"Tamil","0758311632","00:00:01","No answer","","RINGNOANSWER","Harshika","00:00:00","2026-08-05 14:15:34","2026-08-05 14:15:40"
"Sinhala","0772973900","00:00:01","No answer","","RINGNOANSWER","Harshika","00:00:00","2026-08-05 14:11:07","2026-08-05 14:15:44"
"Tamil","0758311632","00:00:00","No answer","","RINGNOANSWER","Harshika","00:00:00","2026-08-05 14:15:34","2026-08-05 14:15:45"
"Sinhala","0772973900","00:00:00","No answer","","RINGNOANSWER","Harshika","00:00:00","2026-08-05 14:11:07","2026-08-05 14:15:49"
"Tamil","0758311632","00:00:01","No answer","","RINGNOANSWER","Harshika","00:00:00","2026-08-05 14:15:34","2026-08-05 14:15:51"
"Tamil","0758311632","00:00:02","No answer","","RINGNOANSWER","Harshika","00:00:00","2026-08-05 14:15:34","2026-08-05 14:15:58"
"Sinhala","0772973900","00:00:01","No answer","","RINGNOANSWER","Harshika","00:00:00","2026-08-05 14:11:07","2026-08-05 14:15:59"
"Tamil","0758311632","00:00:00","No answer","","RINGNOANSWER","Harshika","00:00:00","2026-08-05 14:15:34","2026-08-05 14:16:03"
"Sinhala","0772973900","00:00:00","No answer","","RINGNOANSWER","Harshika","00:00:00","2026-08-05 14:11:07","2026-08-05 14:16:04"
"Tamil","0758311632","00:00:02","No answer","","RINGNOANSWER","Harshika","00:00:00","2026-08-05 14:15:34","2026-08-05 14:16:10"
"Sinhala","0772973900","00:00:01","No answer","","RINGNOANSWER","Harshika","00:00:00","2026-08-05 14:11:07","2026-08-05 14:16:15"
"Sinhala","0772973900","00:00:00","No answer","","RINGNOANSWER","Harshika","00:00:00","2026-08-05 14:11:07","2026-08-05 14:16:20"
"Sinhala","0772973900","00:00:01","No answer","","RINGNOANSWER","Harshika","00:00:00","2026-08-05 14:11:07","2026-08-05 14:16:26"
"Sinhala","0772973900","00:00:01","No answer","","RINGNOANSWER","Harshika","00:00:00","2026-08-05 14:11:07","2026-08-05 14:16:34"
"Sinhala","0772973900","00:00:00","No answer","","RINGNOANSWER","Harshika","00:00:00","2026-08-05 14:11:07","2026-08-05 14:16:39"
"Sinhala","0772973900","00:00:04","No answer","","RINGNOANSWER","Harshika","00:00:00","2026-08-05 14:11:07","2026-08-05 14:16:48"
"Sinhala","0772973900","00:00:01","No answer","","RINGNOANSWER","Harshika","00:00:00","2026-08-05 14:11:07","2026-08-05 14:16:54"
"Sinhala","0772973900","00:00:00","No answer","","RINGNOANSWER","Harshika","00:00:00","2026-08-05 14:11:07","2026-08-05 14:16:59"
"Sinhala","0772973900","00:00:00","No answer","","RINGNOANSWER","Harshika","00:00:00","2026-08-05 14:11:07","2026-08-05 14:17:09"
"Sinhala","0743272427","00:00:00","No answer","","RINGNOANSWER","Harshika","00:00:00","2026-08-05 14:17:06","2026-08-05 14:17:14"
"Sinhala","0743272427","00:00:01","No answer","","RINGNOANSWER","Harshika","00:00:00","2026-08-05 14:17:06","2026-08-05 14:17:20"
"Sinhala","0743272427","00:00:01","No answer","","RINGNOANSWER","Harshika","00:00:00","2026-08-05 14:17:06","2026-08-05 14:17:26"
"Sinhala","0743272427","00:00:00","No answer","","RINGNOANSWER","Harshika","00:00:00","2026-08-05 14:17:06","2026-08-05 14:17:31"
"Sinhala","0743272427","00:00:01","No answer","","RINGNOANSWER","Harshika","00:00:00","2026-08-05 14:17:06","2026-08-05 14:17:37"
"Sinhala","0743272427","00:00:00","No answer","","RINGNOANSWER","Harshika","00:00:00","2026-08-05 14:17:06","2026-08-05 14:17:42"
"Sinhala","0743272427","00:00:01","No answer","","RINGNOANSWER","Harshika","00:00:00","2026-08-05 14:17:06","2026-08-05 14:17:50"
"Sinhala","0743272427","00:00:00","No answer","","RINGNOANSWER","Harshika","00:00:00","2026-08-05 14:17:06","2026-08-05 14:17:55"
"Sinhala","0743272427","00:00:01","No answer","","RINGNOANSWER","Harshika","00:00:00","2026-08-05 14:17:06","2026-08-05 14:18:01"
"Sinhala","0743272427","00:00:01","No answer","","RINGNOANSWER","Harshika","00:00:00","2026-08-05 14:17:06","2026-08-05 14:18:07"
"Sinhala","0743272427","00:00:00","No answer","","RINGNOANSWER","Harshika","00:00:00","2026-08-05 14:17:06","2026-08-05 14:18:12"
"Sinhala","0743272427","00:00:01","No answer","","RINGNOANSWER","Harshika","00:00:00","2026-08-05 14:17:06","2026-08-05 14:18:18"
"Sinhala","0743272427","00:00:00","No answer","","RINGNOANSWER","Harshika","00:00:00","2026-08-05 14:17:06","2026-08-05 14:18:24"
"Sinhala","0743272427","00:00:01","No answer","","RINGNOANSWER","Harshika","00:00:00","2026-08-05 14:17:06","2026-08-05 14:18:30"
"Sinhala","0743272427","00:00:00","No answer","","RINGNOANSWER","Harshika","00:00:00","2026-08-05 14:17:06","2026-08-05 14:18:35"
"Sinhala","0743272427","00:00:00","No answer","","RINGNOANSWER","Harshika","00:00:00","2026-08-05 14:17:06","2026-08-05 14:18:40"
"Sinhala","0743272427","00:00:04","No answer","","RINGNOANSWER","Harshika","00:00:00","2026-08-05 14:17:06","2026-08-05 14:18:50"
"Sinhala","0743272427","00:00:00","No answer","","RINGNOANSWER","Harshika","00:00:00","2026-08-05 14:17:06","2026-08-05 14:18:55"
"Sinhala","0743272427","00:00:00","No answer","","RINGNOANSWER","Harshika","00:00:00","2026-08-05 14:17:06","2026-08-05 14:19:00"
"Sinhala","0743272427","00:00:01","No answer","","RINGNOANSWER","Harshika","00:00:00","2026-08-05 14:17:06","2026-08-05 14:19:06"
"Sinhala","0743272427","00:00:00","No answer","","RINGNOANSWER","Harshika","00:00:00","2026-08-05 14:17:06","2026-08-05 14:19:11"
"Sinhala","0765910339","00:00:00","No answer","","RINGNOANSWER","Harshika","00:00:00","2026-08-05 14:17:21","2026-08-05 14:19:21"
"Sinhala","0765910339","00:00:01","No answer","","RINGNOANSWER","Harshika","00:00:00","2026-08-05 14:17:21","2026-08-05 14:19:27"
"Sinhala","0765910339","00:00:00","No answer","","RINGNOANSWER","Harshika","00:00:00","2026-08-05 14:17:21","2026-08-05 14:19:32"
"Sinhala","0765910339","00:00:01","No answer","","RINGNOANSWER","Harshika","00:00:00","2026-08-05 14:17:21","2026-08-05 14:19:38"
"Sinhala","0765910339","00:00:00","No answer","","RINGNOANSWER","Harshika","00:00:00","2026-08-05 14:17:21","2026-08-05 14:19:43"
"Sinhala","0765910339","00:00:01","No answer","","RINGNOANSWER","Harshika","00:00:00","2026-08-05 14:17:21","2026-08-05 14:19:52"
"Sinhala","0765910339","00:00:01","No answer","","RINGNOANSWER","Harshika","00:00:00","2026-08-05 14:17:21","2026-08-05 14:19:58"
"Sinhala","0758111429","00:00:01","No answer","","RINGNOANSWER","Harshika","00:00:00","2026-08-05 14:18:04","2026-08-05 14:20:04"
"Sinhala","0758111429","00:00:00","No answer","","RINGNOANSWER","Harshika","00:00:00","2026-08-05 14:18:04","2026-08-05 14:20:09"
"Sinhala","0758111429","00:00:01","No answer","","RINGNOANSWER","Harshika","00:00:00","2026-08-05 14:18:04","2026-08-05 14:20:15"
"Sinhala","0758111429","00:00:04","No answer","","RINGNOANSWER","Harshika","00:00:00","2026-08-05 14:18:04","2026-08-05 14:20:24"
"Sinhala","0758111429","00:00:00","No answer","","RINGNOANSWER","Harshika","00:00:00","2026-08-05 14:18:04","2026-08-05 14:20:29"
"Sinhala","0758111429","00:00:01","No answer","","RINGNOANSWER","Harshika","00:00:00","2026-08-05 14:18:04","2026-08-05 14:20:39"
"Sinhala","0758111429","00:00:01","No answer","","RINGNOANSWER","Harshika","00:00:00","2026-08-05 14:18:04","2026-08-05 14:20:45"
"Sinhala","0758111429","00:00:00","No answer","","RINGNOANSWER","Harshika","00:00:00","2026-08-05 14:18:04","2026-08-05 14:20:50"
"Sinhala","0758111429","00:00:01","No answer","","RINGNOANSWER","Harshika","00:00:00","2026-08-05 14:18:04","2026-08-05 14:20:56"
"Sinhala","0758111429","00:00:00","No answer","","RINGNOANSWER","Harshika","00:00:00","2026-08-05 14:18:04","2026-08-05 14:21:01"
"Sinhala","0758111429","00:00:00","No answer","","RINGNOANSWER","Harshika","00:00:00","2026-08-05 14:18:04","2026-08-05 14:21:06"
"Sinhala","0758111429","00:00:01","No answer","","RINGNOANSWER","Harshika","00:00:00","2026-08-05 14:18:04","2026-08-05 14:21:14"
"Sinhala","0758111429","00:00:00","No answer","","RINGNOANSWER","Harshika","00:00:00","2026-08-05 14:18:04","2026-08-05 14:21:19"
"Sinhala","0758111429","00:00:01","No answer","","RINGNOANSWER","Harshika","00:00:00","2026-08-05 14:18:04","2026-08-05 14:21:25"
"Sinhala","0758111429","00:00:00","No answer","","RINGNOANSWER","Harshika","00:00:00","2026-08-05 14:18:04","2026-08-05 14:21:30"
"Sinhala","0758111429","00:00:01","No answer","","RINGNOANSWER","Harshika","00:00:00","2026-08-05 14:18:04","2026-08-05 14:21:36"
"Sinhala","0758311632","00:00:01","No answer","","RINGNOANSWER","Harshika","00:00:00","2026-08-05 14:19:48","2026-08-05 14:21:42"
"Sinhala","0758311632","00:00:00","No answer","","RINGNOANSWER","Harshika","00:00:00","2026-08-05 14:19:48","2026-08-05 14:21:47"
"Sinhala","0758311632","00:00:01","No answer","","RINGNOANSWER","Harshika","00:00:00","2026-08-05 14:19:48","2026-08-05 14:21:53"
"Sinhala","0758311632","00:00:01","No answer","","RINGNOANSWER","Harshika","00:00:00","2026-08-05 14:19:48","2026-08-05 14:21:59"
"Sinhala","0765910339","00:00:01","No answer","","RINGNOANSWER","Harshika","00:00:00","2026-08-05 14:21:58","2026-08-05 14:22:04"
"Sinhala","0765910339","00:00:00","No answer","","RINGNOANSWER","Harshika","00:00:00","2026-08-05 14:21:58","2026-08-05 14:22:09"
"Sinhala","0765910339","00:00:01","No answer","","RINGNOANSWER","Harshika","00:00:00","2026-08-05 14:21:58","2026-08-05 14:22:17"
"Tamil","0758311632","00:00:01","No answer","","RINGNOANSWER","Harshika","00:00:00","2026-08-05 14:22:18","2026-08-05 14:22:19"
"Sinhala","0765910339","00:00:00","No answer","","RINGNOANSWER","Harshika","00:00:00","2026-08-05 14:21:58","2026-08-05 14:22:22"
"Tamil","0758311632","00:00:00","No answer","","RINGNOANSWER","Harshika","00:00:00","2026-08-05 14:22:18","2026-08-05 14:22:24"
"Sinhala","0765910339","00:00:01","No answer","","RINGNOANSWER","Harshika","00:00:00","2026-08-05 14:21:58","2026-08-05 14:22:28"
"Tamil","0758311632","00:00:01","No answer","","RINGNOANSWER","Harshika","00:00:00","2026-08-05 14:22:18","2026-08-05 14:22:30"
"Sinhala","0765910339","00:00:00","No answer","","RINGNOANSWER","Harshika","00:00:00","2026-08-05 14:21:58","2026-08-05 14:22:33"
"Tamil","0758311632","00:00:00","No answer","","RINGNOANSWER","Harshika","00:00:00","2026-08-05 14:22:18","2026-08-05 14:22:35"
"Sinhala","0765910339","00:00:01","No answer","","RINGNOANSWER","Harshika","00:00:00","2026-08-05 14:21:58","2026-08-05 14:22:39"
"Tamil","0758311632","00:00:01","No answer","","RINGNOANSWER","Harshika","00:00:00","2026-08-05 14:22:18","2026-08-05 14:22:41"
"Sinhala","0765910339","00:00:00","No answer","","RINGNOANSWER","Harshika","00:00:00","2026-08-05 14:21:58","2026-08-05 14:22:44"
"Tamil","0758311632","00:00:00","No answer","","RINGNOANSWER","Harshika","00:00:00","2026-08-05 14:22:18","2026-08-05 14:22:46"
"Tamil","0758311632","00:00:01","No answer","","RINGNOANSWER","Harshika","00:00:00","2026-08-05 14:22:18","2026-08-05 14:22:52"
"Sinhala","0765910339","00:00:01","No answer","","RINGNOANSWER","Harshika","00:00:00","2026-08-05 14:21:58","2026-08-05 14:22:57"
"Tamil","0758311632","00:00:00","No answer","","RINGNOANSWER","Harshika","00:00:00","2026-08-05 14:22:18","2026-08-05 14:22:57"
"Sinhala","0765910339","00:00:00","No answer","","RINGNOANSWER","Harshika","00:00:00","2026-08-05 14:21:58","2026-08-05 14:23:02"
"Tamil","0758311632","00:00:01","No answer","","RINGNOANSWER","Harshika","00:00:00","2026-08-05 14:22:18","2026-08-05 14:23:03"
"Sinhala","0765910339","00:00:01","No answer","","RINGNOANSWER","Harshika","00:00:00","2026-08-05 14:21:58","2026-08-05 14:23:08"
"Tamil","0758311632","00:00:00","No answer","","RINGNOANSWER","Harshika","00:00:00","2026-08-05 14:22:18","2026-08-05 14:23:08"
"Sinhala","0765910339","00:00:00","No answer","","RINGNOANSWER","Harshika","00:00:00","2026-08-05 14:21:58","2026-08-05 14:23:13"
"Tamil","0758311632","00:00:00","No answer","","RINGNOANSWER","Harshika","00:00:00","2026-08-05 14:22:18","2026-08-05 14:23:13"
"Sinhala","0765910339","00:00:01","No answer","","RINGNOANSWER","Harshika","00:00:00","2026-08-05 14:21:58","2026-08-05 14:23:19"
"Tamil","0758311632","00:00:01","No answer","","RINGNOANSWER","Harshika","00:00:00","2026-08-05 14:22:18","2026-08-05 14:23:24"
"Sinhala","0758111429","00:00:01","No answer","","RINGNOANSWER","Harshika","00:00:00","2026-08-05 14:18:04","2026-08-05 14:23:27"
"Sinhala","0758111429","00:00:00","No answer","","RINGNOANSWER","Harshika","00:00:00","2026-08-05 14:18:04","2026-08-05 14:23:32"
"Sinhala","0758111429","00:00:01","No answer","","RINGNOANSWER","Harshika","00:00:00","2026-08-05 14:18:04","2026-08-05 14:23:38"
"Sinhala","0758111429","00:00:00","No answer","","RINGNOANSWER","Harshika","00:00:00","2026-08-05 14:18:04","2026-08-05 14:23:43"
"Sinhala","0758111429","00:00:01","No answer","","RINGNOANSWER","Harshika","00:00:00","2026-08-05 14:18:04","2026-08-05 14:23:49"
"Sinhala","0765910339","00:00:00","No answer","","RINGNOANSWER","Harshika","00:00:00","2026-08-05 14:21:58","2026-08-05 14:23:54"
"Tamil","0758311632","00:00:01","No answer","","RINGNOANSWER","Harshika","00:00:00","2026-08-05 14:22:18","2026-08-05 14:23:59"
"Sinhala","0765910339","00:00:01","No answer","","RINGNOANSWER","Harshika","00:00:00","2026-08-05 14:21:58","2026-08-05 14:24:00"
"Tamil","0758311632","00:00:00","No answer","","RINGNOANSWER","Harshika","00:00:00","2026-08-05 14:22:18","2026-08-05 14:24:05"
"Sinhala","0765910339","00:00:00","No answer","","RINGNOANSWER","Harshika","00:00:00","2026-08-05 14:21:58","2026-08-05 14:24:05"
"Tamil","0758311632","00:00:00","No answer","","RINGNOANSWER","Harshika","00:00:00","2026-08-05 14:22:18","2026-08-05 14:24:10"
"Sinhala","0765910339","00:00:01","No answer","","RINGNOANSWER","Harshika","00:00:00","2026-08-05 14:21:58","2026-08-05 14:24:11"
"Tamil","0758311632","00:00:00","No answer","","RINGNOANSWER","Harshika","00:00:00","2026-08-05 14:22:18","2026-08-05 14:24:15"
"Sinhala","0765910339","00:00:00","No answer","","RINGNOANSWER","Harshika","00:00:00","2026-08-05 14:21:58","2026-08-05 14:24:16"
"Tamil","0758311632","00:00:01","No answer","","RINGNOANSWER","Harshika","00:00:00","2026-08-05 14:22:18","2026-08-05 14:24:21"
"Sinhala","0765910339","00:00:01","No answer","","RINGNOANSWER","Harshika","00:00:00","2026-08-05 14:21:58","2026-08-05 14:24:22"
"Sinhala","0765910339","00:00:00","No answer","","RINGNOANSWER","Harshika","00:00:00","2026-08-05 14:21:58","2026-08-05 14:24:29"
"Sinhala","0765910339","00:00:01","No answer","","RINGNOANSWER","Harshika","00:00:00","2026-08-05 14:21:58","2026-08-05 14:24:35"
"Sinhala","0765910339","00:00:00","No answer","","RINGNOANSWER","Harshika","00:00:00","2026-08-05 14:21:58","2026-08-05 14:24:40"
"Sinhala","0765910339","00:00:00","No answer","","RINGNOANSWER","Harshika","00:00:00","2026-08-05 14:21:58","2026-08-05 14:24:45"
"Sinhala","0765910339","00:00:01","No answer","","RINGNOANSWER","Harshika","00:00:00","2026-08-05 14:21:58","2026-08-05 14:24:51"
"Sinhala","0758311632","00:00:00","No answer","","RINGNOANSWER","Harshika","00:00:00","2026-08-05 14:24:35","2026-08-05 14:24:57"
"Sinhala","0758162206","00:00:01","No answer","","RINGNOANSWER","Harshika","00:00:00","2026-08-05 14:36:26","2026-08-05 14:36:27"
"Sinhala","0758162206","00:00:00","No answer","","RINGNOANSWER","Harshika","00:00:00","2026-08-05 14:36:26","2026-08-05 14:36:32"
"Sinhala","0758162206","00:00:01","No answer","","RINGNOANSWER","Harshika","00:00:00","2026-08-05 14:36:26","2026-08-05 14:36:38"
"Sinhala","0758162206","00:00:00","No answer","","RINGNOANSWER","Harshika","00:00:00","2026-08-05 14:36:26","2026-08-05 14:36:43"
"Sinhala","0758162206","00:00:05","No answer","","RINGNOANSWER","Harshika","00:00:00","2026-08-05 14:36:26","2026-08-05 14:36:53"
"Sinhala","0758162206","00:00:01","No answer","","RINGNOANSWER","Harshika","00:00:00","2026-08-05 14:36:26","2026-08-05 14:36:59"
"Sinhala","0758162206","00:00:00","No answer","","RINGNOANSWER","Harshika","00:00:00","2026-08-05 14:36:26","2026-08-05 14:37:04"
"Sinhala","0758162206","00:00:01","No answer","","RINGNOANSWER","Harshika","00:00:00","2026-08-05 14:36:26","2026-08-05 14:37:10"
"Sinhala","0758162206","00:00:01","No answer","","RINGNOANSWER","Harshika","00:00:00","2026-08-05 14:36:26","2026-08-05 14:37:16"
"Sinhala","0758162206","00:00:02","No answer","","RINGNOANSWER","Harshika","00:00:00","2026-08-05 14:36:26","2026-08-05 14:37:23"
"Sinhala","0758162206","00:00:00","No answer","","RINGNOANSWER","Harshika","00:00:00","2026-08-05 14:36:26","2026-08-05 14:37:33"
"Sinhala","0758162206","00:00:01","No answer","","RINGNOANSWER","Harshika","00:00:00","2026-08-05 14:36:26","2026-08-05 14:37:39"
"Sinhala","0758162206","00:00:00","No answer","","RINGNOANSWER","Harshika","00:00:00","2026-08-05 14:36:26","2026-08-05 14:37:44"
"Sinhala","0758162206","00:00:01","No answer","","RINGNOANSWER","Harshika","00:00:00","2026-08-05 14:36:26","2026-08-05 14:37:50"
"Sinhala","0758162206","00:00:01","No answer","","RINGNOANSWER","Harshika","00:00:00","2026-08-05 14:36:26","2026-08-05 14:37:56"
"Sinhala","0758162206","00:00:00","No answer","","RINGNOANSWER","Harshika","00:00:00","2026-08-05 14:36:26","2026-08-05 14:38:01"
"Sinhala","0758162206","00:00:01","No answer","","RINGNOANSWER","Harshika","00:00:00","2026-08-05 14:36:26","2026-08-05 14:38:08"
"Sinhala","0758162206","00:00:00","No answer","","RINGNOANSWER","Harshika","00:00:00","2026-08-05 14:36:26","2026-08-05 14:38:13"
"Sinhala","0774427271","00:00:00","No answer","","RINGNOANSWER","Harshika","00:00:00","2026-08-05 14:36:46","2026-08-05 14:38:19"
"Sinhala","0750281645","00:00:01","No answer","","RINGNOANSWER","Harshika","00:00:00","2026-08-05 14:38:41","2026-08-05 14:38:42"
"Sinhala","0750281645","00:00:01","No answer","","RINGNOANSWER","Harshika","00:00:00","2026-08-05 14:38:41","2026-08-05 14:38:48"
"Sinhala","0750281645","00:00:00","No answer","","RINGNOANSWER","Harshika","00:00:00","2026-08-05 14:38:41","2026-08-05 14:38:53"
"Sinhala","0750281645","00:00:01","No answer","","RINGNOANSWER","Harshika","00:00:00","2026-08-05 14:38:41","2026-08-05 14:38:59"
"Tamil","0774477040","00:00:30","No answer","","RINGNOANSWER","Harshika","00:00:00","2026-08-05 14:44:31","2026-08-05 14:46:07"
"Sinhala","0714557702","00:00:30","No answer","","RINGNOANSWER","Harshika","00:00:00","2026-08-05 14:51:16","2026-08-05 14:53:15"
"Sinhala","0774893190","00:00:30","No answer","","RINGNOANSWER","Harshika","00:00:00","2026-08-05 14:54:54","2026-08-05 14:55:24"
"Sinhala","0774893190","00:00:00","No answer","","RINGNOANSWER","Harshika","00:00:00","2026-08-05 14:54:54","2026-08-05 14:55:29"
"Sinhala","0774893190","00:00:01","No answer","","RINGNOANSWER","Harshika","00:00:00","2026-08-05 14:54:54","2026-08-05 14:55:35"
"Sinhala","0774893190","00:00:08","No answer","","RINGNOANSWER","Harshika","00:00:00","2026-08-05 14:54:54","2026-08-05 14:55:48"
"Sinhala","0774893190","00:00:01","No answer","","RINGNOANSWER","Harshika","00:00:00","2026-08-05 14:54:54","2026-08-05 14:55:54"
"Tamil","0768529684","00:00:30","No answer","","RINGNOANSWER","Harshika","00:00:00","2026-08-05 15:14:04","2026-08-05 15:14:34"
"Tamil","0771438289","00:00:30","No answer","","RINGNOANSWER","Harshika","00:00:00","2026-08-05 15:30:58","2026-08-05 15:32:18"
"Sinhala","0779063855","00:00:30","No answer","","RINGNOANSWER","Harshika","00:00:00","2026-08-05 15:41:05","2026-08-05 15:41:35"
"Sinhala","0779063855","00:00:14","Agent","2","COMPLETEAGENT","Harshika","00:00:15","2026-08-05 15:47:37","2026-08-05 15:48:05"
"Sinhala","0756377568","00:00:30","No answer","","RINGNOANSWER","Harshika","00:00:00","2026-08-05 15:55:03","2026-08-05 15:55:44"
"Sinhala","0778842900","00:00:30","No answer","","RINGNOANSWER","Harshika","00:00:00","2026-08-05 16:06:15","2026-08-05 16:12:18"
"Sinhala","0753520650","00:00:30","No answer","","RINGNOANSWER","Harshika","00:00:00","2026-08-05 16:19:55","2026-08-05 16:20:25"
"Sinhala","0743272427","00:00:30","No answer","","RINGNOANSWER","Harshika","00:00:00","2026-08-05 16:23:21","2026-08-05 16:24:46"
"Sinhala","0743272427","00:00:30","No answer","","RINGNOANSWER","Harshika","00:00:00","2026-08-05 16:23:21","2026-08-05 16:25:21"
"Sinhala","0743272427","00:00:30","No answer","","RINGNOANSWER","Harshika","00:00:00","2026-08-05 16:23:21","2026-08-05 16:26:50"
"Sinhala","0743272427","00:00:00","No answer","","RINGNOANSWER","Harshika","00:00:00","2026-08-05 16:23:21","2026-08-05 16:26:55"
"Sinhala","0743272427","00:00:00","No answer","","RINGNOANSWER","Harshika","00:00:00","2026-08-05 16:23:21","2026-08-05 16:27:01"
"Sinhala","0742684884","00:00:01","No answer","","RINGNOANSWER","Harshika","00:00:00","2026-08-05 16:26:57","2026-08-05 16:27:02"
"Sinhala","0743272427","00:00:00","No answer","","RINGNOANSWER","Harshika","00:00:00","2026-08-05 16:23:21","2026-08-05 16:27:06"
"Sinhala","0743272427","00:00:00","No answer","","RINGNOANSWER","Harshika","00:00:00","2026-08-05 16:23:21","2026-08-05 16:27:12"
"Sinhala","0743272427","00:00:01","No answer","","RINGNOANSWER","Harshika","00:00:00","2026-08-05 16:23:21","2026-08-05 16:27:18"
"Sinhala","0743272427","00:00:00","No answer","","RINGNOANSWER","Harshika","00:00:00","2026-08-05 16:23:21","2026-08-05 16:27:24"
"Sinhala","0777590673","00:00:00","No answer","","RINGNOANSWER","Harshika","00:00:00","2026-08-05 16:27:00","2026-08-05 16:27:30"
"Sinhala","0742684884","00:00:01","No answer","","RINGNOANSWER","Harshika","00:00:00","2026-08-05 16:26:57","2026-08-05 16:27:36"
"Sinhala","0742684884","00:00:00","No answer","","RINGNOANSWER","Harshika","00:00:00","2026-08-05 16:26:57","2026-08-05 16:27:41"
"Sinhala","0777590673","00:00:01","No answer","","RINGNOANSWER","Harshika","00:00:00","2026-08-05 16:27:00","2026-08-05 16:27:42"
"Sinhala","0742684884","00:00:01","No answer","","RINGNOANSWER","Harshika","00:00:00","2026-08-05 16:26:57","2026-08-05 16:27:47"
"Sinhala","0742684884","00:00:00","No answer","","RINGNOANSWER","Harshika","00:00:00","2026-08-05 16:26:57","2026-08-05 16:27:52"
"Sinhala","0742684884","00:00:01","No answer","","RINGNOANSWER","Harshika","00:00:00","2026-08-05 16:26:57","2026-08-05 16:27:58"
"Sinhala","0742684884","00:00:01","No answer","","RINGNOANSWER","Harshika","00:00:00","2026-08-05 16:26:57","2026-08-05 16:28:06"
"Sinhala","0777206457","00:00:00","No answer","","RINGNOANSWER","Harshika","00:00:00","2026-08-05 16:27:31","2026-08-05 16:28:10"
"Sinhala","0777590673","00:00:00","No answer","","RINGNOANSWER","Harshika","00:00:00","2026-08-05 16:27:00","2026-08-05 16:28:15"
"Sinhala","0777590673","00:00:00","No answer","","RINGNOANSWER","Harshika","00:00:00","2026-08-05 16:27:00","2026-08-05 16:28:21"
"Sinhala","0777590673","00:00:01","No answer","","RINGNOANSWER","Harshika","00:00:00","2026-08-05 16:27:00","2026-08-05 16:28:27"
"Sinhala","0777590673","00:00:00","No answer","","RINGNOANSWER","Harshika","00:00:00","2026-08-05 16:27:00","2026-08-05 16:28:32"
"Sinhala","0777590673","00:00:01","No answer","","RINGNOANSWER","Harshika","00:00:00","2026-08-05 16:27:00","2026-08-05 16:28:40"
"Sinhala","0777590673","00:00:01","No answer","","RINGNOANSWER","Harshika","00:00:00","2026-08-05 16:27:00","2026-08-05 16:28:46"
"Sinhala","0777590673","00:00:00","No answer","","RINGNOANSWER","Harshika","00:00:00","2026-08-05 16:27:00","2026-08-05 16:28:51"
"Sinhala","0777590673","00:00:01","No answer","","RINGNOANSWER","Harshika","00:00:00","2026-08-05 16:27:00","2026-08-05 16:28:57"
"Sinhala","0019296304304","00:00:00","No answer","","RINGNOANSWER","Harshika","00:00:00","2026-08-05 16:28:27","2026-08-05 16:28:57"
"Sinhala","0777590673","00:00:00","No answer","","RINGNOANSWER","Harshika","00:00:00","2026-08-05 16:27:00","2026-08-05 16:29:02"
"Sinhala","0777590673","00:00:01","No answer","","RINGNOANSWER","Harshika","00:00:00","2026-08-05 16:27:00","2026-08-05 16:29:08"
"Sinhala","0019296304304","00:00:01","No answer","","RINGNOANSWER","Harshika","00:00:00","2026-08-05 16:28:27","2026-08-05 16:29:09"
"Sinhala","0777590673","00:00:01","No answer","","RINGNOANSWER","Harshika","00:00:00","2026-08-05 16:27:00","2026-08-05 16:29:16"
"Sinhala","0777590673","00:00:00","No answer","","RINGNOANSWER","Harshika","00:00:00","2026-08-05 16:27:00","2026-08-05 16:29:21"
"Sinhala","0777590673","00:00:01","No answer","","RINGNOANSWER","Harshika","00:00:00","2026-08-05 16:27:00","2026-08-05 16:29:27"
"Sinhala","0777590673","00:00:00","No answer","","RINGNOANSWER","Harshika","00:00:00","2026-08-05 16:27:00","2026-08-05 16:29:32"
"Sinhala","0777590673","00:00:01","No answer","","RINGNOANSWER","Harshika","00:00:00","2026-08-05 16:27:00","2026-08-05 16:29:38"
"Sinhala","0777590673","00:00:00","No answer","","RINGNOANSWER","Harshika","00:00:00","2026-08-05 16:27:00","2026-08-05 16:29:43"
"Sinhala","0777590673","00:00:01","No answer","","RINGNOANSWER","Harshika","00:00:00","2026-08-05 16:27:00","2026-08-05 16:29:50"
"Sinhala","0777590673","00:00:00","No answer","","RINGNOANSWER","Harshika","00:00:00","2026-08-05 16:27:00","2026-08-05 16:29:55"
"Sinhala","0777590673","00:00:00","No answer","","RINGNOANSWER","Harshika","00:00:00","2026-08-05 16:27:00","2026-08-05 16:30:01"
"Sinhala","0777590673","00:00:00","No answer","","RINGNOANSWER","Harshika","00:00:00","2026-08-05 16:27:00","2026-08-05 16:30:06"
"Sinhala","0777590673","00:00:00","No answer","","RINGNOANSWER","Harshika","00:00:00","2026-08-05 16:27:00","2026-08-05 16:30:12"
"Sinhala","0777590673","00:00:01","No answer","","RINGNOANSWER","Harshika","00:00:00","2026-08-05 16:27:00","2026-08-05 16:30:18"
"Sinhala","0777590673","00:00:00","No answer","","RINGNOANSWER","Harshika","00:00:00","2026-08-05 16:27:00","2026-08-05 16:30:25"
"Sinhala","0777590673","00:00:00","No answer","","RINGNOANSWER","Harshika","00:00:00","2026-08-05 16:27:00","2026-08-05 16:30:30"
"Sinhala","0777590673","00:00:00","No answer","","RINGNOANSWER","Harshika","00:00:00","2026-08-05 16:27:00","2026-08-05 16:30:36"
"Sinhala","0777590673","00:00:01","No answer","","RINGNOANSWER","Harshika","00:00:00","2026-08-05 16:27:00","2026-08-05 16:30:42"
"Sinhala","0777590673","00:00:00","No answer","","RINGNOANSWER","Harshika","00:00:00","2026-08-05 16:27:00","2026-08-05 16:30:47"
"Sinhala","0777590673","00:00:01","No answer","","RINGNOANSWER","Harshika","00:00:00","2026-08-05 16:27:00","2026-08-05 16:30:53"
"Sinhala","0740594846","00:00:01","No answer","","RINGNOANSWER","Harshika","00:00:00","2026-08-05 16:29:35","2026-08-05 16:31:01"
"Sinhala","0740594846","00:00:00","No answer","","RINGNOANSWER","Harshika","00:00:00","2026-08-05 16:29:35","2026-08-05 16:31:06"
"Sinhala","0740594846","00:00:01","No answer","","RINGNOANSWER","Harshika","00:00:00","2026-08-05 16:29:35","2026-08-05 16:31:12"
"Sinhala","0740594846","00:00:00","No answer","","RINGNOANSWER","Harshika","00:00:00","2026-08-05 16:29:35","2026-08-05 16:31:17"
"Sinhala","0740594846","00:00:01","No answer","","RINGNOANSWER","Harshika","00:00:00","2026-08-05 16:29:35","2026-08-05 16:31:23"
"Sinhala","0777206457","00:00:01","No answer","","RINGNOANSWER","Harshika","00:00:00","2026-08-05 16:30:48","2026-08-05 16:31:29"
"Sinhala","0740594846","00:00:00","No answer","","RINGNOANSWER","Harshika","00:00:00","2026-08-05 16:29:35","2026-08-05 16:31:35"
"Sinhala","0740594846","00:00:01","No answer","","RINGNOANSWER","Harshika","00:00:00","2026-08-05 16:29:35","2026-08-05 16:31:41"
"Sinhala","0740594846","00:00:00","No answer","","RINGNOANSWER","Harshika","00:00:00","2026-08-05 16:29:35","2026-08-05 16:31:46"
"Sinhala","0740594846","00:00:01","No answer","","RINGNOANSWER","Harshika","00:00:00","2026-08-05 16:29:35","2026-08-05 16:31:52"
"Sinhala","0740594846","00:00:01","No answer","","RINGNOANSWER","Harshika","00:00:00","2026-08-05 16:29:35","2026-08-05 16:31:58"
"Sinhala","0740594846","00:00:00","No answer","","RINGNOANSWER","Harshika","00:00:00","2026-08-05 16:29:35","2026-08-05 16:32:03"
"Sinhala","0740594846","00:00:00","No answer","","RINGNOANSWER","Harshika","00:00:00","2026-08-05 16:29:35","2026-08-05 16:32:10"
"Sinhala","0740594846","00:00:00","No answer","","RINGNOANSWER","Harshika","00:00:00","2026-08-05 16:29:35","2026-08-05 16:32:15"
"Sinhala","0740594846","00:00:01","No answer","","RINGNOANSWER","Harshika","00:00:00","2026-08-05 16:29:35","2026-08-05 16:32:21"
"Sinhala","0740594846","00:00:00","No answer","","RINGNOANSWER","Harshika","00:00:00","2026-08-05 16:29:35","2026-08-05 16:32:26"
"Sinhala","0740594846","00:00:01","No answer","","RINGNOANSWER","Harshika","00:00:00","2026-08-05 16:29:35","2026-08-05 16:32:32"
"Sinhala","0740594846","00:00:01","No answer","","RINGNOANSWER","Harshika","00:00:00","2026-08-05 16:29:35","2026-08-05 16:32:38"
"Sinhala","0740594846","00:00:00","No answer","","RINGNOANSWER","Harshika","00:00:00","2026-08-05 16:29:35","2026-08-05 16:32:43"
"Sinhala","0740594846","00:00:01","No answer","","RINGNOANSWER","Harshika","00:00:00","2026-08-05 16:29:35","2026-08-05 16:32:49"
"Sinhala","0740594846","00:00:00","No answer","","RINGNOANSWER","Harshika","00:00:00","2026-08-05 16:29:35","2026-08-05 16:32:54"
"Sinhala","0740594846","00:00:01","No answer","","RINGNOANSWER","Harshika","00:00:00","2026-08-05 16:29:35","2026-08-05 16:33:00"
"Sinhala","0740594846","00:00:00","No answer","","RINGNOANSWER","Harshika","00:00:00","2026-08-05 16:29:35","2026-08-05 16:33:06"
"Sinhala","0740594846","00:00:00","No answer","","RINGNOANSWER","Harshika","00:00:00","2026-08-05 16:29:35","2026-08-05 16:33:11"
"Sinhala","0740594846","00:00:01","No answer","","RINGNOANSWER","Harshika","00:00:00","2026-08-05 16:29:35","2026-08-05 16:33:17"
"Sinhala","0740594846","00:00:00","No answer","","RINGNOANSWER","Harshika","00:00:00","2026-08-05 16:29:35","2026-08-05 16:33:22"
"Sinhala","0774680686","00:00:30","No answer","","RINGNOANSWER","Harshika","00:00:00","2026-08-05 17:15:37","2026-08-05 17:16:07"
"Sinhala","0774680686","00:00:30","No answer","","RINGNOANSWER","Harshika","00:00:00","2026-08-05 17:15:37","2026-08-05 17:16:42"
"Sinhala","0774680686","00:00:30","No answer","","RINGNOANSWER","Harshika","00:00:00","2026-08-05 17:15:37","2026-08-05 17:17:17"
"Sinhala","0774680686","00:00:30","No answer","","RINGNOANSWER","Harshika","00:00:00","2026-08-05 17:15:37","2026-08-05 17:17:52"
"Tamil","0757249291","00:00:03","No answer","","RINGNOANSWER","Harshika","00:00:00","2026-08-05 18:03:21","2026-08-05 18:03:24"
"Tamil","0757249291","00:00:01","No answer","","RINGNOANSWER","Harshika","00:00:00","2026-08-05 18:03:21","2026-08-05 18:03:57"
"Tamil","0757249291","00:00:01","No answer","","RINGNOANSWER","Harshika","00:00:00","2026-08-05 18:03:21","2026-08-05 18:04:32"
"Tamil","0757249291","00:00:01","No answer","","RINGNOANSWER","Harshika","00:00:00","2026-08-05 18:03:21","2026-08-05 18:05:07"
"Tamil","0757249291","00:00:01","No answer","","RINGNOANSWER","Harshika","00:00:00","2026-08-05 18:03:21","2026-08-05 18:05:42"
"Tamil","0757249291","00:00:01","No answer","","RINGNOANSWER","Harshika","00:00:00","2026-08-05 18:03:21","2026-08-05 18:06:17"
"Tamil","0757249291","00:00:01","No answer","","RINGNOANSWER","Harshika","00:00:00","2026-08-05 18:03:21","2026-08-05 18:06:52"
"Sinhala","0778224115","00:00:00","No answer","","RINGNOANSWER","Harshika","00:00:00","2026-08-06 09:02:24","2026-08-06 09:02:24"
"Sinhala","0741073923","00:00:01","No answer","","RINGNOANSWER","Harshika","00:00:00","2026-08-06 09:01:30","2026-08-06 09:02:34"
"Sinhala","0741073923","00:00:00","No answer","","RINGNOANSWER","Harshika","00:00:00","2026-08-06 09:01:30","2026-08-06 09:02:39"
"Sinhala","0741073923","00:00:01","No answer","","RINGNOANSWER","Harshika","00:00:00","2026-08-06 09:01:30","2026-08-06 09:02:45"
"Sinhala","0741073923","00:00:00","No answer","","RINGNOANSWER","Harshika","00:00:00","2026-08-06 09:01:30","2026-08-06 09:02:50"
"Sinhala","0741073923","00:00:01","No answer","","RINGNOANSWER","Harshika","00:00:00","2026-08-06 09:01:30","2026-08-06 09:02:56"
"Sinhala","0741073923","00:00:00","No answer","","RINGNOANSWER","Harshika","00:00:00","2026-08-06 09:01:30","2026-08-06 09:03:01"
"Sinhala","0741073923","00:00:01","No answer","","RINGNOANSWER","Harshika","00:00:00","2026-08-06 09:01:30","2026-08-06 09:03:07"
"Sinhala","0741073923","00:00:01","No answer","","RINGNOANSWER","Harshika","00:00:00","2026-08-06 09:01:30","2026-08-06 09:03:13"
"Sinhala","0741073923","00:00:30","No answer","","RINGNOANSWER","Harshika","00:00:00","2026-08-06 09:01:30","2026-08-06 09:03:48"
"Sinhala","0741073923","00:00:30","No answer","","RINGNOANSWER","Harshika","00:00:00","2026-08-06 09:01:30","2026-08-06 09:04:23"
"Sinhala","0778224115","00:00:30","No answer","","RINGNOANSWER","Harshika","00:00:00","2026-08-06 09:02:24","2026-08-06 09:05:32"
"Sinhala","0757387096","00:00:30","No answer","","RINGNOANSWER","Harshika","00:00:00","2026-08-06 09:06:03","2026-08-06 09:08:31"
"Sinhala","0757387096","00:00:30","No answer","","RINGNOANSWER","Harshika","00:00:00","2026-08-06 09:06:03","2026-08-06 09:09:06"
"Sinhala","0757387096","00:00:30","No answer","","RINGNOANSWER","Harshika","00:00:00","2026-08-06 09:06:03","2026-08-06 09:09:41"
"Sinhala","0715723365","00:00:30","No answer","","RINGNOANSWER","Harshika","00:00:00","2026-08-06 09:10:36","2026-08-06 09:11:06"
"Sinhala","0771749156","00:00:30","No answer","","RINGNOANSWER","Harshika","00:00:00","2026-08-06 09:12:27","2026-08-06 09:13:39"
"Sinhala","0774875622","00:00:30","No answer","","RINGNOANSWER","Harshika","00:00:00","2026-08-06 09:13:24","2026-08-06 09:15:10"
"Sinhala","0757387096","00:00:30","No answer","","RINGNOANSWER","Harshika","00:00:00","2026-08-06 09:13:31","2026-08-06 09:23:54"
"Sinhala","0771749156","00:00:30","No answer","","RINGNOANSWER","Harshika","00:00:00","2026-08-06 09:22:05","2026-08-06 09:25:49"
"Sinhala","0702172137","00:00:30","No answer","","RINGNOANSWER","Harshika","00:00:00","2026-08-06 09:23:37","2026-08-06 09:27:17"
"Sinhala","0702172137","00:00:30","No answer","","RINGNOANSWER","Harshika","00:00:00","2026-08-06 09:23:37","2026-08-06 09:28:44"
"Sinhala","0785084798","00:00:30","No answer","","RINGNOANSWER","Harshika","00:00:00","2026-08-06 09:26:50","2026-08-06 09:29:52"
"Sinhala","0785084798","00:00:30","No answer","","RINGNOANSWER","Harshika","00:00:00","2026-08-06 09:26:50","2026-08-06 09:30:46"
"Sinhala","0785084798","00:00:30","No answer","","RINGNOANSWER","Harshika","00:00:00","2026-08-06 09:26:50","2026-08-06 09:31:33"
"Sinhala","0715755333","00:00:30","No answer","","RINGNOANSWER","Harshika","00:00:00","2026-08-06 09:28:51","2026-08-06 09:34:26"
"Sinhala","0719127549","00:00:30","No answer","","RINGNOANSWER","Harshika","00:00:00","2026-08-06 09:34:13","2026-08-06 09:36:27"
"Sinhala","0719127549","00:00:30","No answer","","RINGNOANSWER","Harshika","00:00:00","2026-08-06 09:34:13","2026-08-06 09:38:18"
"Sinhala","0719127549","00:00:30","No answer","","RINGNOANSWER","Harshika","00:00:00","2026-08-06 09:34:13","2026-08-06 09:41:10"
"Sinhala","0757387096","00:00:30","No answer","","RINGNOANSWER","Harshika","00:00:00","2026-08-06 09:35:45","2026-08-06 09:42:45"
"Sinhala","0785084798","00:00:30","No answer","","RINGNOANSWER","Harshika","00:00:00","2026-08-06 09:35:50","2026-08-06 09:44:53"
"Sinhala","0761212928","00:00:30","No answer","","RINGNOANSWER","Harshika","00:00:00","2026-08-06 09:52:29","2026-08-06 09:52:59"
"Sinhala","0715723365","00:00:30","No answer","","RINGNOANSWER","Harshika","00:00:00","2026-08-06 09:54:37","2026-08-06 09:55:07"
"Sinhala","0715723365","00:00:30","No answer","","RINGNOANSWER","Harshika","00:00:00","2026-08-06 09:54:37","2026-08-06 09:55:42"
"Sinhala","0715723365","00:00:30","No answer","","RINGNOANSWER","Harshika","00:00:00","2026-08-06 09:54:37","2026-08-06 09:56:17"
"Sinhala","0779385786","00:00:30","No answer","","RINGNOANSWER","Harshika","00:00:00","2026-08-06 09:54:43","2026-08-06 09:56:58"
"Sinhala","0740107979","00:00:30","No answer","","RINGNOANSWER","Harshika","00:00:00","2026-08-06 10:01:46","2026-08-06 10:03:17"
"Sinhala","0112552761","00:00:30","No answer","","RINGNOANSWER","Harshika","00:00:00","2026-08-06 10:02:46","2026-08-06 10:05:56"
"Sinhala","0774875622","00:00:30","No answer","","RINGNOANSWER","Harshika","00:00:00","2026-08-06 10:03:49","2026-08-06 10:07:45"
"Tamil","0743441406","00:00:30","No answer","","RINGNOANSWER","Harshika","00:00:00","2026-08-06 10:10:45","2026-08-06 10:12:09"
"Tamil","0743441406","00:00:30","No answer","","RINGNOANSWER","Harshika","00:00:00","2026-08-06 10:10:45","2026-08-06 10:12:44"
"Tamil","0743441406","00:00:30","No answer","","RINGNOANSWER","Harshika","00:00:00","2026-08-06 10:10:45","2026-08-06 10:13:19"
"Sinhala","0773579038","00:00:30","No answer","","RINGNOANSWER","Harshika","00:00:00","2026-08-06 10:14:19","2026-08-06 10:14:57"
"Sinhala","0742830009","00:00:30","No answer","","RINGNOANSWER","Harshika","00:00:00","2026-08-06 10:22:51","2026-08-06 10:23:22"
"Sinhala","0742830009","00:00:30","No answer","","RINGNOANSWER","Harshika","00:00:00","2026-08-06 10:22:51","2026-08-06 10:23:57"
"Tamil","0772336318","00:00:30","No answer","","RINGNOANSWER","Harshika","00:00:00","2026-08-06 10:20:12","2026-08-06 10:24:34"
"Sinhala","0729266292","00:00:30","No answer","","RINGNOANSWER","Harshika","00:00:00","2026-08-06 10:23:37","2026-08-06 10:25:05"
"Tamil","0772336318","00:00:30","No answer","","RINGNOANSWER","Harshika","00:00:00","2026-08-06 10:20:12","2026-08-06 10:25:46"
"Sinhala","0742830009","00:00:30","No answer","","RINGNOANSWER","Harshika","00:00:00","2026-08-06 10:25:35","2026-08-06 10:27:08"
"Sinhala","0772666051","00:00:30","No answer","","RINGNOANSWER","Harshika","00:00:00","2026-08-06 10:25:48","2026-08-06 10:29:24"
"Sinhala","0742830009","00:00:30","No answer","","RINGNOANSWER","Harshika","00:00:00","2026-08-06 10:25:35","2026-08-06 10:29:58"
"Tamil","0772336318","00:00:30","No answer","","RINGNOANSWER","Harshika","00:00:00","2026-08-06 10:20:12","2026-08-06 10:30:54"
"Tamil","0772336318","00:00:30","No answer","","RINGNOANSWER","Harshika","00:00:00","2026-08-06 10:20:12","2026-08-06 10:31:56"
"Sinhala","0775967578","00:00:30","No answer","","RINGNOANSWER","Harshika","00:00:00","2026-08-06 10:27:06","2026-08-06 10:32:56"
"Sinhala","0729488782","00:00:30","No answer","","RINGNOANSWER","Harshika","00:00:00","2026-08-06 10:41:00","2026-08-06 10:42:09"
"Sinhala","0729488782","00:00:30","No answer","","RINGNOANSWER","Harshika","00:00:00","2026-08-06 10:41:00","2026-08-06 10:42:44"
"Sinhala","0729488782","00:00:30","No answer","","RINGNOANSWER","Harshika","00:00:00","2026-08-06 10:41:00","2026-08-06 10:43:19"
"Sinhala","0703203961","00:00:30","No answer","","RINGNOANSWER","Harshika","00:00:00","2026-08-06 10:45:30","2026-08-06 10:46:00"
"Sinhala","0703203961","00:00:30","No answer","","RINGNOANSWER","Harshika","00:00:00","2026-08-06 10:45:30","2026-08-06 10:46:35"
"Sinhala","0715157416","00:00:30","No answer","","RINGNOANSWER","Harshika","00:00:00","2026-08-06 10:46:04","2026-08-06 10:47:16"
"Sinhala","0715157416","00:00:30","No answer","","RINGNOANSWER","Harshika","00:00:00","2026-08-06 10:46:04","2026-08-06 10:47:51"
"Sinhala","0715157416","00:00:30","No answer","","RINGNOANSWER","Harshika","00:00:00","2026-08-06 10:46:04","2026-08-06 10:48:26"
"Sinhala","0767130120","00:00:30","No answer","","RINGNOANSWER","Harshika","00:00:00","2026-08-06 10:43:44","2026-08-06 10:48:59"
"Tamil","0760015153","00:00:30","No answer","","RINGNOANSWER","Harshika","00:00:00","2026-08-06 10:48:06","2026-08-06 10:49:30"
"Tamil","0760015153","00:00:30","No answer","","RINGNOANSWER","Harshika","00:00:00","2026-08-06 10:48:06","2026-08-06 10:50:06"
"Sinhala","0767130120","00:00:30","No answer","","RINGNOANSWER","Harshika","00:00:00","2026-08-06 10:43:44","2026-08-06 10:51:44"
"Tamil","0752116061","00:00:30","No answer","","RINGNOANSWER","Harshika","00:00:00","2026-08-06 10:52:29","2026-08-06 10:53:18"
"Tamil","0769189660","00:00:30","No answer","","RINGNOANSWER","Harshika","00:00:00","2026-08-06 10:55:37","2026-08-06 10:56:30"
"Sinhala","0772287065","00:00:30","No answer","","RINGNOANSWER","Harshika","00:00:00","2026-08-06 10:57:26","2026-08-06 10:59:59"
"Sinhala","0740107979","00:00:30","No answer","","RINGNOANSWER","Harshika","00:00:00","2026-08-06 11:01:29","2026-08-06 11:02:04"
"Sinhala","0765560008","00:00:30","No answer","","RINGNOANSWER","Harshika","00:00:00","2026-08-06 11:02:01","2026-08-06 11:02:58"
"Sinhala","0765560008","00:00:30","No answer","","RINGNOANSWER","Harshika","00:00:00","2026-08-06 11:02:01","2026-08-06 11:03:47"
"Sinhala","0765560008","00:00:30","No answer","","RINGNOANSWER","Harshika","00:00:00","2026-08-06 11:04:22","2026-08-06 11:05:03"
"Sinhala","0703203961","00:00:30","No answer","","RINGNOANSWER","Harshika","00:00:00","2026-08-06 11:05:45","2026-08-06 11:06:45"
"Sinhala","0766636137","00:00:30","No answer","","RINGNOANSWER","Harshika","00:00:00","2026-08-06 11:07:51","2026-08-06 11:09:02"
"Sinhala","0766636137","00:00:00","No answer","","RINGNOANSWER","Harshika","00:00:00","2026-08-06 11:07:51","2026-08-06 11:09:16"
"Sinhala","0766636137","00:00:01","No answer","","RINGNOANSWER","Harshika","00:00:00","2026-08-06 11:07:51","2026-08-06 11:09:22"
"Sinhala","0766636137","00:00:00","No answer","","RINGNOANSWER","Harshika","00:00:00","2026-08-06 11:07:51","2026-08-06 11:09:27"
"Sinhala","0766636137","00:00:01","No answer","","RINGNOANSWER","Harshika","00:00:00","2026-08-06 11:07:51","2026-08-06 11:09:33"
"Sinhala","0766636137","00:00:00","No answer","","RINGNOANSWER","Harshika","00:00:00","2026-08-06 11:07:51","2026-08-06 11:09:38"
"Sinhala","0766636137","00:00:00","No answer","","RINGNOANSWER","Harshika","00:00:00","2026-08-06 11:07:51","2026-08-06 11:09:44"
"Sinhala","0766636137","00:00:01","No answer","","RINGNOANSWER","Harshika","00:00:00","2026-08-06 11:07:51","2026-08-06 11:09:51"
"Sinhala","0766636137","00:00:00","No answer","","RINGNOANSWER","Harshika","00:00:00","2026-08-06 11:07:51","2026-08-06 11:09:56"
"Sinhala","0766636137","00:00:01","No answer","","RINGNOANSWER","Harshika","00:00:00","2026-08-06 11:07:51","2026-08-06 11:10:02"
"Sinhala","0766636137","00:00:00","No answer","","RINGNOANSWER","Harshika","00:00:00","2026-08-06 11:07:51","2026-08-06 11:10:07"
"Sinhala","0766636137","00:00:04","No answer","","RINGNOANSWER","Harshika","00:00:00","2026-08-06 11:07:51","2026-08-06 11:10:17"
"Sinhala","0766636137","00:00:00","No answer","","RINGNOANSWER","Harshika","00:00:00","2026-08-06 11:07:51","2026-08-06 11:10:26"
"Sinhala","0766636137","00:00:01","No answer","","RINGNOANSWER","Harshika","00:00:00","2026-08-06 11:07:51","2026-08-06 11:10:32"
"Tamil","0716200578","00:00:30","No answer","","RINGNOANSWER","Harshika","00:00:00","2026-08-06 11:10:34","2026-08-06 11:11:04"
"Sinhala","0788178146","00:00:30","No answer","","RINGNOANSWER","Harshika","00:00:00","2026-08-06 11:10:13","2026-08-06 11:11:35"
"Tamil","0716200578","00:00:30","No answer","","RINGNOANSWER","Harshika","00:00:00","2026-08-06 11:10:34","2026-08-06 11:12:33"
"Sinhala","0761757012","00:00:30","No answer","","RINGNOANSWER","Harshika","00:00:00","2026-08-06 11:11:29","2026-08-06 11:13:03"
"Sinhala","0753520650","00:00:30","No answer","","RINGNOANSWER","Harshika","00:00:00","2026-08-06 11:11:18","2026-08-06 11:13:34"
"Sinhala","0761757012","00:00:30","No answer","","RINGNOANSWER","Harshika","00:00:00","2026-08-06 11:11:29","2026-08-06 11:14:31"
"Sinhala","0761757012","00:00:30","No answer","","RINGNOANSWER","Harshika","00:00:00","2026-08-06 11:11:29","2026-08-06 11:15:06"
"Sinhala","0761757012","00:00:30","No answer","","RINGNOANSWER","Harshika","00:00:00","2026-08-06 11:11:29","2026-08-06 11:15:41"
"Sinhala","0753520650","00:00:30","No answer","","RINGNOANSWER","Harshika","00:00:00","2026-08-06 11:11:18","2026-08-06 11:16:12"
"Sinhala","0753520650","00:00:30","No answer","","RINGNOANSWER","Harshika","00:00:00","2026-08-06 11:11:18","2026-08-06 11:16:58"
"Sinhala","0761757012","00:00:30","No answer","","RINGNOANSWER","Harshika","00:00:00","2026-08-06 11:11:29","2026-08-06 11:17:55"
"Sinhala","0778610695","00:00:30","No answer","","RINGNOANSWER","Harshika","00:00:00","2026-08-06 11:29:33","2026-08-06 11:31:39"
"Sinhala","0778610695","00:00:30","No answer","","RINGNOANSWER","Harshika","00:00:00","2026-08-06 11:29:33","2026-08-06 11:32:15"
"Sinhala","0778610695","00:00:30","No answer","","RINGNOANSWER","Harshika","00:00:00","2026-08-06 11:29:33","2026-08-06 11:34:01"
"Sinhala","0718060899","00:00:30","No answer","","RINGNOANSWER","Harshika","00:00:00","2026-08-06 11:36:31","2026-08-06 11:37:25"
"Sinhala","0779308747","00:00:30","No answer","","RINGNOANSWER","Harshika","00:00:00","2026-08-06 11:38:33","2026-08-06 11:39:03"
"Sinhala","0766636137","00:00:30","No answer","","RINGNOANSWER","Harshika","00:00:00","2026-08-06 11:39:45","2026-08-06 11:41:43"
"Tamil","0716200578","00:00:30","No answer","","RINGNOANSWER","Harshika","00:00:00","2026-08-06 11:41:44","2026-08-06 11:42:14"
"Sinhala","0760557494","00:00:30","No answer","","RINGNOANSWER","Harshika","00:00:00","2026-08-06 11:42:02","2026-08-06 11:42:46"
"Sinhala","0777206457","00:00:30","No answer","","RINGNOANSWER","Harshika","00:00:00","2026-08-06 11:47:01","2026-08-06 11:48:23"
"Tamil","0767440231","00:00:30","No answer","","RINGNOANSWER","Harshika","00:00:00","2026-08-06 11:48:25","2026-08-06 11:50:00"
"Tamil","0767440231","00:00:30","No answer","","RINGNOANSWER","Harshika","00:00:00","2026-08-06 11:48:25","2026-08-06 11:51:33"
"Sinhala","0760597215","00:00:30","No answer","","RINGNOANSWER","Harshika","00:00:00","2026-08-06 11:50:43","2026-08-06 11:52:06"
"Tamil","0767440231","00:00:30","No answer","","RINGNOANSWER","Harshika","00:00:00","2026-08-06 11:48:25","2026-08-06 11:52:37"
"Tamil","0767440231","00:00:30","No answer","","RINGNOANSWER","Harshika","00:00:00","2026-08-06 11:54:09","2026-08-06 11:54:39"
"Sinhala","0768315338","00:00:30","No answer","","RINGNOANSWER","Harshika","00:00:00","2026-08-06 11:55:23","2026-08-06 11:56:33"
"Tamil","0759088077","00:00:30","No answer","","RINGNOANSWER","Harshika","00:00:00","2026-08-06 11:58:14","2026-08-06 11:58:53"
"Sinhala","0770044299","00:00:30","No answer","","RINGNOANSWER","Harshika","00:00:00","2026-08-06 12:00:42","2026-08-06 12:01:12"
"Sinhala","0770044299","00:00:30","No answer","","RINGNOANSWER","Harshika","00:00:00","2026-08-06 12:00:42","2026-08-06 12:01:47"
"Tamil","0759088077","00:00:30","No answer","","RINGNOANSWER","Harshika","00:00:00","2026-08-06 12:02:08","2026-08-06 12:02:38"
"Tamil","0759088077","00:00:30","No answer","","RINGNOANSWER","Harshika","00:00:00","2026-08-06 12:02:08","2026-08-06 12:03:13"
"Tamil","0759088077","00:00:30","No answer","","RINGNOANSWER","Harshika","00:00:00","2026-08-06 12:02:08","2026-08-06 12:03:48"
"Sinhala","0764071667","00:00:30","No answer","","RINGNOANSWER","Harshika","00:00:00","2026-08-06 12:03:52","2026-08-06 12:04:22"
"Sinhala","0759799354","00:00:30","No answer","","RINGNOANSWER","Harshika","00:00:00","2026-08-06 12:04:31","2026-08-06 12:05:01"
"Tamil","0759088077","00:00:30","No answer","","RINGNOANSWER","Harshika","00:00:00","2026-08-06 12:02:08","2026-08-06 12:05:39"
"Tamil","0759088077","00:00:30","No answer","","RINGNOANSWER","Harshika","00:00:00","2026-08-06 12:02:08","2026-08-06 12:06:14"
"Tamil","0759088077","00:00:30","No answer","","RINGNOANSWER","Harshika","00:00:00","2026-08-06 12:02:08","2026-08-06 12:06:49"
"Sinhala","0764071667","00:00:30","No answer","","RINGNOANSWER","Harshika","00:00:00","2026-08-06 12:06:47","2026-08-06 12:07:23"
"Sinhala","0764071667","00:00:30","No answer","","RINGNOANSWER","Harshika","00:00:00","2026-08-06 12:06:47","2026-08-06 12:07:58"
"Tamil","0767440231","00:00:30","No answer","","RINGNOANSWER","Harshika","00:00:00","2026-08-06 12:06:36","2026-08-06 12:09:00"
"Sinhala","0766378411","00:00:30","No answer","","RINGNOANSWER","Harshika","00:00:00","2026-08-06 12:09:56","2026-08-06 12:10:36"
"Sinhala","0766378411","00:00:30","No answer","","RINGNOANSWER","Harshika","00:00:00","2026-08-06 12:09:56","2026-08-06 12:11:11"
"Sinhala","0704454124","00:00:30","No answer","","RINGNOANSWER","Harshika","00:00:00","2026-08-06 12:14:05","2026-08-06 12:15:00"
"Sinhala","0707791712","00:00:30","No answer","","RINGNOANSWER","Harshika","00:00:00","2026-08-06 12:14:56","2026-08-06 12:16:54"
"Sinhala","0711221766","00:00:30","No answer","","RINGNOANSWER","Harshika","00:00:00","2026-08-06 12:20:26","2026-08-06 12:21:09"
"Tamil","0759088077","00:00:30","No answer","","RINGNOANSWER","Harshika","00:00:00","2026-08-06 12:22:24","2026-08-06 12:22:54"
"Tamil","0759088077","00:00:30","No answer","","RINGNOANSWER","Harshika","00:00:00","2026-08-06 12:22:24","2026-08-06 12:23:29"
"Sinhala","0701470101","00:00:30","No answer","","RINGNOANSWER","Harshika","00:00:00","2026-08-06 12:30:28","2026-08-06 12:31:09"
"Tamil","0752882926","00:00:30","No answer","","RINGNOANSWER","Harshika","00:00:00","2026-08-06 12:29:26","2026-08-06 12:31:39"
"Tamil","0752882926","00:00:30","No answer","","RINGNOANSWER","Harshika","00:00:00","2026-08-06 12:29:26","2026-08-06 12:32:14"
"Tamil","0752882926","00:00:30","No answer","","RINGNOANSWER","Harshika","00:00:00","2026-08-06 12:29:26","2026-08-06 12:32:49"
"Tamil","0752882926","00:00:30","No answer","","RINGNOANSWER","Harshika","00:00:00","2026-08-06 12:29:26","2026-08-06 12:33:24"
"Tamil","0752882926","00:00:30","No answer","","RINGNOANSWER","Harshika","00:00:00","2026-08-06 12:29:26","2026-08-06 12:33:59"
"Tamil","0752882926","00:00:30","No answer","","RINGNOANSWER","Harshika","00:00:00","2026-08-06 12:29:26","2026-08-06 12:34:34"
"Tamil","0752882926","00:00:30","No answer","","RINGNOANSWER","Harshika","00:00:00","2026-08-06 12:29:26","2026-08-06 12:35:09"
"Tamil","0769189660","00:00:30","No answer","","RINGNOANSWER","Harshika","00:00:00","2026-08-06 12:29:57","2026-08-06 12:36:11"
"Tamil","0768529684","00:00:30","No answer","","RINGNOANSWER","Harshika","00:00:00","2026-08-06 12:37:30","2026-08-06 12:38:00"
"Tamil","0758311632","00:00:30","No answer","","RINGNOANSWER","Harshika","00:00:00","2026-08-06 12:39:58","2026-08-06 12:41:09"
"Sinhala","0764071667","00:00:30","No answer","","RINGNOANSWER","Harshika","00:00:00","2026-08-06 12:49:28","2026-08-06 12:50:42"
"Tamil","0752116061","00:00:30","No answer","","RINGNOANSWER","Harshika","00:00:00","2026-08-06 12:54:03","2026-08-06 12:54:37"
"Sinhala","0776822700","00:00:30","No answer","","RINGNOANSWER","Harshika","00:00:00","2026-08-06 12:55:50","2026-08-06 12:57:05"
"Tamil","0768529684","00:00:30","No answer","","RINGNOANSWER","Harshika","00:00:00","2026-08-06 12:58:10","2026-08-06 12:58:40"
"Tamil","0768529684","00:00:30","No answer","","RINGNOANSWER","Harshika","00:00:00","2026-08-06 13:10:10","2026-08-06 13:10:52"
"Sinhala","0785983627","00:00:30","No answer","","RINGNOANSWER","Harshika","00:00:00","2026-08-06 13:07:04","2026-08-06 13:12:26"
"Sinhala","0729522882","00:00:30","No answer","","RINGNOANSWER","Harshika","00:00:00","2026-08-06 13:21:38","2026-08-06 13:22:08"
"Sinhala","0778033275","00:00:30","No answer","","RINGNOANSWER","Harshika","00:00:00","2026-08-06 13:21:22","2026-08-06 13:22:45"
"Tamil","0704208243","00:00:30","No answer","","RINGNOANSWER","Harshika","00:00:00","2026-08-06 13:33:40","2026-08-06 13:34:10"
"Sinhala","0765560008","00:00:30","No answer","","RINGNOANSWER","Harshika","00:00:00","2026-08-06 13:40:29","2026-08-06 13:40:59"
"Sinhala","0761561978","00:00:01","No answer","","RINGNOANSWER","Harshika","00:00:00","2026-08-06 13:48:44","2026-08-06 13:49:41"
"Sinhala","0712565852","00:00:01","No answer","","RINGNOANSWER","Harshika","00:00:00","2026-08-06 13:47:53","2026-08-06 13:49:46"
"Sinhala","0761561978","00:00:00","No answer","","RINGNOANSWER","Harshika","00:00:00","2026-08-06 13:48:44","2026-08-06 13:49:52"
"Sinhala","0761561978","00:00:00","No answer","","RINGNOANSWER","Harshika","00:00:00","2026-08-06 13:48:44","2026-08-06 13:49:57"
"Sinhala","0761561978","00:00:01","No answer","","RINGNOANSWER","Harshika","00:00:00","2026-08-06 13:48:44","2026-08-06 13:50:03"
"Sinhala","0761561978","00:00:01","No answer","","RINGNOANSWER","Harshika","00:00:00","2026-08-06 13:48:44","2026-08-06 13:50:07"
"Sinhala","0761561978","00:00:00","No answer","","RINGNOANSWER","Harshika","00:00:00","2026-08-06 13:48:44","2026-08-06 13:50:12"
"Sinhala","0761561978","00:00:01","No answer","","RINGNOANSWER","Harshika","00:00:00","2026-08-06 13:48:44","2026-08-06 13:50:18"
"Sinhala","0761561978","00:00:00","No answer","","RINGNOANSWER","Harshika","00:00:00","2026-08-06 13:48:44","2026-08-06 13:50:27"
"Sinhala","0761561978","00:00:01","No answer","","RINGNOANSWER","Harshika","00:00:00","2026-08-06 13:48:44","2026-08-06 13:50:33"
"Sinhala","0761561978","00:00:01","No answer","","RINGNOANSWER","Harshika","00:00:00","2026-08-06 13:48:44","2026-08-06 13:50:39"
"Sinhala","0761561978","00:00:00","No answer","","RINGNOANSWER","Harshika","00:00:00","2026-08-06 13:48:44","2026-08-06 13:50:44"
"Sinhala","0761561978","00:00:02","No answer","","RINGNOANSWER","Harshika","00:00:00","2026-08-06 13:48:44","2026-08-06 13:50:51"
"Sinhala","0761561978","00:00:01","No answer","","RINGNOANSWER","Harshika","00:00:00","2026-08-06 13:48:44","2026-08-06 13:50:57"
"Sinhala","0761561978","00:00:04","No answer","","RINGNOANSWER","Harshika","00:00:00","2026-08-06 13:48:44","2026-08-06 13:51:06"
"Sinhala","0761561978","00:00:00","No answer","","RINGNOANSWER","Harshika","00:00:00","2026-08-06 13:48:44","2026-08-06 13:51:11"
"Sinhala","0761561978","00:00:01","No answer","","RINGNOANSWER","Harshika","00:00:00","2026-08-06 13:48:44","2026-08-06 13:51:17"
"Sinhala","0761561978","00:00:00","No answer","","RINGNOANSWER","Harshika","00:00:00","2026-08-06 13:48:44","2026-08-06 13:51:22"
"Sinhala","0761561978","00:00:01","No answer","","RINGNOANSWER","Harshika","00:00:00","2026-08-06 13:48:44","2026-08-06 13:51:28"
"Sinhala","0761561978","00:00:00","No answer","","RINGNOANSWER","Harshika","00:00:00","2026-08-06 13:48:44","2026-08-06 13:51:37"
"Sinhala","0761561978","00:00:01","No answer","","RINGNOANSWER","Harshika","00:00:00","2026-08-06 13:48:44","2026-08-06 13:51:43"
"Sinhala","0761561978","00:00:00","No answer","","RINGNOANSWER","Harshika","00:00:00","2026-08-06 13:48:44","2026-08-06 13:51:48"
"Sinhala","0761561978","00:00:01","No answer","","RINGNOANSWER","Harshika","00:00:00","2026-08-06 13:48:44","2026-08-06 13:51:54"
"Sinhala","0761561978","00:00:00","No answer","","RINGNOANSWER","Harshika","00:00:00","2026-08-06 13:48:44","2026-08-06 13:51:59"
"Sinhala","0761561978","00:00:01","No answer","","RINGNOANSWER","Harshika","00:00:00","2026-08-06 13:48:44","2026-08-06 13:52:05"
"Sinhala","0761561978","00:00:00","No answer","","RINGNOANSWER","Harshika","00:00:00","2026-08-06 13:48:44","2026-08-06 13:52:12"
"Sinhala","0761561978","00:00:01","No answer","","RINGNOANSWER","Harshika","00:00:00","2026-08-06 13:48:44","2026-08-06 13:52:18"
"Sinhala","0761561978","00:00:00","No answer","","RINGNOANSWER","Harshika","00:00:00","2026-08-06 13:48:44","2026-08-06 13:52:23"
"Sinhala","0761561978","00:00:01","No answer","","RINGNOANSWER","Harshika","00:00:00","2026-08-06 13:48:44","2026-08-06 13:52:29"
"Sinhala","0761561978","00:00:00","No answer","","RINGNOANSWER","Harshika","00:00:00","2026-08-06 13:48:44","2026-08-06 13:52:34"
"Sinhala","0761561978","00:00:01","No answer","","RINGNOANSWER","Harshika","00:00:00","2026-08-06 13:50:23","2026-08-06 13:52:40"
"Sinhala","0761561978","00:00:00","No answer","","RINGNOANSWER","Harshika","00:00:00","2026-08-06 13:48:44","2026-08-06 13:52:47"
"Sinhala","0761561978","00:00:01","No answer","","RINGNOANSWER","Harshika","00:00:00","2026-08-06 13:48:44","2026-08-06 13:52:53"
"Sinhala","0761561978","00:00:00","No answer","","RINGNOANSWER","Harshika","00:00:00","2026-08-06 13:48:44","2026-08-06 13:52:58"
"Sinhala","0761561978","00:00:01","No answer","","RINGNOANSWER","Harshika","00:00:00","2026-08-06 13:48:44","2026-08-06 13:53:04"
"Sinhala","0761561978","00:00:00","No answer","","RINGNOANSWER","Harshika","00:00:00","2026-08-06 13:50:23","2026-08-06 13:53:04"
"Sinhala","0761561978","00:00:00","No answer","","RINGNOANSWER","Harshika","00:00:00","2026-08-06 13:48:44","2026-08-06 13:53:09"
"Sinhala","0761561978","00:00:01","No answer","","RINGNOANSWER","Harshika","00:00:00","2026-08-06 13:48:44","2026-08-06 13:53:15"
"Sinhala","0761561978","00:00:00","No answer","","RINGNOANSWER","Harshika","00:00:00","2026-08-06 13:48:44","2026-08-06 13:53:22"
"Sinhala","0761561978","00:00:01","No answer","","RINGNOANSWER","Harshika","00:00:00","2026-08-06 13:48:44","2026-08-06 13:53:28"
"Sinhala","0761561978","00:00:00","No answer","","RINGNOANSWER","Harshika","00:00:00","2026-08-06 13:48:44","2026-08-06 13:53:33"
"Sinhala","0761561978","00:00:01","No answer","","RINGNOANSWER","Harshika","00:00:00","2026-08-06 13:48:44","2026-08-06 13:53:39"
"Sinhala","0761561978","00:00:00","No answer","","RINGNOANSWER","Harshika","00:00:00","2026-08-06 13:48:44","2026-08-06 13:53:44"
"Sinhala","0761561978","00:00:01","No answer","","RINGNOANSWER","Harshika","00:00:00","2026-08-06 13:48:44","2026-08-06 13:53:50"
"Sinhala","0761561978","00:00:00","No answer","","RINGNOANSWER","Harshika","00:00:00","2026-08-06 13:48:44","2026-08-06 13:53:57"
"Sinhala","0761561978","00:00:01","No answer","","RINGNOANSWER","Harshika","00:00:00","2026-08-06 13:48:44","2026-08-06 13:54:03"
"Sinhala","0761561978","00:00:00","No answer","","RINGNOANSWER","Harshika","00:00:00","2026-08-06 13:48:44","2026-08-06 13:54:08"
"Sinhala","0761561978","00:00:01","No answer","","RINGNOANSWER","Harshika","00:00:00","2026-08-06 13:48:44","2026-08-06 13:54:14"
"Sinhala","0761561978","00:00:00","No answer","","RINGNOANSWER","Harshika","00:00:00","2026-08-06 13:48:44","2026-08-06 13:54:19"
"Sinhala","0761561978","00:00:01","No answer","","RINGNOANSWER","Harshika","00:00:00","2026-08-06 13:48:44","2026-08-06 13:54:25"
"Sinhala","0761561978","00:00:00","No answer","","RINGNOANSWER","Harshika","00:00:00","2026-08-06 13:48:44","2026-08-06 13:54:30"
"Sinhala","0761561978","00:00:04","No answer","","RINGNOANSWER","Harshika","00:00:00","2026-08-06 13:48:44","2026-08-06 13:54:39"
"Sinhala","0761561978","00:00:01","No answer","","RINGNOANSWER","Harshika","00:00:00","2026-08-06 13:50:23","2026-08-06 13:54:45"
"Sinhala","0761561978","00:00:00","No answer","","RINGNOANSWER","Harshika","00:00:00","2026-08-06 13:50:23","2026-08-06 13:54:50"
"Sinhala","0761561978","00:00:01","No answer","","RINGNOANSWER","Harshika","00:00:00","2026-08-06 13:50:23","2026-08-06 13:54:56"
"Sinhala","0761561978","00:00:00","No answer","","RINGNOANSWER","Harshika","00:00:00","2026-08-06 13:50:23","2026-08-06 13:55:01"
"Sinhala","0761561978","00:00:01","No answer","","RINGNOANSWER","Harshika","00:00:00","2026-08-06 13:50:23","2026-08-06 13:55:07"
"Sinhala","0761561978","00:00:00","No answer","","RINGNOANSWER","Harshika","00:00:00","2026-08-06 13:50:23","2026-08-06 13:55:12"
"Sinhala","0761561978","00:00:01","No answer","","RINGNOANSWER","Harshika","00:00:00","2026-08-06 13:50:23","2026-08-06 13:55:20"
"Sinhala","0761561978","00:00:00","No answer","","RINGNOANSWER","Harshika","00:00:00","2026-08-06 13:50:23","2026-08-06 13:55:25"
"Sinhala","0761561978","00:00:01","No answer","","RINGNOANSWER","Harshika","00:00:00","2026-08-06 13:50:23","2026-08-06 13:55:31"
"Sinhala","0761561978","00:00:00","No answer","","RINGNOANSWER","Harshika","00:00:00","2026-08-06 13:50:23","2026-08-06 13:55:36"
"Sinhala","0761561978","00:00:01","No answer","","RINGNOANSWER","Harshika","00:00:00","2026-08-06 13:50:23","2026-08-06 13:55:42"
"Sinhala","0761561978","00:00:01","No answer","","RINGNOANSWER","Harshika","00:00:00","2026-08-06 13:50:23","2026-08-06 13:55:48"
"Sinhala","0761561978","00:00:08","No answer","","RINGNOANSWER","Harshika","00:00:00","2026-08-06 13:50:23","2026-08-06 13:56:02"
"Sinhala","0761561978","00:00:00","No answer","","RINGNOANSWER","Harshika","00:00:00","2026-08-06 13:50:23","2026-08-06 13:56:07"
"Sinhala","0761561978","00:00:01","No answer","","RINGNOANSWER","Harshika","00:00:00","2026-08-06 13:50:23","2026-08-06 13:56:13"
"Sinhala","0761561978","00:00:00","No answer","","RINGNOANSWER","Harshika","00:00:00","2026-08-06 13:50:23","2026-08-06 13:56:18"
"Sinhala","0761561978","00:00:01","No answer","","RINGNOANSWER","Harshika","00:00:00","2026-08-06 13:50:23","2026-08-06 13:56:24"
"Sinhala","0761561978","00:00:00","No answer","","RINGNOANSWER","Harshika","00:00:00","2026-08-06 13:50:23","2026-08-06 13:56:29"
"Sinhala","0761561978","00:00:04","No answer","","RINGNOANSWER","Harshika","00:00:00","2026-08-06 13:50:23","2026-08-06 13:56:38"
"Sinhala","0761561978","00:00:01","No answer","","RINGNOANSWER","Harshika","00:00:00","2026-08-06 13:50:23","2026-08-06 13:56:44"
"Sinhala","0761561978","00:00:00","No answer","","RINGNOANSWER","Harshika","00:00:00","2026-08-06 13:50:23","2026-08-06 13:56:49"
"Sinhala","0754814261","00:00:01","No answer","","RINGNOANSWER","Harshika","00:00:00","2026-08-06 13:53:28","2026-08-06 13:56:50"
"Sinhala","0761561978","00:00:05","No answer","","RINGNOANSWER","Harshika","00:00:00","2026-08-06 13:50:23","2026-08-06 13:56:59"
"Sinhala","0761561978","00:00:00","No answer","","RINGNOANSWER","Harshika","00:00:00","2026-08-06 13:50:23","2026-08-06 13:57:04"
"Sinhala","0761561978","00:00:01","No answer","","RINGNOANSWER","Harshika","00:00:00","2026-08-06 13:50:23","2026-08-06 13:57:10"
"Sinhala","0761561978","00:00:01","No answer","","RINGNOANSWER","Harshika","00:00:00","2026-08-06 13:50:23","2026-08-06 13:57:16"
"Sinhala","0761561978","00:00:00","No answer","","RINGNOANSWER","Harshika","00:00:00","2026-08-06 13:50:23","2026-08-06 13:57:21"
"Sinhala","0761561978","00:00:00","No answer","","RINGNOANSWER","Harshika","00:00:00","2026-08-06 13:50:23","2026-08-06 13:57:26"
"Sinhala","0761561978","00:00:01","No answer","","RINGNOANSWER","Harshika","00:00:00","2026-08-06 13:50:23","2026-08-06 13:57:32"
"Sinhala","0761561978","00:00:00","No answer","","RINGNOANSWER","Harshika","00:00:00","2026-08-06 13:50:23","2026-08-06 13:57:39"
"Sinhala","0761561978","00:00:01","No answer","","RINGNOANSWER","Harshika","00:00:00","2026-08-06 13:50:23","2026-08-06 13:57:45"
"Sinhala","0761561978","00:00:01","No answer","","RINGNOANSWER","Harshika","00:00:00","2026-08-06 13:50:23","2026-08-06 13:57:51"
"Sinhala","0761561978","00:00:00","No answer","","RINGNOANSWER","Harshika","00:00:00","2026-08-06 13:50:23","2026-08-06 13:57:56"
"Sinhala","0761561978","00:00:01","No answer","","RINGNOANSWER","Harshika","00:00:00","2026-08-06 13:50:23","2026-08-06 13:58:02"
"Sinhala","0761561978","00:00:00","No answer","","RINGNOANSWER","Harshika","00:00:00","2026-08-06 13:50:23","2026-08-06 13:58:07"
"Sinhala","0761561978","00:00:01","No answer","","RINGNOANSWER","Harshika","00:00:00","2026-08-06 13:50:23","2026-08-06 13:58:13"
"Sinhala","0761561978","00:00:00","No answer","","RINGNOANSWER","Harshika","00:00:00","2026-08-06 13:50:23","2026-08-06 13:58:18"
"Sinhala","0761561978","00:00:01","No answer","","RINGNOANSWER","Harshika","00:00:00","2026-08-06 13:50:23","2026-08-06 13:58:24"
"Sinhala","0761561978","00:00:00","No answer","","RINGNOANSWER","Harshika","00:00:00","2026-08-06 13:50:23","2026-08-06 13:58:29"
"Sinhala","0761561978","00:00:01","No answer","","RINGNOANSWER","Harshika","00:00:00","2026-08-06 13:50:23","2026-08-06 13:58:35"
"Sinhala","0773407995","00:00:00","No answer","","RINGNOANSWER","Harshika","00:00:00","2026-08-06 13:58:04","2026-08-06 13:58:41"
"Sinhala","0773407995","00:00:01","No answer","","RINGNOANSWER","Harshika","00:00:00","2026-08-06 13:58:04","2026-08-06 13:58:47"
"Sinhala","0712565852","00:00:00","No answer","","RINGNOANSWER","Harshika","00:00:00","2026-08-06 14:00:09","2026-08-06 14:00:09"
"Sinhala","0712565852","00:00:01","No answer","","RINGNOANSWER","Harshika","00:00:00","2026-08-06 14:00:09","2026-08-06 14:00:15"
"Sinhala","0712565852","00:00:00","No answer","","RINGNOANSWER","Harshika","00:00:00","2026-08-06 14:00:09","2026-08-06 14:00:20"
"Sinhala","0712565852","00:00:01","No answer","","RINGNOANSWER","Harshika","00:00:00","2026-08-06 14:00:09","2026-08-06 14:00:26"
"Sinhala","0712565852","00:00:00","No answer","","RINGNOANSWER","Harshika","00:00:00","2026-08-06 14:00:09","2026-08-06 14:00:31"
"Sinhala","0712565852","00:00:01","No answer","","RINGNOANSWER","Harshika","00:00:00","2026-08-06 14:00:09","2026-08-06 14:00:37"
"Sinhala","0712565852","00:00:01","No answer","","RINGNOANSWER","Harshika","00:00:00","2026-08-06 14:00:09","2026-08-06 14:00:43"
"Sinhala","0712565852","00:00:00","No answer","","RINGNOANSWER","Harshika","00:00:00","2026-08-06 14:00:09","2026-08-06 14:00:48"
"Sinhala","0712565852","00:00:01","No answer","","RINGNOANSWER","Harshika","00:00:00","2026-08-06 14:00:09","2026-08-06 14:00:54"
"Sinhala","0712565852","00:00:00","No answer","","RINGNOANSWER","Harshika","00:00:00","2026-08-06 14:00:09","2026-08-06 14:01:02"
"Sinhala","0712565852","00:00:00","No answer","","RINGNOANSWER","Harshika","00:00:00","2026-08-06 14:00:09","2026-08-06 14:01:07"
"Sinhala","0712565852","00:00:00","No answer","","RINGNOANSWER","Harshika","00:00:00","2026-08-06 14:00:09","2026-08-06 14:01:12"
"Sinhala","0712565852","00:00:01","No answer","","RINGNOANSWER","Harshika","00:00:00","2026-08-06 14:00:09","2026-08-06 14:01:18"
"Sinhala","0712565852","00:00:01","No answer","","RINGNOANSWER","Harshika","00:00:00","2026-08-06 14:00:09","2026-08-06 14:01:24"
"Sinhala","0712565852","00:00:00","No answer","","RINGNOANSWER","Harshika","00:00:00","2026-08-06 14:00:09","2026-08-06 14:01:29"
"Sinhala","0712565852","00:00:01","No answer","","RINGNOANSWER","Harshika","00:00:00","2026-08-06 14:00:09","2026-08-06 14:01:35"
"Sinhala","0712565852","00:00:00","No answer","","RINGNOANSWER","Harshika","00:00:00","2026-08-06 14:00:09","2026-08-06 14:01:40"
"Sinhala","0712565852","00:00:01","No answer","","RINGNOANSWER","Harshika","00:00:00","2026-08-06 14:00:09","2026-08-06 14:01:46"
"Sinhala","0712565852","00:00:00","No answer","","RINGNOANSWER","Harshika","00:00:00","2026-08-06 14:00:09","2026-08-06 14:01:51"
"Sinhala","0712565852","00:00:01","No answer","","RINGNOANSWER","Harshika","00:00:00","2026-08-06 14:00:09","2026-08-06 14:01:57"
"Sinhala","0712565852","00:00:00","No answer","","RINGNOANSWER","Harshika","00:00:00","2026-08-06 14:00:09","2026-08-06 14:02:02"
"Sinhala","0712565852","00:00:01","No answer","","RINGNOANSWER","Harshika","00:00:00","2026-08-06 14:00:09","2026-08-06 14:02:08"
"Sinhala","0712565852","00:00:00","No answer","","RINGNOANSWER","Harshika","00:00:00","2026-08-06 14:00:09","2026-08-06 14:02:13"
"Sinhala","0712565852","00:00:01","No answer","","RINGNOANSWER","Harshika","00:00:00","2026-08-06 14:00:09","2026-08-06 14:02:19"
"Sinhala","0712565852","00:00:00","No answer","","RINGNOANSWER","Harshika","00:00:00","2026-08-06 14:00:09","2026-08-06 14:02:24"
"Sinhala","0712565852","00:00:01","No answer","","RINGNOANSWER","Harshika","00:00:00","2026-08-06 14:00:09","2026-08-06 14:02:30"
"Sinhala","0712565852","00:00:00","No answer","","RINGNOANSWER","Harshika","00:00:00","2026-08-06 14:00:09","2026-08-06 14:02:35"
"Sinhala","0742704413","00:00:00","No answer","","RINGNOANSWER","Harshika","00:00:00","2026-08-06 14:02:32","2026-08-06 14:02:40"
"Sinhala","0742704413","00:00:01","No answer","","RINGNOANSWER","Harshika","00:00:00","2026-08-06 14:02:32","2026-08-06 14:02:46"
"Sinhala","0742704413","00:00:00","No answer","","RINGNOANSWER","Harshika","00:00:00","2026-08-06 14:02:32","2026-08-06 14:02:51"
"Sinhala","0742704413","00:00:01","No answer","","RINGNOANSWER","Harshika","00:00:00","2026-08-06 14:02:32","2026-08-06 14:02:57"
"Sinhala","0742704413","00:00:00","No answer","","RINGNOANSWER","Harshika","00:00:00","2026-08-06 14:02:32","2026-08-06 14:03:02"
"Sinhala","0742704413","00:00:01","No answer","","RINGNOANSWER","Harshika","00:00:00","2026-08-06 14:02:32","2026-08-06 14:03:08"
"Sinhala","0742704413","00:00:01","No answer","","RINGNOANSWER","Harshika","00:00:00","2026-08-06 14:02:32","2026-08-06 14:03:14"
"Sinhala","0742704413","00:00:00","No answer","","RINGNOANSWER","Harshika","00:00:00","2026-08-06 14:02:32","2026-08-06 14:03:19"
"Sinhala","0742704413","00:00:01","No answer","","RINGNOANSWER","Harshika","00:00:00","2026-08-06 14:02:32","2026-08-06 14:03:25"
"Sinhala","0742075597","00:00:01","No answer","","RINGNOANSWER","Harshika","00:00:00","2026-08-06 14:27:20","2026-08-06 14:29:57"
"Sinhala","0742075597","00:00:00","No answer","","RINGNOANSWER","Harshika","00:00:00","2026-08-06 14:27:20","2026-08-06 14:30:02"
"Sinhala","0742075597","00:00:01","No answer","","RINGNOANSWER","Harshika","00:00:00","2026-08-06 14:27:20","2026-08-06 14:30:08"
"Sinhala","0742075597","00:00:00","No answer","","RINGNOANSWER","Harshika","00:00:00","2026-08-06 14:27:20","2026-08-06 14:30:13"
"Sinhala","0742075597","00:00:00","No answer","","RINGNOANSWER","Harshika","00:00:00","2026-08-06 14:27:20","2026-08-06 14:30:18"
"Sinhala","0742075597","00:00:01","No answer","","RINGNOANSWER","Harshika","00:00:00","2026-08-06 14:27:20","2026-08-06 14:30:24"
"Sinhala","0742075597","00:00:00","No answer","","RINGNOANSWER","Harshika","00:00:00","2026-08-06 14:27:20","2026-08-06 14:30:29"
"Sinhala","0742075597","00:00:00","No answer","","RINGNOANSWER","Harshika","00:00:00","2026-08-06 14:27:20","2026-08-06 14:30:34"
"Sinhala","0742075597","00:00:01","No answer","","RINGNOANSWER","Harshika","00:00:00","2026-08-06 14:27:20","2026-08-06 14:30:40"
"Sinhala","0742075597","00:00:00","No answer","","RINGNOANSWER","Harshika","00:00:00","2026-08-06 14:27:20","2026-08-06 14:30:45"
"Sinhala","0742075597","00:00:01","No answer","","RINGNOANSWER","Harshika","00:00:00","2026-08-06 14:27:20","2026-08-06 14:30:51"
"Sinhala","0777494737","00:00:01","No answer","","RINGNOANSWER","Harshika","00:00:00","2026-08-06 14:28:21","2026-08-06 14:30:56"
"Sinhala","0777494737","00:00:00","No answer","","RINGNOANSWER","Harshika","00:00:00","2026-08-06 14:28:21","2026-08-06 14:31:01"
"Sinhala","0777494737","00:00:01","No answer","","RINGNOANSWER","Harshika","00:00:00","2026-08-06 14:28:21","2026-08-06 14:31:07"
"Sinhala","0777494737","00:00:00","No answer","","RINGNOANSWER","Harshika","00:00:00","2026-08-06 14:28:21","2026-08-06 14:31:12"
"Sinhala","0777494737","00:00:00","No answer","","RINGNOANSWER","Harshika","00:00:00","2026-08-06 14:28:21","2026-08-06 14:31:17"
"Tamil","0761284694","00:00:00","No answer","","RINGNOANSWER","Harshika","00:00:00","2026-08-06 14:31:21","2026-08-06 14:31:21"
"Sinhala","0777494737","00:00:01","No answer","","RINGNOANSWER","Harshika","00:00:00","2026-08-06 14:28:21","2026-08-06 14:31:23"
"Tamil","0761284694","00:00:00","No answer","","RINGNOANSWER","Harshika","00:00:00","2026-08-06 14:31:21","2026-08-06 14:31:26"
"Sinhala","0777494737","00:00:00","No answer","","RINGNOANSWER","Harshika","00:00:00","2026-08-06 14:28:21","2026-08-06 14:31:28"
"Tamil","0761284694","00:00:01","No answer","","RINGNOANSWER","Harshika","00:00:00","2026-08-06 14:31:21","2026-08-06 14:31:32"
"Sinhala","0777494737","00:00:00","No answer","","RINGNOANSWER","Harshika","00:00:00","2026-08-06 14:28:21","2026-08-06 14:31:33"
"Tamil","0761284694","00:00:00","No answer","","RINGNOANSWER","Harshika","00:00:00","2026-08-06 14:31:21","2026-08-06 14:31:37"
"Sinhala","0777494737","00:00:01","No answer","","RINGNOANSWER","Harshika","00:00:00","2026-08-06 14:28:21","2026-08-06 14:31:39"
"Tamil","0761284694","00:00:00","No answer","","RINGNOANSWER","Harshika","00:00:00","2026-08-06 14:31:21","2026-08-06 14:31:42"
"Sinhala","0777494737","00:00:00","No answer","","RINGNOANSWER","Harshika","00:00:00","2026-08-06 14:28:21","2026-08-06 14:31:44"
"Tamil","0761284694","00:00:01","No answer","","RINGNOANSWER","Harshika","00:00:00","2026-08-06 14:31:21","2026-08-06 14:31:48"
"Sinhala","0777494737","00:00:01","No answer","","RINGNOANSWER","Harshika","00:00:00","2026-08-06 14:28:21","2026-08-06 14:31:50"
"Tamil","0761284694","00:00:00","No answer","","RINGNOANSWER","Harshika","00:00:00","2026-08-06 14:31:21","2026-08-06 14:31:53"
"Sinhala","0777494737","00:00:00","No answer","","RINGNOANSWER","Harshika","00:00:00","2026-08-06 14:28:21","2026-08-06 14:31:55"
"Tamil","0761284694","00:00:00","No answer","","RINGNOANSWER","Harshika","00:00:00","2026-08-06 14:31:21","2026-08-06 14:31:58"
"Sinhala","0777494737","00:00:00","No answer","","RINGNOANSWER","Harshika","00:00:00","2026-08-06 14:28:21","2026-08-06 14:32:00"
"Tamil","0761284694","00:00:01","No answer","","RINGNOANSWER","Harshika","00:00:00","2026-08-06 14:31:21","2026-08-06 14:32:04"
"Sinhala","0777494737","00:00:01","No answer","","RINGNOANSWER","Harshika","00:00:00","2026-08-06 14:28:21","2026-08-06 14:32:06"
"Tamil","0761284694","00:00:00","No answer","","RINGNOANSWER","Harshika","00:00:00","2026-08-06 14:31:21","2026-08-06 14:32:09"
"Sinhala","0777494737","00:00:00","No answer","","RINGNOANSWER","Harshika","00:00:00","2026-08-06 14:28:21","2026-08-06 14:32:11"
"Tamil","0761284694","00:00:30","No answer","","RINGNOANSWER","Harshika","00:00:00","2026-08-06 14:31:21","2026-08-06 14:32:44"
"Tamil","0761284694","00:03:43","Caller","1","COMPLETECALLER","Harshika","00:01:48","2026-08-06 14:31:21","2026-08-06 14:36:52"
"Sinhala","0712565852","00:00:30","No answer","","RINGNOANSWER","Harshika","00:00:00","2026-08-06 14:36:15","2026-08-06 14:37:28"
"Tamil","0768529684","00:00:16","Agent","1","COMPLETEAGENT","Harshika","00:00:10","2026-08-06 14:40:04","2026-08-06 14:40:30"
"Tamil","0768529684","00:00:30","No answer","","RINGNOANSWER","Harshika","00:00:00","2026-08-06 14:40:48","2026-08-06 14:41:18"
"Sinhala","0752628462","00:00:30","No answer","","RINGNOANSWER","Harshika","00:00:00","2026-08-06 14:54:08","2026-08-06 14:56:42"
"Tamil","0768529684","00:00:30","No answer","","RINGNOANSWER","Harshika","00:00:00","2026-08-06 15:00:08","2026-08-06 15:01:05"
"Sinhala","0769932319","00:00:30","No answer","","RINGNOANSWER","Harshika","00:00:00","2026-08-06 15:05:12","2026-08-06 15:06:25"
"Tamil","0729488782","00:00:30","No answer","","RINGNOANSWER","Harshika","00:00:00","2026-08-06 15:48:26","2026-08-06 15:53:57"
"Sinhala","0787879292","00:00:30","No answer","","RINGNOANSWER","Harshika","00:00:00","2026-08-06 15:56:16","2026-08-06 15:56:46"
"Tamil","0779341063","00:00:30","No answer","","RINGNOANSWER","Harshika","00:00:00","2026-08-06 16:05:11","2026-08-06 16:05:41"
"Tamil","0779341063","00:00:30","No answer","","RINGNOANSWER","Harshika","00:00:00","2026-08-06 16:05:11","2026-08-06 16:06:16"
"Sinhala","0779341063","00:00:30","No answer","","RINGNOANSWER","Harshika","00:00:00","2026-08-06 16:06:53","2026-08-06 16:07:36"
"Sinhala","0779341063","00:00:01","No answer","","RINGNOANSWER","Harshika","00:00:00","2026-08-06 16:08:28","2026-08-06 16:08:29"
"Sinhala","0779341063","00:00:00","No answer","","RINGNOANSWER","Harshika","00:00:00","2026-08-06 16:08:28","2026-08-06 16:08:34"
"Tamil","0725518575","00:00:30","No answer","","RINGNOANSWER","Harshika","00:00:00","2026-08-06 16:06:28","2026-08-06 16:09:10"
"Tamil","0725518575","00:00:30","No answer","","RINGNOANSWER","Harshika","00:00:00","2026-08-06 16:09:45","2026-08-06 16:10:15"
"Tamil","0779341063","00:00:30","No answer","","RINGNOANSWER","Harshika","00:00:00","2026-08-06 16:10:30","2026-08-06 16:11:12"
"Tamil","0779341063","00:00:30","No answer","","RINGNOANSWER","Harshika","00:00:00","2026-08-06 16:14:16","2026-08-06 16:15:21"
"Sinhala","0704916454","00:00:30","No answer","","RINGNOANSWER","Harshika","00:00:00","2026-08-06 16:31:02","2026-08-06 16:31:43"
"Tamil","0786111686","00:00:30","No answer","","RINGNOANSWER","Harshika","00:00:00","2026-08-06 16:34:58","2026-08-06 16:35:28"
"Sinhala","0726032831","00:00:30","No answer","","RINGNOANSWER","Harshika","00:00:00","2026-08-06 17:12:53","2026-08-06 17:13:30"
"Sinhala","0718732105","00:00:30","No answer","","RINGNOANSWER","Harshika","00:00:00","2026-08-06 17:26:32","2026-08-06 17:27:35"
"Sinhala","0773556230","00:00:30","No answer","","RINGNOANSWER","Harshika","00:00:00","2026-08-06 17:29:39","2026-08-06 17:30:54"
"Tamil","0755551531","00:00:30","No answer","","RINGNOANSWER","Harshika","00:00:00","2026-08-06 17:44:47","2026-08-06 17:45:17"
"Sinhala","0777590673","00:00:30","No answer","","RINGNOANSWER","Harshika","00:00:00","2026-08-06 17:57:57","2026-08-06 17:58:57"
"Sinhala","0776822700","00:00:30","No answer","","RINGNOANSWER","Harshika","00:00:00","2026-08-07 09:01:19","2026-08-07 09:03:08"
"Sinhala","0776822700","00:00:30","No answer","","RINGNOANSWER","Harshika","00:00:00","2026-08-07 09:01:19","2026-08-07 09:03:43"
"Sinhala","0701372107","00:00:30","No answer","","RINGNOANSWER","Harshika","00:00:00","2026-08-07 09:03:44","2026-08-07 09:04:32"
"Sinhala","0701372107","00:00:30","No answer","","RINGNOANSWER","Harshika","00:00:00","2026-08-07 09:03:44","2026-08-07 09:05:07"
"Sinhala","0701372107","00:00:30","No answer","","RINGNOANSWER","Harshika","00:00:00","2026-08-07 09:03:44","2026-08-07 09:05:42"
"Sinhala","0701372107","00:00:30","No answer","","RINGNOANSWER","Harshika","00:00:00","2026-08-07 09:03:44","2026-08-07 09:06:17"
"Sinhala","0701372107","00:00:30","No answer","","RINGNOANSWER","Harshika","00:00:00","2026-08-07 09:03:44","2026-08-07 09:06:52"
"Sinhala","0701372107","00:00:30","No answer","","RINGNOANSWER","Harshika","00:00:00","2026-08-07 09:03:44","2026-08-07 09:07:27"
"Sinhala","0740128084","00:00:30","No answer","","RINGNOANSWER","Harshika","00:00:00","2026-08-07 09:11:03","2026-08-07 09:11:38"
"Sinhala","0726032831","00:00:30","No answer","","RINGNOANSWER","Harshika","00:00:00","2026-08-07 09:12:31","2026-08-07 09:13:06"
"Sinhala","0726032831","00:00:30","No answer","","RINGNOANSWER","Harshika","00:00:00","2026-08-07 09:12:31","2026-08-07 09:13:41"
"Sinhala","0726032831","00:00:30","No answer","","RINGNOANSWER","Harshika","00:00:00","2026-08-07 09:12:31","2026-08-07 09:14:16"
"Sinhala","0726032831","00:00:30","No answer","","RINGNOANSWER","Harshika","00:00:00","2026-08-07 09:12:31","2026-08-07 09:15:37"
"Tamil","0765858862","00:00:30","No answer","","RINGNOANSWER","Harshika","00:00:00","2026-08-07 09:15:11","2026-08-07 09:16:08"
"Sinhala","0112552761","00:00:30","No answer","","RINGNOANSWER","Harshika","00:00:00","2026-08-07 09:15:03","2026-08-07 09:16:50"
"Sinhala","0112552761","00:00:30","No answer","","RINGNOANSWER","Harshika","00:00:00","2026-08-07 09:15:03","2026-08-07 09:17:25"
"Sinhala","0112552761","00:00:30","No answer","","RINGNOANSWER","Harshika","00:00:00","2026-08-07 09:15:03","2026-08-07 09:18:00"
"Sinhala","0112552761","00:00:30","No answer","","RINGNOANSWER","Harshika","00:00:00","2026-08-07 09:15:03","2026-08-07 09:18:38"
"Sinhala","0112552761","00:00:30","No answer","","RINGNOANSWER","Harshika","00:00:00","2026-08-07 09:15:03","2026-08-07 09:19:13"
"Sinhala","0112552761","00:00:30","No answer","","RINGNOANSWER","Harshika","00:00:00","2026-08-07 09:15:03","2026-08-07 09:19:48"
"Sinhala","0112552761","00:00:30","No answer","","RINGNOANSWER","Harshika","00:00:00","2026-08-07 09:15:03","2026-08-07 09:20:23"
"Sinhala","0112552761","00:00:30","No answer","","RINGNOANSWER","Harshika","00:00:00","2026-08-07 09:15:03","2026-08-07 09:20:58"
"Sinhala","0112552761","00:00:30","No answer","","RINGNOANSWER","Harshika","00:00:00","2026-08-07 09:15:03","2026-08-07 09:21:33"
"Sinhala","0112552761","00:00:30","No answer","","RINGNOANSWER","Harshika","00:00:00","2026-08-07 09:15:03","2026-08-07 09:22:08"
"Tamil","0752882926","00:00:30","No answer","","RINGNOANSWER","Harshika","00:00:00","2026-08-07 09:23:32","2026-08-07 09:24:02"
"Tamil","0752882926","00:00:30","No answer","","RINGNOANSWER","Harshika","00:00:00","2026-08-07 09:23:32","2026-08-07 09:24:37"
"Sinhala","0772991183","00:00:30","No answer","","RINGNOANSWER","Harshika","00:00:00","2026-08-07 09:24:34","2026-08-07 09:25:08"
"Sinhala","0772991183","00:00:30","No answer","","RINGNOANSWER","Harshika","00:00:00","2026-08-07 09:24:34","2026-08-07 09:25:43"
"Sinhala","0772991183","00:00:30","No answer","","RINGNOANSWER","Harshika","00:00:00","2026-08-07 09:24:34","2026-08-07 09:26:18"
"Tamil","0765858862","00:00:30","No answer","","RINGNOANSWER","Harshika","00:00:00","2026-08-07 09:26:02","2026-08-07 09:26:48"
"Sinhala","0775295852","00:00:30","No answer","","RINGNOANSWER","Harshika","00:00:00","2026-08-07 09:42:43","2026-08-07 09:43:13"
"Sinhala","0775295852","00:00:30","No answer","","RINGNOANSWER","Harshika","00:00:00","2026-08-07 09:42:43","2026-08-07 09:43:48"
"Sinhala","0772287065","00:00:30","No answer","","RINGNOANSWER","Harshika","00:00:00","2026-08-07 09:44:34","2026-08-07 09:46:11"
"Sinhala","0713931004","00:00:30","No answer","","RINGNOANSWER","Harshika","00:00:00","2026-08-07 09:48:26","2026-08-07 09:49:08"
"Sinhala","0713931004","00:00:30","No answer","","RINGNOANSWER","Harshika","00:00:00","2026-08-07 09:48:26","2026-08-07 09:49:43"
"Sinhala","0767130120","00:00:30","No answer","","RINGNOANSWER","Harshika","00:00:00","2026-08-07 09:48:39","2026-08-07 09:50:40"
"Sinhala","0767130120","00:00:30","No answer","","RINGNOANSWER","Harshika","00:00:00","2026-08-07 09:48:39","2026-08-07 09:51:15"
"Sinhala","0766378411","00:00:30","No answer","","RINGNOANSWER","Harshika","00:00:00","2026-08-07 09:52:18","2026-08-07 09:53:35"
"Tamil","0742704413","00:00:30","No answer","","RINGNOANSWER","Harshika","00:00:00","2026-08-07 10:02:06","2026-08-07 10:02:38"
"Sinhala","0764071667","00:00:30","No answer","","RINGNOANSWER","Harshika","00:00:00","2026-08-07 10:00:58","2026-08-07 10:03:08"
"Tamil","0765858862","00:00:30","No answer","","RINGNOANSWER","Harshika","00:00:00","2026-08-07 10:06:55","2026-08-07 10:07:31"
"Sinhala","0702960642","00:00:30","No answer","","RINGNOANSWER","Harshika","00:00:00","2026-08-07 10:08:44","2026-08-07 10:12:38"
"Sinhala","0702960642","00:00:30","No answer","","RINGNOANSWER","Harshika","00:00:00","2026-08-07 10:08:44","2026-08-07 10:13:13"
"Sinhala","0755404723","00:00:29","No answer","","RINGNOANSWER","Harshika","00:00:00","2026-08-07 10:19:19","2026-08-07 10:21:29"
"Sinhala","0755404723","00:02:11","Caller","4","COMPLETECALLER","Harshika","00:02:23","2026-08-07 10:19:19","2026-08-07 10:23:53"
"Sinhala","0764165009","00:00:30","No answer","","RINGNOANSWER","Harshika","00:00:00","2026-08-07 10:23:33","2026-08-07 10:24:23"
"Sinhala","0743500597","00:00:30","No answer","","RINGNOANSWER","Harshika","00:00:00","2026-08-07 10:32:21","2026-08-07 10:32:51"
"Sinhala","0705126559","00:00:30","No answer","","RINGNOANSWER","Harshika","00:00:00","2026-08-07 10:30:43","2026-08-07 10:33:56"
"Sinhala","0705126559","00:00:30","No answer","","RINGNOANSWER","Harshika","00:00:00","2026-08-07 10:34:49","2026-08-07 10:35:49"
"Sinhala","0742704413","00:00:30","No answer","","RINGNOANSWER","Harshika","00:00:00","2026-08-07 10:37:43","2026-08-07 10:38:38"
"Tamil","0758422459","00:00:30","No answer","","RINGNOANSWER","Harshika","00:00:00","2026-08-07 10:38:44","2026-08-07 10:39:41"
"Tamil","0758422459","00:00:30","No answer","","RINGNOANSWER","Harshika","00:00:00","2026-08-07 10:38:44","2026-08-07 10:40:16"
"Sinhala","0710799847","00:00:30","No answer","","RINGNOANSWER","Harshika","00:00:00","2026-08-07 10:39:58","2026-08-07 10:40:46"
"Sinhala","0775215259","00:00:30","No answer","","RINGNOANSWER","Harshika","00:00:00","2026-08-07 10:37:32","2026-08-07 10:41:16"
"Tamil","0758422459","00:00:30","No answer","","RINGNOANSWER","Harshika","00:00:00","2026-08-07 10:38:44","2026-08-07 10:41:47"
"Tamil","0758422459","00:00:30","No answer","","RINGNOANSWER","Harshika","00:00:00","2026-08-07 10:38:44","2026-08-07 10:42:22"
"Sinhala","0775215259","00:00:30","No answer","","RINGNOANSWER","Harshika","00:00:00","2026-08-07 10:37:32","2026-08-07 10:43:26"
"Tamil","0758422459","00:00:30","No answer","","RINGNOANSWER","Harshika","00:00:00","2026-08-07 10:38:44","2026-08-07 10:44:16"
"Tamil","0776033685","00:00:30","No answer","","RINGNOANSWER","Harshika","00:00:00","2026-08-07 10:44:49","2026-08-07 10:45:20"
"Sinhala","0776975411","00:00:30","No answer","","RINGNOANSWER","Harshika","00:00:00","2026-08-07 10:52:25","2026-08-07 10:52:55"
"Sinhala","0768322303","00:01:23","Agent","2","COMPLETEAGENT","Harshika","00:00:07","2026-08-07 10:55:01","2026-08-07 10:56:31"
"Sinhala","0772201964","00:00:01","No answer","","RINGNOANSWER","Harshika","00:00:00","2026-08-08 09:13:24","2026-08-08 09:13:25"
"Sinhala","0779480480","00:00:00","No answer","","RINGNOANSWER","Harshika","00:00:00","2026-08-08 09:13:34","2026-08-08 09:13:34"
"Sinhala","0779480480","00:00:01","No answer","","RINGNOANSWER","Harshika","00:00:00","2026-08-08 09:13:34","2026-08-08 09:13:40"
"Sinhala","0779480480","00:00:00","No answer","","RINGNOANSWER","Harshika","00:00:00","2026-08-08 09:13:34","2026-08-08 09:13:46"
"Sinhala","0779480480","00:00:01","No answer","","RINGNOANSWER","Harshika","00:00:00","2026-08-08 09:13:34","2026-08-08 09:13:52"
"Sinhala","0779480480","00:00:00","No answer","","RINGNOANSWER","Harshika","00:00:00","2026-08-08 09:13:34","2026-08-08 09:13:57"
"Sinhala","0779480480","00:00:01","No answer","","RINGNOANSWER","Harshika","00:00:00","2026-08-08 09:13:34","2026-08-08 09:14:03"
"Sinhala","0779480480","00:00:00","No answer","","RINGNOANSWER","Harshika","00:00:00","2026-08-08 09:13:34","2026-08-08 09:14:08"
"Sinhala","0779480480","00:00:01","No answer","","RINGNOANSWER","Harshika","00:00:00","2026-08-08 09:13:34","2026-08-08 09:14:14"
"Sinhala","0779480480","00:00:00","No answer","","RINGNOANSWER","Harshika","00:00:00","2026-08-08 09:13:34","2026-08-08 09:14:21"
"Sinhala","0779480480","00:00:01","No answer","","RINGNOANSWER","Harshika","00:00:00","2026-08-08 09:13:34","2026-08-08 09:14:27"
"Sinhala","0779480480","00:00:00","No answer","","RINGNOANSWER","Harshika","00:00:00","2026-08-08 09:13:34","2026-08-08 09:14:32"
"Sinhala","0779480480","00:00:01","No answer","","RINGNOANSWER","Harshika","00:00:00","2026-08-08 09:13:34","2026-08-08 09:14:38"
"Sinhala","0779480480","00:00:00","No answer","","RINGNOANSWER","Harshika","00:00:00","2026-08-08 09:13:34","2026-08-08 09:14:43"
"Sinhala","0779480480","00:00:00","No answer","","RINGNOANSWER","Harshika","00:00:00","2026-08-08 09:13:34","2026-08-08 09:14:48"
"Sinhala","0779480480","00:00:01","No answer","","RINGNOANSWER","Harshika","00:00:00","2026-08-08 09:13:34","2026-08-08 09:14:57"
"Sinhala","0779480480","00:00:00","No answer","","RINGNOANSWER","Harshika","00:00:00","2026-08-08 09:20:49","2026-08-08 09:21:24"
"Sinhala","0779480480","00:00:01","No answer","","RINGNOANSWER","Harshika","00:00:00","2026-08-08 09:20:49","2026-08-08 09:21:30"
"Sinhala","0779480480","00:00:00","No answer","","RINGNOANSWER","Harshika","00:00:00","2026-08-08 09:20:49","2026-08-08 09:21:35"
"Sinhala","0779480480","00:03:25","Caller","2","COMPLETECALLER","Harshika","00:00:55","2026-08-08 09:20:49","2026-08-08 09:25:09"
"Sinhala","0773635567","00:04:01","Caller","2","COMPLETECALLER","Harshika","00:00:04","2026-08-08 09:25:20","2026-08-08 09:29:25"
"Sinhala","0703655375","00:01:47","Caller","2","COMPLETECALLER","Harshika","00:01:25","2026-08-08 09:28:03","2026-08-08 09:31:15"
"Sinhala","0707212606","00:01:52","Caller","1","COMPLETECALLER","Harshika","00:00:06","2026-08-08 09:42:10","2026-08-08 09:44:08"
"Sinhala","0766589987","00:01:46","Caller","1","COMPLETECALLER","Harshika","00:00:04","2026-08-08 09:44:54","2026-08-08 09:46:44"
"Tamil","0720221327","00:02:35","Agent","1","COMPLETEAGENT","Harshika","00:01:27","2026-08-08 09:42:45","2026-08-08 09:46:47"
"Tamil","0704208243","00:01:21","Caller","1","COMPLETECALLER","Harshika","00:00:04","2026-08-08 09:51:28","2026-08-08 09:52:53"
"Tamil","0704208243","00:01:35","Caller","1","COMPLETECALLER","Harshika","00:00:06","2026-08-08 09:54:06","2026-08-08 09:55:47"
"Sinhala","0772646458","00:03:50","Caller","2","COMPLETECALLER","Harshika","00:00:04","2026-08-08 09:57:17","2026-08-08 10:01:11"
"Sinhala","0767960156","00:01:46","Agent","2","COMPLETEAGENT","Harshika","00:00:03","2026-08-08 10:01:18","2026-08-08 10:03:07"
"Sinhala","0721919285","00:03:10","Caller","1","COMPLETECALLER","Harshika","00:00:06","2026-08-08 10:32:34","2026-08-08 10:35:50"
"Sinhala","0789745393","00:00:50","Caller","1","COMPLETECALLER","Harshika","00:00:49","2026-08-08 10:35:05","2026-08-08 10:36:44"
"Tamil","0764911325","00:04:22","Caller","1","COMPLETECALLER","Harshika","00:00:04","2026-08-08 10:43:01","2026-08-08 10:47:27"
"Sinhala","0718059378","00:00:00","No answer","","RINGNOANSWER","Harshika","00:00:00","2026-08-08 10:52:41","2026-08-08 10:52:41"
"Sinhala","0770390357","00:01:11","Caller","1","COMPLETECALLER","Harshika","00:00:05","2026-08-08 11:07:52","2026-08-08 11:09:08"
"Sinhala","0711523125","00:04:13","Caller","1","COMPLETECALLER","Harshika","00:00:05","2026-08-08 11:14:51","2026-08-08 11:19:09"
"Tamil","0774445915","00:00:00","No answer","","RINGNOANSWER","Harshika","00:00:00","2026-08-08 11:33:12","2026-08-08 11:33:12"
"Tamil","0774445915","00:00:01","No answer","","RINGNOANSWER","Harshika","00:00:00","2026-08-08 11:33:12","2026-08-08 11:33:48"
"Tamil","0774445915","00:00:01","No answer","","RINGNOANSWER","Harshika","00:00:00","2026-08-08 11:33:12","2026-08-08 11:34:23"
"Tamil","0774445915","00:00:01","No answer","","RINGNOANSWER","Harshika","00:00:00","2026-08-08 11:33:12","2026-08-08 11:34:58"
"Tamil","0774445915","00:00:00","No answer","","RINGNOANSWER","Harshika","00:00:00","2026-08-08 11:33:12","2026-08-08 11:35:03"
"Tamil","0774445915","00:00:00","No answer","","RINGNOANSWER","Harshika","00:00:00","2026-08-08 11:33:12","2026-08-08 11:35:08"
"Tamil","0774445915","00:00:01","No answer","","RINGNOANSWER","Harshika","00:00:00","2026-08-08 11:33:12","2026-08-08 11:35:14"
"Tamil","0774445915","00:00:00","No answer","","RINGNOANSWER","Harshika","00:00:00","2026-08-08 11:33:12","2026-08-08 11:35:19"
"Tamil","0774445915","00:00:00","No answer","","RINGNOANSWER","Harshika","00:00:00","2026-08-08 11:33:12","2026-08-08 11:35:25"
"Tamil","0774445915","00:00:00","No answer","","RINGNOANSWER","Harshika","00:00:00","2026-08-08 11:33:12","2026-08-08 11:35:30"
"Tamil","0774445915","00:00:00","No answer","","RINGNOANSWER","Harshika","00:00:00","2026-08-08 11:33:12","2026-08-08 11:36:05"
"Tamil","0774445915","00:00:00","No answer","","RINGNOANSWER","Harshika","00:00:00","2026-08-08 11:33:12","2026-08-08 11:36:40"
"Sinhala","0773403798","00:00:00","No answer","","RINGNOANSWER","Harshika","00:00:00","2026-08-08 11:36:50","2026-08-08 11:36:50"
"Tamil","0774445915","00:00:00","No answer","","RINGNOANSWER","Harshika","00:00:00","2026-08-08 11:33:12","2026-08-08 11:37:15"
"Tamil","0774445915","00:00:01","No answer","","RINGNOANSWER","Harshika","00:00:00","2026-08-08 11:33:12","2026-08-08 11:37:51"
"Sinhala","0771558390","00:04:29","Caller","1","COMPLETECALLER","Harshika","00:00:04","2026-08-08 11:46:31","2026-08-08 11:51:04"
"Tamil","0765858862","00:01:54","Caller","1","COMPLETECALLER","Harshika","00:00:06","2026-08-08 11:55:09","2026-08-08 11:57:09"
"Sinhala","0772485650","00:01:12","Caller","1","COMPLETECALLER","Harshika","00:00:07","2026-08-08 11:56:33","2026-08-08 11:57:52"
"Sinhala","0775060252","00:02:11","Agent","2","COMPLETEAGENT","Harshika","00:00:04","2026-08-08 12:05:13","2026-08-08 12:07:28"
"Sinhala","0765262698","00:01:55","Caller","1","COMPLETECALLER","Harshika","00:00:04","2026-08-08 12:10:48","2026-08-08 12:12:47"
"Sinhala","0781841560","00:01:34","Caller","1","COMPLETECALLER","Harshika","00:00:03","2026-08-08 12:12:49","2026-08-08 12:14:26"
"Sinhala","0773945220","00:01:37","Caller","1","COMPLETECALLER","Harshika","00:00:07","2026-08-08 12:46:28","2026-08-08 12:48:12"
"Sinhala","0775405681","00:02:22","Caller","1","COMPLETECALLER","Harshika","00:00:05","2026-08-08 12:55:47","2026-08-08 12:58:14"
"Sinhala","0760696214","00:01:11","Caller","1","COMPLETECALLER","Harshika","00:00:04","2026-08-08 13:03:37","2026-08-08 13:04:52"
"Sinhala","0773616422","00:01:35","Caller","2","COMPLETECALLER","Harshika","00:00:04","2026-08-08 13:12:20","2026-08-08 13:13:59"
"Sinhala","0716167163","00:01:45","Agent","1","COMPLETEAGENT","Harshika","00:02:23","2026-08-08 13:11:41","2026-08-08 13:15:49"
"Tamil","0752116061","00:00:21","Caller","1","COMPLETECALLER","Harshika","00:00:06","2026-08-08 13:20:45","2026-08-08 13:21:12"
"Tamil","0752116061","00:01:10","Caller","1","COMPLETECALLER","Harshika","00:00:05","2026-08-08 13:21:35","2026-08-08 13:22:50"
"Tamil","0752116061","00:01:15","Caller","1","COMPLETECALLER","Harshika","00:00:07","2026-08-08 13:23:06","2026-08-08 13:24:28"
"Sinhala","0773033332","00:01:43","Caller","1","COMPLETECALLER","Harshika","00:00:05","2026-08-08 13:27:19","2026-08-08 13:29:07"
"Sinhala","0723473476","00:00:01","No answer","","RINGNOANSWER","Harshika","00:00:00","2026-08-08 13:52:47","2026-08-08 13:52:48"
"Sinhala","0703442511","00:00:01","No answer","","RINGNOANSWER","Harshika","00:00:00","2026-08-08 13:53:12","2026-08-08 13:53:13"
"Sinhala","0703442511","00:00:00","No answer","","RINGNOANSWER","Harshika","00:00:00","2026-08-08 13:53:12","2026-08-08 13:53:18"
"Sinhala","0703442511","00:00:01","No answer","","RINGNOANSWER","Harshika","00:00:00","2026-08-08 13:53:12","2026-08-08 13:53:24"
"Sinhala","0703442511","00:00:00","No answer","","RINGNOANSWER","Harshika","00:00:00","2026-08-08 13:53:12","2026-08-08 13:53:29"
"Tamil","0758311632","00:00:01","No answer","","RINGNOANSWER","Harshika","00:00:00","2026-08-08 14:22:23","2026-08-08 14:22:24"
"Tamil","0758311632","00:00:01","No answer","","RINGNOANSWER","Harshika","00:00:00","2026-08-08 14:22:23","2026-08-08 14:22:59"
"Tamil","0758311632","00:00:01","No answer","","RINGNOANSWER","Harshika","00:00:00","2026-08-08 14:22:23","2026-08-08 14:23:34"
"Tamil","0758311632","00:00:01","No answer","","RINGNOANSWER","Harshika","00:00:00","2026-08-08 14:22:23","2026-08-08 14:24:09"
"Tamil","0758311632","00:00:01","No answer","","RINGNOANSWER","Harshika","00:00:00","2026-08-08 14:22:23","2026-08-08 14:24:44"
"Tamil","0758311632","00:00:01","No answer","","RINGNOANSWER","Harshika","00:00:00","2026-08-08 14:22:23","2026-08-08 14:25:19"
"Tamil","0758311632","00:00:01","No answer","","RINGNOANSWER","Harshika","00:00:00","2026-08-08 14:22:23","2026-08-08 14:25:54"
"Tamil","0758311632","00:00:01","No answer","","RINGNOANSWER","Harshika","00:00:00","2026-08-08 14:22:23","2026-08-08 14:26:29"
"Tamil","0758311632","00:00:01","No answer","","RINGNOANSWER","Harshika","00:00:00","2026-08-08 14:22:23","2026-08-08 14:27:04"
"Tamil","0758311632","00:00:01","No answer","","RINGNOANSWER","Harshika","00:00:00","2026-08-08 14:22:23","2026-08-08 14:27:39"
"Tamil","0758311632","00:00:00","No answer","","RINGNOANSWER","Harshika","00:00:00","2026-08-08 14:28:34","2026-08-08 14:28:34"
"Sinhala","0758311632","00:00:01","No answer","","RINGNOANSWER","Harshika","00:00:00","2026-08-08 14:28:56","2026-08-08 14:28:57"
"Sinhala","0721919285","00:03:44","Caller","1","COMPLETECALLER","Harshika","00:00:04","2026-08-08 15:10:01","2026-08-08 15:13:49"
"Sinhala","0765449086","00:06:12","Agent","1","COMPLETEAGENT","Harshika","00:00:04","2026-08-08 15:18:20","2026-08-08 15:24:36"
"Tamil","0786791947","00:01:22","Caller","1","COMPLETECALLER","Harshika","00:00:04","2026-08-08 15:24:54","2026-08-08 15:26:20"
"Sinhala","0766701806","00:01:24","Caller","1","COMPLETECALLER","Harshika","00:00:05","2026-08-08 15:26:25","2026-08-08 15:27:54"
"Sinhala","0756627895","00:00:35","Caller","2","COMPLETECALLER","Harshika","00:00:05","2026-08-08 15:38:05","2026-08-08 15:38:45"
"Sinhala","0756627895","00:00:29","Caller","1","COMPLETECALLER","Harshika","00:00:03","2026-08-08 15:39:02","2026-08-08 15:39:34"
"Sinhala","0767717186","00:04:18","Agent","1","COMPLETEAGENT","Harshika","00:00:10","2026-08-08 15:45:12","2026-08-08 15:49:40"
"Sinhala","0762098026","00:01:22","Caller","1","COMPLETECALLER","Harshika","00:00:05","2026-08-08 15:58:02","2026-08-08 15:59:29"
"Sinhala","0786111686","00:01:56","Caller","1","COMPLETECALLER","Harshika","00:00:39","2026-08-08 15:59:13","2026-08-08 16:01:48"
"Sinhala","0743652521","00:01:44","Caller","1","COMPLETECALLER","Harshika","00:00:04","2026-08-08 16:07:24","2026-08-08 16:09:12"
"Sinhala","0703442511","00:01:28","Caller","1","COMPLETECALLER","Harshika","00:00:38","2026-08-08 16:09:01","2026-08-08 16:11:07"
"Sinhala","0781841560","00:00:58","Caller","2","COMPLETECALLER","Harshika","00:00:05","2026-08-08 16:50:20","2026-08-08 16:51:23"
"Sinhala","0713239586","00:02:08","Agent","1","COMPLETEAGENT","Harshika","00:00:04","2026-08-08 16:52:48","2026-08-08 16:54:59"
"Sinhala","0742704413","00:01:21","Caller","1","COMPLETECALLER","Harshika","00:00:39","2026-08-08 17:06:31","2026-08-08 17:08:31"
"Sinhala","0703655375","00:01:57","Caller","1","COMPLETECALLER","Harshika","00:00:04","2026-08-08 17:19:15","2026-08-08 17:21:16"
"Sinhala","0743670746","00:00:44","Caller","1","COMPLETECALLER","Harshika","00:00:05","2026-08-08 17:32:58","2026-08-08 17:33:47"
"Sinhala","0776292182","00:01:03","Caller","1","COMPLETECALLER","Harshika","00:00:05","2026-08-08 17:54:19","2026-08-08 17:55:27"
"Tamil","0772502028","00:00:30","No answer","","RINGNOANSWER","Harshika","00:00:00","2026-08-09 15:47:42","2026-08-09 15:48:12"
"Tamil","0772502028","00:00:30","No answer","","RINGNOANSWER","Harshika","00:00:00","2026-08-09 15:47:42","2026-08-09 15:48:47"
"Tamil","0772502028","00:00:30","No answer","","RINGNOANSWER","Harshika","00:00:00","2026-08-09 15:47:42","2026-08-09 15:49:22"
"Sinhala","0772502028","00:00:30","No answer","","RINGNOANSWER","Harshika","00:00:00","2026-08-09 15:49:59","2026-08-09 15:50:29"
"Sinhala","0754662112","00:00:01","No answer","","RINGNOANSWER","Harshika","00:00:00","2026-08-10 09:08:02","2026-08-10 09:11:01"
"Sinhala","0754662112","00:02:47","Agent","3","COMPLETEAGENT","Harshika","00:03:09","2026-08-10 09:08:02","2026-08-10 09:13:58"
"Sinhala","0778033275","00:05:36","Caller","2","COMPLETECALLER","Harshika","00:00:04","2026-08-10 09:21:13","2026-08-10 09:26:52"
"Sinhala","0742704413","00:01:41","Caller","2","COMPLETECALLER","Harshika","00:00:04","2026-08-10 09:28:37","2026-08-10 09:30:22"
"Sinhala","0759691172","00:00:30","No answer","","RINGNOANSWER","Harshika","00:00:00","2026-08-10 09:31:20","2026-08-10 09:31:50"
"Sinhala","0765813669","00:06:34","Agent","2","COMPLETEAGENT","Harshika","00:00:04","2026-08-10 09:44:18","2026-08-10 09:50:56"
"Tamil","0755551531","00:02:14","Caller","1","COMPLETECALLER","Harshika","00:00:10","2026-08-10 09:51:18","2026-08-10 09:53:42"
"Sinhala","0781627363","00:02:45","Caller","2","COMPLETECALLER","Harshika","00:00:04","2026-08-10 09:55:24","2026-08-10 09:58:13"
"Sinhala","0784630490","00:02:24","Caller","2","COMPLETECALLER","Harshika","00:00:05","2026-08-10 10:07:29","2026-08-10 10:09:58"
"Tamil","0758311632","00:02:37","Caller","2","COMPLETECALLER","Harshika","00:00:55","2026-08-10 10:09:34","2026-08-10 10:13:06"
"Tamil","0773528162","00:01:51","Caller","1","COMPLETECALLER","Harshika","00:00:04","2026-08-10 10:13:33","2026-08-10 10:15:28"
"Tamil","0773528162","00:00:39","Caller","1","COMPLETECALLER","Harshika","00:00:02","2026-08-10 10:15:38","2026-08-10 10:16:19"
"Sinhala","0757487564","00:00:01","No answer","","RINGNOANSWER","Harshika","00:00:00","2026-08-10 10:25:28","2026-08-10 10:25:29"
"Sinhala","0757487564","00:00:00","No answer","","RINGNOANSWER","Harshika","00:00:00","2026-08-10 10:25:28","2026-08-10 10:25:38"
"Sinhala","0778033275","00:00:01","No answer","","RINGNOANSWER","Harshika","00:00:00","2026-08-10 10:25:50","2026-08-10 10:25:51"
"Tamil","0755242773","00:03:42","Caller","1","COMPLETECALLER","Harshika","00:00:04","2026-08-10 10:42:49","2026-08-10 10:46:35"
"Tamil","0710846837","00:00:46","Agent","1","COMPLETEAGENT","Harshika","00:00:04","2026-08-10 11:09:49","2026-08-10 11:10:39"
"Tamil","0755839922","00:01:36","Agent","1","COMPLETEAGENT","Harshika","00:00:06","2026-08-10 11:13:22","2026-08-10 11:15:04"
"Tamil","0753638080","00:01:24","Caller","1","COMPLETECALLER","Harshika","00:00:06","2026-08-10 11:27:07","2026-08-10 11:28:37"
"Tamil","0704208243","00:03:10","Agent","1","COMPLETEAGENT","Harshika","00:00:04","2026-08-10 11:48:56","2026-08-10 11:52:10"
"Tamil","0720221327","00:02:04","Caller","1","COMPLETECALLER","Harshika","00:00:04","2026-08-10 11:54:40","2026-08-10 11:56:48"
"Sinhala","0740627339","00:01:32","Caller","2","COMPLETECALLER","Harshika","00:00:06","2026-08-10 12:12:07","2026-08-10 12:13:45"
"Tamil","0767485212","00:01:48","Caller","1","COMPLETECALLER","Harshika","00:00:05","2026-08-10 12:16:24","2026-08-10 12:18:17"
"Sinhala","0761198537","00:01:27","Caller","2","COMPLETECALLER","Harshika","00:00:03","2026-08-10 12:18:24","2026-08-10 12:19:54"
"Sinhala","0777906505","00:01:56","Caller","2","COMPLETECALLER","Harshika","00:00:04","2026-08-10 12:32:12","2026-08-10 12:34:12"
"Sinhala","0759746828","00:01:19","Caller","1","COMPLETECALLER","Harshika","00:00:04","2026-08-10 12:34:20","2026-08-10 12:35:43"
"Sinhala","0755839922","00:01:48","Caller","2","COMPLETECALLER","Harshika","00:00:31","2026-08-10 12:35:14","2026-08-10 12:37:33"
"Tamil","0758311632","00:02:21","Caller","1","COMPLETECALLER","Harshika","00:00:05","2026-08-10 12:41:54","2026-08-10 12:44:20"
"Tamil","0740032684","00:03:09","Caller","1","COMPLETECALLER","Harshika","00:00:04","2026-08-10 12:49:07","2026-08-10 12:52:20"
"Sinhala","0719886213","00:00:42","Caller","2","COMPLETECALLER","Harshika","00:00:04","2026-08-10 12:52:41","2026-08-10 12:53:27"
"Sinhala","0774307551","00:05:01","Caller","2","COMPLETECALLER","Harshika","00:00:05","2026-08-10 13:03:51","2026-08-10 13:08:57"
"Sinhala","0775405681","00:04:17","Agent","2","COMPLETEAGENT","Harshika","00:00:06","2026-08-10 13:12:54","2026-08-10 13:17:17"
"Sinhala","0775757925","00:02:04","Caller","2","COMPLETECALLER","Harshika","00:00:04","2026-08-10 13:17:35","2026-08-10 13:19:43"
"Sinhala","0714557702","00:01:53","Caller","2","COMPLETECALLER","Harshika","00:00:05","2026-08-10 13:30:07","2026-08-10 13:32:05"
"Sinhala","0725441819","00:02:02","Caller","2","COMPLETECALLER","Harshika","00:00:45","2026-08-10 13:31:23","2026-08-10 13:34:10"
"Sinhala","0725441819","00:02:27","Agent","2","COMPLETEAGENT","Harshika","00:00:04","2026-08-10 13:34:43","2026-08-10 13:37:14"
"Sinhala","0767858567","00:01:37","Caller","2","COMPLETECALLER","Harshika","00:00:05","2026-08-10 13:37:49","2026-08-10 13:39:31"
"Sinhala","0713274599","00:01:57","Caller","2","COMPLETECALLER","Harshika","00:00:04","2026-08-10 13:39:33","2026-08-10 13:41:34"
"Sinhala","0716527087","00:01:43","Caller","2","COMPLETECALLER","Harshika","00:01:14","2026-08-10 13:40:23","2026-08-10 13:43:20"
"Sinhala","0767858567","00:02:22","Agent","2","COMPLETEAGENT","Harshika","00:00:04","2026-08-10 13:44:06","2026-08-10 13:46:32"
"Sinhala","0718620474","00:00:01","No answer","","RINGNOANSWER","Harshika","00:00:00","2026-08-10 13:57:27","2026-08-10 13:57:28"
"Sinhala","0718620474","00:00:00","No answer","","RINGNOANSWER","Harshika","00:00:00","2026-08-10 13:57:27","2026-08-10 13:57:33"
"Sinhala","0718620474","00:00:01","No answer","","RINGNOANSWER","Harshika","00:00:00","2026-08-10 13:57:27","2026-08-10 13:57:39"
"Sinhala","0718620474","00:00:00","No answer","","RINGNOANSWER","Harshika","00:00:00","2026-08-10 13:57:27","2026-08-10 13:57:49"
"Sinhala","0743272427","00:00:03","No answer","","RINGNOANSWER","Harshika","00:00:00","2026-08-10 13:56:38","2026-08-10 13:57:51"
"Tamil","0773528162","00:00:01","No answer","","RINGNOANSWER","Harshika","00:00:00","2026-08-10 13:58:51","2026-08-10 13:58:52"
"Tamil","0773528162","00:00:00","No answer","","RINGNOANSWER","Harshika","00:00:00","2026-08-10 13:58:51","2026-08-10 13:58:57"
"Tamil","0773528162","00:00:01","No answer","","RINGNOANSWER","Harshika","00:00:00","2026-08-10 13:58:51","2026-08-10 13:59:03"
"Sinhala","0743272427","00:00:01","No answer","","RINGNOANSWER","Harshika","00:00:00","2026-08-10 13:56:38","2026-08-10 13:59:07"
"Sinhala","0743272427","00:00:00","No answer","","RINGNOANSWER","Harshika","00:00:00","2026-08-10 13:56:38","2026-08-10 13:59:12"
"Sinhala","0743272427","00:00:01","No answer","","RINGNOANSWER","Harshika","00:00:00","2026-08-10 13:56:38","2026-08-10 13:59:18"
"Sinhala","0743272427","00:00:00","No answer","","RINGNOANSWER","Harshika","00:00:00","2026-08-10 13:56:38","2026-08-10 13:59:23"
"Sinhala","0743272427","00:00:01","No answer","","RINGNOANSWER","Harshika","00:00:00","2026-08-10 13:56:38","2026-08-10 13:59:29"
"Tamil","0773528162","00:00:01","No answer","","RINGNOANSWER","Harshika","00:00:00","2026-08-10 13:58:51","2026-08-10 13:59:38"
"Tamil","0773528162","00:00:00","No answer","","RINGNOANSWER","Harshika","00:00:00","2026-08-10 13:58:51","2026-08-10 13:59:43"
"Tamil","0773528162","00:00:01","No answer","","RINGNOANSWER","Harshika","00:00:00","2026-08-10 13:58:51","2026-08-10 13:59:49"
"Tamil","0773528162","00:00:00","No answer","","RINGNOANSWER","Harshika","00:00:00","2026-08-10 13:58:51","2026-08-10 13:59:54"
"Tamil","0773528162","00:00:00","No answer","","RINGNOANSWER","Harshika","00:00:00","2026-08-10 14:00:11","2026-08-10 14:00:11"
"Tamil","0773528162","00:00:01","No answer","","RINGNOANSWER","Harshika","00:00:00","2026-08-10 14:00:11","2026-08-10 14:00:17"
"Tamil","0773528162","00:00:00","No answer","","RINGNOANSWER","Harshika","00:00:00","2026-08-10 14:00:11","2026-08-10 14:00:22"
"Tamil","0773528162","00:00:01","No answer","","RINGNOANSWER","Harshika","00:00:00","2026-08-10 14:00:11","2026-08-10 14:00:28"
"Tamil","0773528162","00:00:00","No answer","","RINGNOANSWER","Harshika","00:00:00","2026-08-10 14:00:11","2026-08-10 14:00:33"
"Sinhala","0777785021","00:00:01","No answer","","RINGNOANSWER","Harshika","00:00:00","2026-08-10 14:03:52","2026-08-10 14:03:53"
"Sinhala","0777785021","00:00:00","No answer","","RINGNOANSWER","Harshika","00:00:00","2026-08-10 14:03:52","2026-08-10 14:03:58"
"Sinhala","0777785021","00:00:01","No answer","","RINGNOANSWER","Harshika","00:00:00","2026-08-10 14:03:52","2026-08-10 14:04:04"
"Sinhala","0777785021","00:00:01","No answer","","RINGNOANSWER","Harshika","00:00:00","2026-08-10 14:03:52","2026-08-10 14:04:10"
"Sinhala","0777785021","00:00:01","No answer","","RINGNOANSWER","Harshika","00:00:00","2026-08-10 14:03:52","2026-08-10 14:04:16"
"Sinhala","0777785021","00:00:00","No answer","","RINGNOANSWER","Harshika","00:00:00","2026-08-10 14:03:52","2026-08-10 14:04:25"
"Sinhala","0743272427","00:00:04","No answer","","RINGNOANSWER","Harshika","00:00:00","2026-08-10 14:03:14","2026-08-10 14:04:28"
"Sinhala","0777785021","00:00:01","No answer","","RINGNOANSWER","Harshika","00:00:00","2026-08-10 14:03:52","2026-08-10 14:04:34"
"Sinhala","0777785021","00:00:00","No answer","","RINGNOANSWER","Harshika","00:00:00","2026-08-10 14:03:52","2026-08-10 14:04:39"
"Sinhala","0777785021","00:00:01","No answer","","RINGNOANSWER","Harshika","00:00:00","2026-08-10 14:03:52","2026-08-10 14:04:45"
"Sinhala","0777785021","00:00:01","No answer","","RINGNOANSWER","Harshika","00:00:00","2026-08-10 14:03:52","2026-08-10 14:04:51"
"Sinhala","0777785021","00:00:00","No answer","","RINGNOANSWER","Harshika","00:00:00","2026-08-10 14:03:52","2026-08-10 14:04:56"
"Sinhala","0777785021","00:00:01","No answer","","RINGNOANSWER","Harshika","00:00:00","2026-08-10 14:03:52","2026-08-10 14:05:02"
"Sinhala","0777785021","00:00:01","No answer","","RINGNOANSWER","Harshika","00:00:00","2026-08-10 14:03:52","2026-08-10 14:05:10"
"Sinhala","0777785021","00:00:00","No answer","","RINGNOANSWER","Harshika","00:00:00","2026-08-10 14:03:52","2026-08-10 14:05:15"
"Sinhala","0777304076","00:00:00","No answer","","RINGNOANSWER","Harshika","00:00:00","2026-08-10 14:07:15","2026-08-10 14:08:09"
"Sinhala","0777304076","00:00:01","No answer","","RINGNOANSWER","Harshika","00:00:00","2026-08-10 14:08:43","2026-08-10 14:08:44"
"Sinhala","0777304076","00:00:00","No answer","","RINGNOANSWER","Harshika","00:00:00","2026-08-10 14:08:43","2026-08-10 14:08:49"
"Sinhala","0777304076","00:00:01","No answer","","RINGNOANSWER","Harshika","00:00:00","2026-08-10 14:08:43","2026-08-10 14:08:55"
"Sinhala","0777304076","00:00:00","No answer","","RINGNOANSWER","Harshika","00:00:00","2026-08-10 14:08:43","2026-08-10 14:09:00"
"Sinhala","0777304076","00:00:01","No answer","","RINGNOANSWER","Harshika","00:00:00","2026-08-10 14:08:43","2026-08-10 14:09:06"
"Sinhala","0777304076","00:00:00","No answer","","RINGNOANSWER","Harshika","00:00:00","2026-08-10 14:08:43","2026-08-10 14:09:11"
"Sinhala","0777304076","00:00:00","No answer","","RINGNOANSWER","Harshika","00:00:00","2026-08-10 14:09:34","2026-08-10 14:09:34"
"Sinhala","0777304076","00:00:01","No answer","","RINGNOANSWER","Harshika","00:00:00","2026-08-10 14:09:34","2026-08-10 14:09:40"
"Sinhala","0777304076","00:00:00","No answer","","RINGNOANSWER","Harshika","00:00:00","2026-08-10 14:09:34","2026-08-10 14:09:45"
"Sinhala","0777304076","00:00:00","No answer","","RINGNOANSWER","Harshika","00:00:00","2026-08-10 14:09:34","2026-08-10 14:09:54"
"Sinhala","0777304076","00:00:02","No answer","","RINGNOANSWER","Harshika","00:00:00","2026-08-10 14:09:34","2026-08-10 14:10:01"
"Sinhala","0777304076","00:00:00","No answer","","RINGNOANSWER","Harshika","00:00:00","2026-08-10 14:09:34","2026-08-10 14:10:06"
"Sinhala","0777304076","00:00:01","No answer","","RINGNOANSWER","Harshika","00:00:00","2026-08-10 14:09:34","2026-08-10 14:10:12"
"Sinhala","0777304076","00:00:00","No answer","","RINGNOANSWER","Harshika","00:00:00","2026-08-10 14:09:34","2026-08-10 14:10:17"
"Sinhala","0777304076","00:00:01","No answer","","RINGNOANSWER","Harshika","00:00:00","2026-08-10 14:09:34","2026-08-10 14:10:23"
"Sinhala","0777304076","00:00:00","No answer","","RINGNOANSWER","Harshika","00:00:00","2026-08-10 14:09:34","2026-08-10 14:10:29"
"Sinhala","0777304076","00:00:01","No answer","","RINGNOANSWER","Harshika","00:00:00","2026-08-10 14:09:34","2026-08-10 14:10:35"
"Sinhala","0777304076","00:00:00","No answer","","RINGNOANSWER","Harshika","00:00:00","2026-08-10 14:09:34","2026-08-10 14:10:40"
"Tamil","0753776778","00:00:01","No answer","","RINGNOANSWER","Harshika","00:00:00","2026-08-10 14:16:06","2026-08-10 14:16:07"
"Tamil","0753776778","00:00:01","No answer","","RINGNOANSWER","Harshika","00:00:00","2026-08-10 14:16:06","2026-08-10 14:16:13"
"Tamil","0753776778","00:00:00","No answer","","RINGNOANSWER","Harshika","00:00:00","2026-08-10 14:16:06","2026-08-10 14:16:18"
"Sinhala","0769155481","00:00:01","No answer","","RINGNOANSWER","Harshika","00:00:00","2026-08-10 14:15:12","2026-08-10 14:16:23"
"Tamil","0753776778","00:00:00","No answer","","RINGNOANSWER","Harshika","00:00:00","2026-08-10 14:16:06","2026-08-10 14:16:53"
"Tamil","0753776778","00:00:00","No answer","","RINGNOANSWER","Harshika","00:00:00","2026-08-10 14:16:06","2026-08-10 14:17:28"
"Tamil","0753776778","00:00:00","No answer","","RINGNOANSWER","Harshika","00:00:00","2026-08-10 14:16:06","2026-08-10 14:18:03"
"Tamil","0753776778","00:00:00","No answer","","RINGNOANSWER","Harshika","00:00:00","2026-08-10 14:16:06","2026-08-10 14:18:38"
"Tamil","0753776778","00:00:00","No answer","","RINGNOANSWER","Harshika","00:00:00","2026-08-10 14:16:06","2026-08-10 14:19:13"
"Tamil","0753776778","00:00:00","No answer","","RINGNOANSWER","Harshika","00:00:00","2026-08-10 14:16:06","2026-08-10 14:19:48"
"Tamil","0753776778","00:00:00","No answer","","RINGNOANSWER","Harshika","00:00:00","2026-08-10 14:16:06","2026-08-10 14:20:23"
"Tamil","0753776778","00:00:00","No answer","","RINGNOANSWER","Harshika","00:00:00","2026-08-10 14:16:06","2026-08-10 14:20:58"
"Sinhala","0758947779","00:00:00","No answer","","RINGNOANSWER","Harshika","00:00:00","2026-08-10 14:21:06","2026-08-10 14:21:06"
"Sinhala","0758947779","00:00:01","No answer","","RINGNOANSWER","Harshika","00:00:00","2026-08-10 14:21:06","2026-08-10 14:21:12"
"Sinhala","0758947779","00:00:00","No answer","","RINGNOANSWER","Harshika","00:00:00","2026-08-10 14:21:06","2026-08-10 14:21:17"
"Sinhala","0758947779","00:00:01","No answer","","RINGNOANSWER","Harshika","00:00:00","2026-08-10 14:21:06","2026-08-10 14:21:23"
"Sinhala","0758947779","00:00:00","No answer","","RINGNOANSWER","Harshika","00:00:00","2026-08-10 14:21:06","2026-08-10 14:21:28"
"Tamil","0753776778","00:00:00","No answer","","RINGNOANSWER","Harshika","00:00:00","2026-08-10 14:16:06","2026-08-10 14:21:33"
"Sinhala","0758947779","00:00:01","No answer","","RINGNOANSWER","Harshika","00:00:00","2026-08-10 14:21:06","2026-08-10 14:21:34"
"Sinhala","0758947779","00:00:00","No answer","","RINGNOANSWER","Harshika","00:00:00","2026-08-10 14:21:06","2026-08-10 14:21:39"
"Sinhala","0758947779","00:00:01","No answer","","RINGNOANSWER","Harshika","00:00:00","2026-08-10 14:21:06","2026-08-10 14:21:45"
"Sinhala","0758947779","00:00:00","No answer","","RINGNOANSWER","Harshika","00:00:00","2026-08-10 14:21:06","2026-08-10 14:21:50"
"Sinhala","0758947779","00:00:01","No answer","","RINGNOANSWER","Harshika","00:00:00","2026-08-10 14:21:06","2026-08-10 14:21:56"
"Sinhala","0758947779","00:00:00","No answer","","RINGNOANSWER","Harshika","00:00:00","2026-08-10 14:21:06","2026-08-10 14:22:01"
"Tamil","0753776778","00:00:00","No answer","","RINGNOANSWER","Harshika","00:00:00","2026-08-10 14:16:06","2026-08-10 14:22:08"
"Tamil","0753776778","00:00:01","No answer","","RINGNOANSWER","Harshika","00:00:00","2026-08-10 14:16:06","2026-08-10 14:22:14"
"Tamil","0753776778","00:00:00","No answer","","RINGNOANSWER","Harshika","00:00:00","2026-08-10 14:16:06","2026-08-10 14:22:19"
"Tamil","0753776778","00:00:01","No answer","","RINGNOANSWER","Harshika","00:00:00","2026-08-10 14:16:06","2026-08-10 14:22:25"
"Tamil","0753776778","00:00:00","No answer","","RINGNOANSWER","Harshika","00:00:00","2026-08-10 14:16:06","2026-08-10 14:22:30"
"Tamil","0753776778","00:00:01","No answer","","RINGNOANSWER","Harshika","00:00:00","2026-08-10 14:16:06","2026-08-10 14:22:36"
"Tamil","0753776778","00:00:00","No answer","","RINGNOANSWER","Harshika","00:00:00","2026-08-10 14:16:06","2026-08-10 14:22:41"
"Sinhala","0758947779","00:00:01","No answer","","RINGNOANSWER","Harshika","00:00:00","2026-08-10 14:21:06","2026-08-10 14:22:42"
"Sinhala","0758947779","00:00:00","No answer","","RINGNOANSWER","Harshika","00:00:00","2026-08-10 14:21:06","2026-08-10 14:22:47"
"Tamil","0766890252","00:00:00","No answer","","RINGNOANSWER","Harshika","00:00:00","2026-08-10 14:24:45","2026-08-10 14:24:45"
"Tamil","0766890252","00:00:30","No answer","","RINGNOANSWER","Harshika","00:00:00","2026-08-10 14:24:45","2026-08-10 14:25:50"
"Sinhala","0705178200","00:01:25","Caller","1","COMPLETECALLER","Harshika","00:00:54","2026-08-10 14:42:10","2026-08-10 14:44:29"
"Sinhala","0766516013","00:01:20","Caller","2","COMPLETECALLER","Harshika","00:00:05","2026-08-10 14:52:26","2026-08-10 14:53:51"
"Tamil","0773528162","00:00:39","Agent","1","COMPLETEAGENT","Harshika","00:00:03","2026-08-10 15:03:50","2026-08-10 15:04:32"
"Sinhala","0777031148","00:02:07","Caller","1","COMPLETECALLER","Harshika","00:01:17","2026-08-10 15:08:06","2026-08-10 15:11:30"
"Tamil","0752667065","00:00:00","No answer","","RINGNOANSWER","Harshika","00:00:00","2026-08-10 15:35:19","2026-08-10 15:35:19"
"Tamil","0752667065","00:00:00","No answer","","RINGNOANSWER","Harshika","00:00:00","2026-08-10 15:35:19","2026-08-10 15:35:54"
"Tamil","0752667065","00:00:00","No answer","","RINGNOANSWER","Harshika","00:00:00","2026-08-10 15:35:19","2026-08-10 15:36:29"
"Tamil","0752667065","00:02:10","Caller","1","COMPLETECALLER","Harshika","00:01:50","2026-08-10 15:35:19","2026-08-10 15:39:19"
"Tamil","0753776778","00:01:26","Caller","1","COMPLETECALLER","Harshika","00:01:26","2026-08-10 15:44:24","2026-08-10 15:47:16"
"Sinhala","0772794793","00:01:15","Caller","1","COMPLETECALLER","Harshika","00:00:42","2026-08-10 16:00:57","2026-08-10 16:02:54"
"Sinhala","0472235418","00:00:00","No answer","","RINGNOANSWER","Harshika","00:00:00","2026-08-10 16:30:38","2026-08-10 16:30:38"
"Tamil","0704208243","00:00:00","No answer","","RINGNOANSWER","Harshika","00:00:00","2026-08-10 16:34:00","2026-08-10 16:34:00"
"Tamil","0704208243","00:00:00","No answer","","RINGNOANSWER","Harshika","00:00:00","2026-08-10 16:34:00","2026-08-10 16:34:35"
"Tamil","0704208243","00:00:00","No answer","","RINGNOANSWER","Harshika","00:00:00","2026-08-10 16:36:28","2026-08-10 16:36:28"
"Tamil","0704208243","00:00:00","No answer","","RINGNOANSWER","Harshika","00:00:00","2026-08-10 16:36:28","2026-08-10 16:37:03"
"Tamil","0704208243","00:00:00","No answer","","RINGNOANSWER","Harshika","00:00:00","2026-08-10 16:36:28","2026-08-10 16:37:38"
"Tamil","0774849445","00:00:53","Caller","1","COMPLETECALLER","Harshika","00:00:04","2026-08-10 16:55:27","2026-08-10 16:56:24"
"Sinhala","0741246168","00:01:15","Caller","2","COMPLETECALLER","Harshika","00:00:20","2026-08-10 17:09:51","2026-08-10 17:11:26"
"Tamil","0752116061","00:00:24","Caller","1","COMPLETECALLER","Harshika","00:01:48","2026-08-10 17:15:26","2026-08-10 17:17:38"
"Tamil","0752116061","00:03:57","Caller","1","COMPLETECALLER","Harshika","00:00:04","2026-08-10 17:18:09","2026-08-10 17:22:10"
"Sinhala","0766694581","00:03:53","Agent","2","COMPLETEAGENT","Harshika","00:00:03","2026-08-10 17:23:02","2026-08-10 17:26:58"
"Sinhala","0763272090","00:02:22","Caller","2","COMPLETECALLER","Harshika","00:00:04","2026-08-10 17:28:02","2026-08-10 17:30:28"
"Sinhala","0773631326","00:00:22","Caller","2","COMPLETECALLER","Harshika","00:00:10","2026-08-10 17:31:47","2026-08-10 17:32:19"
"Sinhala","0767130120","00:03:26","Caller","2","COMPLETECALLER","Harshika","00:01:05","2026-08-10 17:41:28","2026-08-10 17:45:59"
"Sinhala","0778033275","00:00:00","No answer","","RINGNOANSWER","Harshika","00:00:00","2026-08-10 17:47:46","2026-08-10 17:47:46"
"Sinhala","0778033275","00:00:01","No answer","","RINGNOANSWER","Harshika","00:00:00","2026-08-10 17:47:46","2026-08-10 17:47:52"
"Sinhala","0778033275","00:00:00","No answer","","RINGNOANSWER","Harshika","00:00:00","2026-08-10 17:47:46","2026-08-10 17:47:59"
"Sinhala","0703655375","00:01:28","Caller","2","COMPLETECALLER","Harshika","00:00:04","2026-08-10 17:49:42","2026-08-10 17:51:14"
"Sinhala","0775215259","00:02:38","Caller","2","COMPLETECALLER","Harshika","00:00:04","2026-08-10 17:51:31","2026-08-10 17:54:13"
"Sinhala","0729266292","00:00:01","No answer","","RINGNOANSWER","Harshika","00:00:00","2026-08-11 09:11:41","2026-08-11 09:11:42"
"Sinhala","0776418189","00:00:00","No answer","","RINGNOANSWER","Harshika","00:00:00","2026-08-11 09:13:35","2026-08-11 09:13:35"
"Sinhala","0776418189","00:00:01","No answer","","RINGNOANSWER","Harshika","00:00:00","2026-08-11 09:13:35","2026-08-11 09:13:41"
"Sinhala","0776418189","00:00:00","No answer","","RINGNOANSWER","Harshika","00:00:00","2026-08-11 09:13:35","2026-08-11 09:13:46"
"Sinhala","0776418189","00:00:01","No answer","","RINGNOANSWER","Harshika","00:00:00","2026-08-11 09:13:35","2026-08-11 09:13:52"
"Sinhala","0776418189","00:00:00","No answer","","RINGNOANSWER","Harshika","00:00:00","2026-08-11 09:13:35","2026-08-11 09:14:26"
"Sinhala","0776418189","00:00:01","No answer","","RINGNOANSWER","Harshika","00:00:00","2026-08-11 09:13:35","2026-08-11 09:14:32"
"Sinhala","0776418189","00:00:00","No answer","","RINGNOANSWER","Harshika","00:00:00","2026-08-11 09:13:35","2026-08-11 09:14:37"
"Sinhala","0776418189","00:00:01","No answer","","RINGNOANSWER","Harshika","00:00:00","2026-08-11 09:13:35","2026-08-11 09:14:43"
"Sinhala","0776418189","00:00:00","No answer","","RINGNOANSWER","Harshika","00:00:00","2026-08-11 09:13:35","2026-08-11 09:14:48"
"Sinhala","0772678040","00:01:40","Caller","2","COMPLETECALLER","Harshika","00:00:10","2026-08-11 09:21:12","2026-08-11 09:23:02"
"Sinhala","0765813669","00:09:10","Caller","2","COMPLETECALLER","Harshika","00:00:06","2026-08-11 09:25:42","2026-08-11 09:34:58"
"Tamil","0755839922","00:00:01","No answer","","RINGNOANSWER","Harshika","00:00:00","2026-08-11 09:45:19","2026-08-11 09:45:20"
"Tamil","0755839922","00:00:00","No answer","","RINGNOANSWER","Harshika","00:00:00","2026-08-11 09:45:19","2026-08-11 09:45:25"
"Tamil","0755839922","00:00:00","No answer","","RINGNOANSWER","Harshika","00:00:00","2026-08-11 09:45:19","2026-08-11 09:45:30"
"Tamil","0755839922","00:00:01","No answer","","RINGNOANSWER","Harshika","00:00:00","2026-08-11 09:45:19","2026-08-11 09:45:36"
"Sinhala","0703655375","00:00:00","No answer","","RINGNOANSWER","Harshika","00:00:00","2026-08-11 09:45:02","2026-08-11 09:45:37"
"Sinhala","0779480480","00:02:53","Caller","2","COMPLETECALLER","Harshika","00:00:05","2026-08-11 10:06:38","2026-08-11 10:09:36"
"Tamil","0773528162","00:01:01","Caller","1","COMPLETECALLER","Harshika","00:00:04","2026-08-11 10:18:04","2026-08-11 10:19:09"
"Sinhala","0762862378","00:02:22","Caller","2","COMPLETECALLER","Harshika","00:00:04","2026-08-11 10:19:43","2026-08-11 10:22:09"
"Sinhala","0777342511","00:01:24","Caller","2","COMPLETECALLER","Harshika","00:01:33","2026-08-11 10:20:41","2026-08-11 10:23:38"
"Sinhala","0765504179","00:00:00","No answer","","RINGNOANSWER","Harshika","00:00:00","2026-08-11 10:24:32","2026-08-11 10:24:32"
"Sinhala","0765504179","00:00:00","No answer","","RINGNOANSWER","Harshika","00:00:00","2026-08-11 10:24:32","2026-08-11 10:24:37"
"Sinhala","0765504179","00:00:01","No answer","","RINGNOANSWER","Harshika","00:00:00","2026-08-11 10:24:32","2026-08-11 10:24:43"
"Sinhala","0765504179","00:00:01","No answer","","RINGNOANSWER","Harshika","00:00:00","2026-08-11 10:24:32","2026-08-11 10:24:50"
"Sinhala","0765504179","00:00:00","No answer","","RINGNOANSWER","Harshika","00:00:00","2026-08-11 10:24:32","2026-08-11 10:24:55"
"Sinhala","0765504179","00:00:01","No answer","","RINGNOANSWER","Harshika","00:00:00","2026-08-11 10:24:32","2026-08-11 10:25:01"
"Sinhala","0765504179","00:00:00","No answer","","RINGNOANSWER","Harshika","00:00:00","2026-08-11 10:24:32","2026-08-11 10:25:06"
"Sinhala","0765504179","00:00:00","No answer","","RINGNOANSWER","Harshika","00:00:00","2026-08-11 10:24:32","2026-08-11 10:25:11"
"Sinhala","0778033275","00:00:01","No answer","","RINGNOANSWER","Harshika","00:00:00","2026-08-11 10:25:22","2026-08-11 10:25:22"
"Sinhala","0778033275","00:00:00","No answer","","RINGNOANSWER","Harshika","00:00:00","2026-08-11 10:25:22","2026-08-11 10:25:27"
"Sinhala","0778033275","00:00:01","No answer","","RINGNOANSWER","Harshika","00:00:00","2026-08-11 10:25:22","2026-08-11 10:25:33"
"Sinhala","0778033275","00:00:00","No answer","","RINGNOANSWER","Harshika","00:00:00","2026-08-11 10:25:22","2026-08-11 10:25:38"
"Sinhala","0778033275","00:00:01","No answer","","RINGNOANSWER","Harshika","00:00:00","2026-08-11 10:25:22","2026-08-11 10:25:44"
"Sinhala","0778033275","00:00:00","No answer","","RINGNOANSWER","Harshika","00:00:00","2026-08-11 10:25:22","2026-08-11 10:25:52"
"Sinhala","0778033275","00:00:01","No answer","","RINGNOANSWER","Harshika","00:00:00","2026-08-11 10:25:22","2026-08-11 10:25:58"
"Tamil","0755839922","00:00:00","No answer","","RINGNOANSWER","Harshika","00:00:00","2026-08-11 10:27:44","2026-08-11 10:27:44"
"Sinhala","0778033275","00:00:00","No answer","","RINGNOANSWER","Harshika","00:00:00","2026-08-11 10:25:22","2026-08-11 10:27:48"
"Sinhala","0778033275","00:00:01","No answer","","RINGNOANSWER","Harshika","00:00:00","2026-08-11 10:25:22","2026-08-11 10:27:54"
"Sinhala","0778033275","00:05:05","Caller","2","COMPLETECALLER","Harshika","00:02:42","2026-08-11 10:25:22","2026-08-11 10:33:08"
"Sinhala","0766678786","00:02:38","Caller","1","COMPLETECALLER","Harshika","00:00:03","2026-08-11 10:43:46","2026-08-11 10:46:27"
"Sinhala","0711523125","00:01:13","Caller","1","COMPLETECALLER","Harshika","00:00:05","2026-08-11 11:16:03","2026-08-11 11:17:21"
"Sinhala","0777851491","00:01:06","Caller","2","COMPLETECALLER","Harshika","00:00:21","2026-08-11 11:17:04","2026-08-11 11:18:31"
"Sinhala","0778777108","00:02:03","Caller","2","COMPLETECALLER","Harshika","00:00:04","2026-08-11 11:21:14","2026-08-11 11:23:21"
"Sinhala","0706629242","00:02:13","Caller","2","COMPLETECALLER","Harshika","00:01:30","2026-08-11 11:21:56","2026-08-11 11:25:39"
"Sinhala","0758503349","00:01:26","Caller","2","COMPLETECALLER","Harshika","00:00:09","2026-08-11 11:34:34","2026-08-11 11:36:09"
"Sinhala","0769320780","00:02:00","Caller","2","COMPLETECALLER","Harshika","00:01:17","2026-08-11 11:34:56","2026-08-11 11:38:13"
"Sinhala","0770597344","00:01:06","Caller","2","COMPLETECALLER","Harshika","00:00:04","2026-08-11 11:39:41","2026-08-11 11:40:51"
"Sinhala","0750693164","00:01:01","Caller","1","COMPLETECALLER","Harshika","00:00:04","2026-08-11 11:47:10","2026-08-11 11:48:15"
"Sinhala","0743726847","00:00:39","Caller","2","COMPLETECALLER","Harshika","00:00:09","2026-08-11 11:50:27","2026-08-11 11:51:15"
"Tamil","0765858862","00:02:21","Caller","1","COMPLETECALLER","Harshika","00:00:04","2026-08-11 11:51:51","2026-08-11 11:54:16"
"Sinhala","0743726847","00:02:10","Caller","1","COMPLETECALLER","Harshika","00:00:39","2026-08-11 11:52:25","2026-08-11 11:55:14"
"Sinhala","0722999971","00:02:03","Agent","1","COMPLETEAGENT","Harshika","00:00:05","2026-08-11 12:06:51","2026-08-11 12:08:59"
"Sinhala","0775757925","00:02:49","Agent","1","COMPLETEAGENT","Harshika","00:01:50","2026-08-11 12:08:49","2026-08-11 12:13:28"
"Tamil","0752113082","00:03:20","Caller","1","COMPLETECALLER","Harshika","00:00:06","2026-08-11 12:16:08","2026-08-11 12:19:34"
"Tamil","0756422427","00:02:03","Agent","1","COMPLETEAGENT","Harshika","00:00:05","2026-08-11 12:21:17","2026-08-11 12:23:25"
"Tamil","0767632275","00:03:30","Agent","1","COMPLETEAGENT","Harshika","00:01:32","2026-08-11 12:18:26","2026-08-11 12:23:28"
"Tamil","0756422427","00:02:19","Agent","1","COMPLETEAGENT","Harshika","00:00:04","2026-08-11 12:23:52","2026-08-11 12:26:15"
"Tamil","0758311632","00:01:44","Caller","1","COMPLETECALLER","Harshika","00:00:06","2026-08-11 12:52:39","2026-08-11 12:54:29"
"Sinhala","0773588774","00:08:19","Agent","1","COMPLETEAGENT","Harshika","00:00:07","2026-08-11 13:00:52","2026-08-11 13:09:18"
"Sinhala","0756109274","00:02:44","Caller","1","COMPLETECALLER","Harshika","00:00:05","2026-08-11 13:16:07","2026-08-11 13:18:56"
"Tamil","0704208243","00:01:14","Agent","1","COMPLETEAGENT","Harshika","00:00:09","2026-08-11 13:26:54","2026-08-11 13:28:17"
"Sinhala","0769824926","00:00:35","Caller","1","COMPLETECALLER","Harshika","00:00:05","2026-08-11 13:30:28","2026-08-11 13:31:08"
"Sinhala","0776421405","00:01:36","Agent","1","COMPLETEAGENT","Harshika","00:00:06","2026-08-11 13:31:06","2026-08-11 13:32:48"
"Tamil","0754266651","00:00:01","No answer","","RINGNOANSWER","Harshika","00:00:00","2026-08-11 13:46:03","2026-08-11 13:46:04"
"Tamil","0754266651","00:00:01","No answer","","RINGNOANSWER","Harshika","00:00:00","2026-08-11 13:46:03","2026-08-11 13:46:39"
"Tamil","0773165548","00:00:00","No answer","","RINGNOANSWER","Harshika","00:00:00","2026-08-11 14:01:11","2026-08-11 14:01:11"
"Tamil","0773165548","00:00:30","No answer","","RINGNOANSWER","Harshika","00:00:00","2026-08-11 14:01:11","2026-08-11 14:01:46"
"Sinhala","0776964591","00:02:31","Caller","1","COMPLETECALLER","Harshika","00:00:03","2026-08-11 14:56:06","2026-08-11 14:58:40"
"Tamil","0752116061","00:02:08","Caller","1","COMPLETECALLER","Harshika","00:00:38","2026-08-11 14:58:40","2026-08-11 15:01:26"
"Tamil","0704208243","00:01:04","Caller","1","COMPLETECALLER","Harshika","00:00:06","2026-08-11 15:13:41","2026-08-11 15:14:51"
"Tamil","0704208243","00:00:49","Agent","1","COMPLETEAGENT","Harshika","00:00:06","2026-08-11 15:15:20","2026-08-11 15:16:15"
"Sinhala","0717556678","00:02:32","Caller","1","COMPLETECALLER","Harshika","00:00:56","2026-08-11 15:26:17","2026-08-11 15:29:45"
"Tamil","0725888965","00:02:37","Agent","1","COMPLETEAGENT","Harshika","00:00:06","2026-08-11 15:41:36","2026-08-11 15:44:19"
"Sinhala","0783756059","00:03:15","Caller","1","COMPLETECALLER","Harshika","00:00:05","2026-08-11 15:45:16","2026-08-11 15:48:36"
"Sinhala","0779461283","00:01:21","Caller","1","COMPLETECALLER","Harshika","00:00:04","2026-08-11 15:52:33","2026-08-11 15:53:58"
"Sinhala","0764808435","00:01:38","Agent","1","COMPLETEAGENT","Harshika","00:00:05","2026-08-11 15:54:22","2026-08-11 15:56:05"
"Sinhala","0766595877","00:01:10","Caller","1","COMPLETECALLER","Harshika","00:00:04","2026-08-11 15:57:31","2026-08-11 15:58:45"
"Tamil","0755839922","00:01:31","Agent","1","COMPLETEAGENT","Harshika","00:00:40","2026-08-11 16:39:38","2026-08-11 16:41:49"
"Sinhala","0716527087","00:00:59","Caller","1","COMPLETECALLER","Harshika","00:00:04","2026-08-11 16:59:29","2026-08-11 17:00:32"
"Sinhala","0778348950","00:06:28","Caller","1","COMPLETECALLER","Harshika","00:01:13","2026-08-11 17:00:52","2026-08-11 17:08:33"
"Sinhala","0767960156","00:01:19","Caller","2","COMPLETECALLER","Harshika","00:00:05","2026-08-11 17:54:03","2026-08-11 17:55:27"
"Tamil","0755242773","00:02:47","Agent","1","COMPLETEAGENT","Harshika","00:00:04","2026-08-11 17:56:16","2026-08-11 17:59:07"
"Tamil","0758311632","00:06:25","Agent","1","COMPLETEAGENT","Harshika","00:00:05","2026-08-12 09:17:30","2026-08-12 09:24:00"
"Tamil","0760175242","00:01:34","Agent","2","COMPLETEAGENT","Harshika","00:02:02","2026-08-12 09:22:01","2026-08-12 09:25:37"
"Tamil","0762213777","00:02:29","Caller","2","COMPLETECALLER","Harshika","00:04:54","2026-08-12 09:19:55","2026-08-12 09:27:18"
"Sinhala","0763285758","00:03:05","Caller","1","COMPLETECALLER","Harshika","00:00:03","2026-08-12 09:25:26","2026-08-12 09:28:34"
"Sinhala","0777009488","00:01:47","Caller","2","COMPLETECALLER","Harshika","00:00:05","2026-08-12 09:33:07","2026-08-12 09:34:59"
"Sinhala","0777576145","00:01:46","Caller","2","COMPLETECALLER","Harshika","00:00:08","2026-08-12 09:35:00","2026-08-12 09:36:54"
"Sinhala","0719944702","00:03:01","Agent","1","COMPLETEAGENT","Harshika","00:00:05","2026-08-12 09:44:50","2026-08-12 09:47:56"
"Sinhala","0777832223","00:01:34","Caller","1","COMPLETECALLER","Harshika","00:00:05","2026-08-12 09:52:46","2026-08-12 09:54:25"
"Sinhala","0776155865","00:02:17","Caller","1","COMPLETECALLER","Harshika","00:00:05","2026-08-12 09:56:34","2026-08-12 09:58:56"
"Sinhala","0761961789","00:02:22","Caller","1","COMPLETECALLER","Harshika","00:00:05","2026-08-12 10:01:00","2026-08-12 10:03:27"
"Sinhala","0705371212","00:01:59","Caller","1","COMPLETECALLER","Harshika","00:00:05","2026-08-12 10:11:04","2026-08-12 10:13:08"
"Tamil","0767634877","00:00:01","No answer","","RINGNOANSWER","Harshika","00:00:00","2026-08-12 10:31:29","2026-08-12 10:31:30"
"Tamil","0767634877","00:00:00","No answer","","RINGNOANSWER","Harshika","00:00:00","2026-08-12 10:31:29","2026-08-12 10:31:35"
"Tamil","0767634877","00:00:00","No answer","","RINGNOANSWER","Harshika","00:00:00","2026-08-12 10:31:29","2026-08-12 10:31:40"
"Tamil","0767634877","00:00:01","No answer","","RINGNOANSWER","Harshika","00:00:00","2026-08-12 10:31:29","2026-08-12 10:31:46"
"Tamil","0767634877","00:00:00","No answer","","RINGNOANSWER","Harshika","00:00:00","2026-08-12 10:31:29","2026-08-12 10:31:51"
"Tamil","0767634877","00:00:01","No answer","","RINGNOANSWER","Harshika","00:00:00","2026-08-12 10:31:29","2026-08-12 10:31:57"
"Sinhala","0767265523","00:00:01","No answer","","RINGNOANSWER","Harshika","00:00:00","2026-08-12 10:31:22","2026-08-12 10:31:58"
"Sinhala","0767265523","00:00:00","No answer","","RINGNOANSWER","Harshika","00:00:00","2026-08-12 10:31:22","2026-08-12 10:32:03"
"Sinhala","0767265523","00:00:01","No answer","","RINGNOANSWER","Harshika","00:00:00","2026-08-12 10:31:22","2026-08-12 10:32:09"
"Sinhala","0767265523","00:00:00","No answer","","RINGNOANSWER","Harshika","00:00:00","2026-08-12 10:31:22","2026-08-12 10:32:14"
"Sinhala","0767265523","00:00:01","No answer","","RINGNOANSWER","Harshika","00:00:00","2026-08-12 10:31:22","2026-08-12 10:32:20"
"Sinhala","0767265523","00:00:00","No answer","","RINGNOANSWER","Harshika","00:00:00","2026-08-12 10:31:22","2026-08-12 10:32:25"
"Tamil","0767634877","00:00:01","No answer","","RINGNOANSWER","Harshika","00:00:00","2026-08-12 10:31:29","2026-08-12 10:32:32"
"Tamil","0767634877","00:00:00","No answer","","RINGNOANSWER","Harshika","00:00:00","2026-08-12 10:31:29","2026-08-12 10:32:37"
"Tamil","0767634877","00:00:01","No answer","","RINGNOANSWER","Harshika","00:00:00","2026-08-12 10:31:29","2026-08-12 10:32:43"
"Tamil","0767634877","00:00:00","No answer","","RINGNOANSWER","Harshika","00:00:00","2026-08-12 10:31:29","2026-08-12 10:32:48"
"Tamil","0767634877","00:00:01","No answer","","RINGNOANSWER","Harshika","00:00:00","2026-08-12 10:31:29","2026-08-12 10:32:54"
"Tamil","0767634877","00:00:00","No answer","","RINGNOANSWER","Harshika","00:00:00","2026-08-12 10:31:29","2026-08-12 10:32:59"
"Tamil","0767634877","00:00:01","No answer","","RINGNOANSWER","Harshika","00:00:00","2026-08-12 10:31:29","2026-08-12 10:33:05"
"Sinhala","0767265523","00:00:01","No answer","","RINGNOANSWER","Harshika","00:00:00","2026-08-12 10:31:22","2026-08-12 10:33:06"
"Sinhala","0767265523","00:00:00","No answer","","RINGNOANSWER","Harshika","00:00:00","2026-08-12 10:31:22","2026-08-12 10:33:11"
"Tamil","0753638080","00:00:01","No answer","","RINGNOANSWER","Harshika","00:00:00","2026-08-12 10:33:14","2026-08-12 10:33:15"
"Sinhala","0767265523","00:00:00","No answer","","RINGNOANSWER","Harshika","00:00:00","2026-08-12 10:31:22","2026-08-12 10:33:16"
"Tamil","0753638080","00:00:00","No answer","","RINGNOANSWER","Harshika","00:00:00","2026-08-12 10:33:14","2026-08-12 10:33:20"
"Sinhala","0767265523","00:00:01","No answer","","RINGNOANSWER","Harshika","00:00:00","2026-08-12 10:31:22","2026-08-12 10:33:22"
"Tamil","0753638080","00:00:01","No answer","","RINGNOANSWER","Harshika","00:00:00","2026-08-12 10:33:14","2026-08-12 10:33:26"
"Sinhala","0767265523","00:00:00","No answer","","RINGNOANSWER","Harshika","00:00:00","2026-08-12 10:31:22","2026-08-12 10:33:27"
"Tamil","0753638080","00:00:00","No answer","","RINGNOANSWER","Harshika","00:00:00","2026-08-12 10:33:14","2026-08-12 10:33:31"
"Sinhala","0767265523","00:00:01","No answer","","RINGNOANSWER","Harshika","00:00:00","2026-08-12 10:31:22","2026-08-12 10:33:33"
"Tamil","0767634877","00:00:01","No answer","","RINGNOANSWER","Harshika","00:00:00","2026-08-12 10:31:29","2026-08-12 10:33:40"
"Tamil","0767634877","00:00:00","No answer","","RINGNOANSWER","Harshika","00:00:00","2026-08-12 10:31:29","2026-08-12 10:33:45"
"Tamil","0767634877","00:00:00","No answer","","RINGNOANSWER","Harshika","00:00:00","2026-08-12 10:31:29","2026-08-12 10:33:50"
"Tamil","0767634877","00:00:01","No answer","","RINGNOANSWER","Harshika","00:00:00","2026-08-12 10:31:29","2026-08-12 10:33:56"
"Tamil","0767634877","00:00:00","No answer","","RINGNOANSWER","Harshika","00:00:00","2026-08-12 10:31:29","2026-08-12 10:34:01"
"Tamil","0767634877","00:00:01","No answer","","RINGNOANSWER","Harshika","00:00:00","2026-08-12 10:31:29","2026-08-12 10:34:07"
"Tamil","0767634877","00:00:00","No answer","","RINGNOANSWER","Harshika","00:00:00","2026-08-12 10:31:29","2026-08-12 10:34:12"
"Sinhala","0767265523","00:00:00","No answer","","RINGNOANSWER","Harshika","00:00:00","2026-08-12 10:31:22","2026-08-12 10:34:13"
"Tamil","0767634877","00:00:01","No answer","","RINGNOANSWER","Harshika","00:00:00","2026-08-12 10:31:29","2026-08-12 10:34:18"
"Sinhala","0767265523","00:00:01","No answer","","RINGNOANSWER","Harshika","00:00:00","2026-08-12 10:31:22","2026-08-12 10:34:19"
"Tamil","0767634877","00:00:00","No answer","","RINGNOANSWER","Harshika","00:00:00","2026-08-12 10:31:29","2026-08-12 10:34:23"
"Sinhala","0767265523","00:00:00","No answer","","RINGNOANSWER","Harshika","00:00:00","2026-08-12 10:31:22","2026-08-12 10:34:24"
"Tamil","0767634877","00:00:01","No answer","","RINGNOANSWER","Harshika","00:00:00","2026-08-12 10:31:29","2026-08-12 10:34:29"
"Sinhala","0767265523","00:00:00","No answer","","RINGNOANSWER","Harshika","00:00:00","2026-08-12 10:31:22","2026-08-12 10:34:29"
"Tamil","0753638080","00:00:01","No answer","","RINGNOANSWER","Harshika","00:00:00","2026-08-12 10:33:14","2026-08-12 10:34:31"
"Sinhala","0767265523","00:00:01","No answer","","RINGNOANSWER","Harshika","00:00:00","2026-08-12 10:31:22","2026-08-12 10:34:35"
"Tamil","0753638080","00:00:00","No answer","","RINGNOANSWER","Harshika","00:00:00","2026-08-12 10:33:14","2026-08-12 10:34:36"
"Tamil","0753638080","00:00:00","No answer","","RINGNOANSWER","Harshika","00:00:00","2026-08-12 10:33:14","2026-08-12 10:34:41"
"Tamil","0753638080","00:00:01","No answer","","RINGNOANSWER","Harshika","00:00:00","2026-08-12 10:33:14","2026-08-12 10:34:47"
"Tamil","0753638080","00:00:00","No answer","","RINGNOANSWER","Harshika","00:00:00","2026-08-12 10:33:14","2026-08-12 10:34:52"
"Tamil","0753638080","00:00:01","No answer","","RINGNOANSWER","Harshika","00:00:00","2026-08-12 10:33:14","2026-08-12 10:34:58"
"Tamil","0753638080","00:00:00","No answer","","RINGNOANSWER","Harshika","00:00:00","2026-08-12 10:33:14","2026-08-12 10:35:03"
"Tamil","0753638080","00:00:00","No answer","","RINGNOANSWER","Harshika","00:00:00","2026-08-12 10:33:14","2026-08-12 10:35:08"
"Tamil","0753638080","00:00:01","No answer","","RINGNOANSWER","Harshika","00:00:00","2026-08-12 10:33:14","2026-08-12 10:35:14"
"Tamil","0753638080","00:00:00","No answer","","RINGNOANSWER","Harshika","00:00:00","2026-08-12 10:33:14","2026-08-12 10:35:19"
"Tamil","0753638080","00:00:01","No answer","","RINGNOANSWER","Harshika","00:00:00","2026-08-12 10:33:14","2026-08-12 10:35:25"
"Tamil","0753638080","00:00:00","No answer","","RINGNOANSWER","Harshika","00:00:00","2026-08-12 10:33:14","2026-08-12 10:35:30"
"Tamil","0753638080","00:00:01","No answer","","RINGNOANSWER","Harshika","00:00:00","2026-08-12 10:33:14","2026-08-12 10:35:36"
"Tamil","0753638080","00:00:00","No answer","","RINGNOANSWER","Harshika","00:00:00","2026-08-12 10:33:14","2026-08-12 10:35:41"
"Tamil","0753638080","00:00:01","No answer","","RINGNOANSWER","Harshika","00:00:00","2026-08-12 10:33:14","2026-08-12 10:35:47"
"Tamil","0753638080","00:00:00","No answer","","RINGNOANSWER","Harshika","00:00:00","2026-08-12 10:33:14","2026-08-12 10:35:52"
"Tamil","0753638080","00:00:01","No answer","","RINGNOANSWER","Harshika","00:00:00","2026-08-12 10:33:14","2026-08-12 10:35:58"
"Tamil","0753638080","00:00:00","No answer","","RINGNOANSWER","Harshika","00:00:00","2026-08-12 10:33:14","2026-08-12 10:36:03"
"Tamil","0753638080","00:00:01","No answer","","RINGNOANSWER","Harshika","00:00:00","2026-08-12 10:33:14","2026-08-12 10:36:09"
"Tamil","0753638080","00:00:00","No answer","","RINGNOANSWER","Harshika","00:00:00","2026-08-12 10:33:14","2026-08-12 10:36:14"
"Tamil","0753638080","00:00:01","No answer","","RINGNOANSWER","Harshika","00:00:00","2026-08-12 10:33:14","2026-08-12 10:36:20"
"Tamil","0753638080","00:00:00","No answer","","RINGNOANSWER","Harshika","00:00:00","2026-08-12 10:33:14","2026-08-12 10:36:25"
"Tamil","0753638080","00:00:01","No answer","","RINGNOANSWER","Harshika","00:00:00","2026-08-12 10:33:14","2026-08-12 10:36:31"
"Tamil","0767634877","00:00:00","No answer","","RINGNOANSWER","Harshika","00:00:00","2026-08-12 10:36:56","2026-08-12 10:36:56"
"Tamil","0753638080","00:00:01","No answer","","RINGNOANSWER","Harshika","00:00:00","2026-08-12 10:33:14","2026-08-12 10:37:06"
"Tamil","0767634877","00:00:00","No answer","","RINGNOANSWER","Harshika","00:00:00","2026-08-12 10:36:56","2026-08-12 10:37:06"
"Tamil","0767634877","00:00:01","No answer","","RINGNOANSWER","Harshika","00:00:00","2026-08-12 10:36:56","2026-08-12 10:37:12"
"Tamil","0767634877","00:00:00","No answer","","RINGNOANSWER","Harshika","00:00:00","2026-08-12 10:36:56","2026-08-12 10:37:17"
"Tamil","0767634877","00:00:01","No answer","","RINGNOANSWER","Harshika","00:00:00","2026-08-12 10:36:56","2026-08-12 10:37:23"
"Tamil","0767634877","00:00:01","No answer","","RINGNOANSWER","Harshika","00:00:00","2026-08-12 10:36:56","2026-08-12 10:37:58"
"Tamil","0767634877","00:00:01","No answer","","RINGNOANSWER","Harshika","00:00:00","2026-08-12 10:36:56","2026-08-12 10:38:33"
"Tamil","0767634877","00:00:00","No answer","","RINGNOANSWER","Harshika","00:00:00","2026-08-12 10:36:56","2026-08-12 10:39:08"
"Tamil","0767634877","00:00:00","No answer","","RINGNOANSWER","Harshika","00:00:00","2026-08-12 10:36:56","2026-08-12 10:39:43"
"Sinhala","0753638080","00:00:01","No answer","","RINGNOANSWER","Harshika","00:00:00","2026-08-12 10:39:55","2026-08-12 10:39:56"
"Tamil","0767634877","00:00:00","No answer","","RINGNOANSWER","Harshika","00:00:00","2026-08-12 10:36:56","2026-08-12 10:40:18"
"Tamil","0767634877","00:00:00","No answer","","RINGNOANSWER","Harshika","00:00:00","2026-08-12 10:36:56","2026-08-12 10:40:23"
"Sinhala","0713274599","00:00:00","No answer","","RINGNOANSWER","Harshika","00:00:00","2026-08-12 10:40:25","2026-08-12 10:40:25"
"Tamil","0767634877","00:00:01","No answer","","RINGNOANSWER","Harshika","00:00:00","2026-08-12 10:36:56","2026-08-12 10:40:29"
"Sinhala","0753638080","00:00:01","No answer","","RINGNOANSWER","Harshika","00:00:00","2026-08-12 10:39:55","2026-08-12 10:40:31"
"Sinhala","0713274599","00:00:01","No answer","","RINGNOANSWER","Harshika","00:00:00","2026-08-12 10:40:25","2026-08-12 10:40:32"
"Tamil","0767634877","00:00:00","No answer","","RINGNOANSWER","Harshika","00:00:00","2026-08-12 10:36:56","2026-08-12 10:40:34"
"Sinhala","0713274599","00:00:00","No answer","","RINGNOANSWER","Harshika","00:00:00","2026-08-12 10:40:25","2026-08-12 10:40:37"
"Tamil","0767634877","00:00:01","No answer","","RINGNOANSWER","Harshika","00:00:00","2026-08-12 10:36:56","2026-08-12 10:40:40"
"Sinhala","0713274599","00:00:00","No answer","","RINGNOANSWER","Harshika","00:00:00","2026-08-12 10:40:25","2026-08-12 10:40:42"
"Tamil","0767634877","00:00:00","No answer","","RINGNOANSWER","Harshika","00:00:00","2026-08-12 10:36:56","2026-08-12 10:40:45"
"Sinhala","0777564188","00:00:01","No answer","","RINGNOANSWER","Harshika","00:00:00","2026-08-12 10:40:13","2026-08-12 10:40:49"
"Sinhala","0777564188","00:00:00","No answer","","RINGNOANSWER","Harshika","00:00:00","2026-08-12 10:40:13","2026-08-12 10:40:54"
"Sinhala","0777564188","00:00:01","No answer","","RINGNOANSWER","Harshika","00:00:00","2026-08-12 10:40:13","2026-08-12 10:41:00"
"Sinhala","0777564188","00:00:00","No answer","","RINGNOANSWER","Harshika","00:00:00","2026-08-12 10:40:13","2026-08-12 10:41:05"
"Sinhala","0777564188","00:00:01","No answer","","RINGNOANSWER","Harshika","00:00:00","2026-08-12 10:40:13","2026-08-12 10:41:11"
"Sinhala","0713274599","00:00:01","No answer","","RINGNOANSWER","Harshika","00:00:00","2026-08-12 10:40:25","2026-08-12 10:41:17"
"Tamil","0767634877","00:00:00","No answer","","RINGNOANSWER","Harshika","00:00:00","2026-08-12 10:36:56","2026-08-12 10:41:20"
"Sinhala","0713274599","00:00:00","No answer","","RINGNOANSWER","Harshika","00:00:00","2026-08-12 10:40:25","2026-08-12 10:41:22"
"Tamil","0767634877","00:00:01","No answer","","RINGNOANSWER","Harshika","00:00:00","2026-08-12 10:36:56","2026-08-12 10:41:26"
"Tamil","0767634877","00:00:00","No answer","","RINGNOANSWER","Harshika","00:00:00","2026-08-12 10:36:56","2026-08-12 10:41:31"
"Tamil","0767634877","00:00:01","No answer","","RINGNOANSWER","Harshika","00:00:00","2026-08-12 10:36:56","2026-08-12 10:41:37"
"Tamil","0767634877","00:00:00","No answer","","RINGNOANSWER","Harshika","00:00:00","2026-08-12 10:36:56","2026-08-12 10:41:42"
"Tamil","0767634877","00:00:01","No answer","","RINGNOANSWER","Harshika","00:00:00","2026-08-12 10:36:56","2026-08-12 10:41:48"
"Sinhala","0777564188","00:00:00","No answer","","RINGNOANSWER","Harshika","00:00:00","2026-08-12 10:40:13","2026-08-12 10:41:51"
"Sinhala","0777564188","00:00:01","No answer","","RINGNOANSWER","Harshika","00:00:00","2026-08-12 10:40:13","2026-08-12 10:41:57"
"Sinhala","0777564188","00:00:00","No answer","","RINGNOANSWER","Harshika","00:00:00","2026-08-12 10:40:13","2026-08-12 10:42:02"
"Sinhala","0777564188","00:00:00","No answer","","RINGNOANSWER","Harshika","00:00:00","2026-08-12 10:40:13","2026-08-12 10:42:07"
"Sinhala","0777564188","00:00:00","No answer","","RINGNOANSWER","Harshika","00:00:00","2026-08-12 10:40:13","2026-08-12 10:42:13"
"Tamil","0767634877","00:00:01","No answer","","RINGNOANSWER","Harshika","00:00:00","2026-08-12 10:36:56","2026-08-12 10:42:23"
"Tamil","0767634877","00:00:00","No answer","","RINGNOANSWER","Harshika","00:00:00","2026-08-12 10:36:56","2026-08-12 10:42:28"
"Tamil","0767634877","00:00:00","No answer","","RINGNOANSWER","Harshika","00:00:00","2026-08-12 10:36:56","2026-08-12 10:42:33"
"Tamil","0767634877","00:00:01","No answer","","RINGNOANSWER","Harshika","00:00:00","2026-08-12 10:36:56","2026-08-12 10:42:39"
"Tamil","0767634877","00:00:01","No answer","","RINGNOANSWER","Harshika","00:00:00","2026-08-12 10:36:56","2026-08-12 10:42:45"
"Tamil","0767634877","00:00:00","No answer","","RINGNOANSWER","Harshika","00:00:00","2026-08-12 10:36:56","2026-08-12 10:42:50"
"Sinhala","0777564188","00:00:01","No answer","","RINGNOANSWER","Harshika","00:00:00","2026-08-12 10:40:13","2026-08-12 10:42:54"
"Sinhala","0777564188","00:00:00","No answer","","RINGNOANSWER","Harshika","00:00:00","2026-08-12 10:40:13","2026-08-12 10:42:59"
"Sinhala","0777564188","00:00:01","No answer","","RINGNOANSWER","Harshika","00:00:00","2026-08-12 10:40:13","2026-08-12 10:43:05"
"Sinhala","0777564188","00:00:00","No answer","","RINGNOANSWER","Harshika","00:00:00","2026-08-12 10:40:13","2026-08-12 10:43:10"
"Sinhala","0777564188","00:00:00","No answer","","RINGNOANSWER","Harshika","00:00:00","2026-08-12 10:40:13","2026-08-12 10:43:15"
"Tamil","0767634877","00:00:00","No answer","","RINGNOANSWER","Harshika","00:00:00","2026-08-12 10:36:56","2026-08-12 10:43:25"
"Sinhala","0755839922","00:02:04","Caller","2","COMPLETECALLER","Harshika","00:00:05","2026-08-12 11:04:46","2026-08-12 11:06:55"
"Tamil","0760175242","00:01:20","Caller","1","COMPLETECALLER","Harshika","00:00:06","2026-08-12 11:14:35","2026-08-12 11:16:01"
"Sinhala","0702736943","00:01:48","Agent","1","COMPLETEAGENT","Harshika","00:01:49","2026-08-12 11:13:23","2026-08-12 11:17:00"
"Sinhala","0703512708","00:03:08","Caller","2","COMPLETECALLER","Harshika","00:00:05","2026-08-12 11:18:48","2026-08-12 11:22:01"
"Sinhala","0766678786","00:03:48","Caller","1","COMPLETECALLER","Harshika","00:02:24","2026-08-12 11:20:56","2026-08-12 11:27:08"
"Tamil","0704923400","00:02:00","Caller","1","COMPLETECALLER","Harshika","00:00:06","2026-08-12 11:33:28","2026-08-12 11:35:34"
"Sinhala","0766378411","00:01:56","Caller","1","COMPLETECALLER","Harshika","00:00:40","2026-08-12 11:51:26","2026-08-12 11:54:02"
"Tamil","0758311632","00:05:25","Caller","1","COMPLETECALLER","Harshika","00:00:05","2026-08-12 11:57:09","2026-08-12 12:02:39"
"Sinhala","0729188140","00:02:20","Caller","1","COMPLETECALLER","Harshika","00:02:24","2026-08-12 12:30:51","2026-08-12 12:35:35"
"Sinhala","0775970025","00:02:39","Caller","1","COMPLETECALLER","Harshika","00:00:05","2026-08-12 12:41:14","2026-08-12 12:43:58"
"Sinhala","0740627339","00:02:41","Caller","1","COMPLETECALLER","Harshika","00:00:06","2026-08-12 12:52:45","2026-08-12 12:55:32"
"Sinhala","0713274599","00:02:26","Caller","1","COMPLETECALLER","Harshika","00:00:05","2026-08-12 12:57:06","2026-08-12 12:59:37"
"Sinhala","0777906505","00:01:35","Caller","1","COMPLETECALLER","Harshika","00:00:08","2026-08-12 13:03:53","2026-08-12 13:05:36"
"Sinhala","0763240102","00:01:39","Caller","1","COMPLETECALLER","Harshika","00:00:05","2026-08-12 13:19:16","2026-08-12 13:21:00"
"Sinhala","0770329536","00:01:47","Agent","2","COMPLETEAGENT","Harshika","00:00:08","2026-08-12 13:38:21","2026-08-12 13:40:16"
"Sinhala","0716779662","00:03:00","Agent","2","COMPLETEAGENT","Harshika","00:00:09","2026-08-12 13:40:10","2026-08-12 13:43:19"
"Sinhala","0777914296","00:01:14","Caller","2","COMPLETECALLER","Harshika","00:00:07","2026-08-12 13:44:00","2026-08-12 13:45:21"
"Sinhala","0770054908","00:00:00","No answer","","RINGNOANSWER","Harshika","00:00:00","2026-08-12 13:44:30","2026-08-12 13:45:22"
"Sinhala","0770054908","00:01:43","Caller","2","COMPLETECALLER","Harshika","00:01:01","2026-08-12 13:44:30","2026-08-12 13:47:14"
"Tamil","0705797932","00:00:00","No answer","","RINGNOANSWER","Harshika","00:00:00","2026-08-12 13:51:31","2026-08-12 13:51:31"
"Tamil","0705797932","00:00:01","No answer","","RINGNOANSWER","Harshika","00:00:00","2026-08-12 13:52:28","2026-08-12 13:52:29"
"Tamil","0705797932","00:00:01","No answer","","RINGNOANSWER","Harshika","00:00:00","2026-08-12 13:52:28","2026-08-12 13:53:04"
"Tamil","0705797932","00:00:01","No answer","","RINGNOANSWER","Harshika","00:00:00","2026-08-12 13:52:28","2026-08-12 13:53:39"
"Tamil","0705797932","00:00:01","No answer","","RINGNOANSWER","Harshika","00:00:00","2026-08-12 13:52:28","2026-08-12 13:54:14"
"Tamil","0705797932","00:00:01","No answer","","RINGNOANSWER","Harshika","00:00:00","2026-08-12 13:52:28","2026-08-12 13:54:49"
"Tamil","0705797932","00:00:01","No answer","","RINGNOANSWER","Harshika","00:00:00","2026-08-12 13:52:28","2026-08-12 13:55:24"
"Tamil","0705797932","00:00:01","No answer","","RINGNOANSWER","Harshika","00:00:00","2026-08-12 13:52:28","2026-08-12 13:55:59"
"Tamil","0705797932","00:00:01","No answer","","RINGNOANSWER","Harshika","00:00:00","2026-08-12 13:52:28","2026-08-12 13:56:34"
"Tamil","0705797932","00:00:01","No answer","","RINGNOANSWER","Harshika","00:00:00","2026-08-12 13:52:28","2026-08-12 13:57:09"
"Tamil","0705797932","00:00:01","No answer","","RINGNOANSWER","Harshika","00:00:00","2026-08-12 13:52:28","2026-08-12 13:57:44"
"Sinhala","0773322294","00:00:01","No answer","","RINGNOANSWER","Harshika","00:00:00","2026-08-12 14:00:50","2026-08-12 14:00:51"
"Sinhala","0773322294","00:00:00","No answer","","RINGNOANSWER","Harshika","00:00:00","2026-08-12 14:00:50","2026-08-12 14:00:56"
"Sinhala","0773322294","00:00:00","No answer","","RINGNOANSWER","Harshika","00:00:00","2026-08-12 14:00:50","2026-08-12 14:01:02"
"Sinhala","0773322294","00:00:01","No answer","","RINGNOANSWER","Harshika","00:00:00","2026-08-12 14:00:50","2026-08-12 14:01:08"
"Sinhala","0773322294","00:00:01","No answer","","RINGNOANSWER","Harshika","00:00:00","2026-08-12 14:00:50","2026-08-12 14:01:14"
"Sinhala","0773322294","00:00:01","No answer","","RINGNOANSWER","Harshika","00:00:00","2026-08-12 14:00:50","2026-08-12 14:01:20"
"Sinhala","0773322294","00:00:00","No answer","","RINGNOANSWER","Harshika","00:00:00","2026-08-12 14:00:50","2026-08-12 14:01:25"
"Sinhala","0773322294","00:00:01","No answer","","RINGNOANSWER","Harshika","00:00:00","2026-08-12 14:00:50","2026-08-12 14:01:31"
"Sinhala","0773322294","00:00:00","No answer","","RINGNOANSWER","Harshika","00:00:00","2026-08-12 14:00:50","2026-08-12 14:01:37"
"Sinhala","0773322294","00:00:01","No answer","","RINGNOANSWER","Harshika","00:00:00","2026-08-12 14:00:50","2026-08-12 14:01:43"
"Sinhala","0773322294","00:00:00","No answer","","RINGNOANSWER","Harshika","00:00:00","2026-08-12 14:00:50","2026-08-12 14:01:48"
"Sinhala","0773322294","00:00:01","No answer","","RINGNOANSWER","Harshika","00:00:00","2026-08-12 14:00:50","2026-08-12 14:01:54"
"Sinhala","0773322294","00:00:00","No answer","","RINGNOANSWER","Harshika","00:00:00","2026-08-12 14:00:50","2026-08-12 14:01:59"
"Sinhala","0771519224","00:00:00","No answer","","RINGNOANSWER","Harshika","00:00:00","2026-08-12 14:01:28","2026-08-12 14:02:05"
"Sinhala","0771519224","00:00:00","No answer","","RINGNOANSWER","Harshika","00:00:00","2026-08-12 14:01:28","2026-08-12 14:02:10"
"Sinhala","0771519224","00:00:01","No answer","","RINGNOANSWER","Harshika","00:00:00","2026-08-12 14:01:28","2026-08-12 14:02:16"
"Sinhala","0771519224","00:00:00","No answer","","RINGNOANSWER","Harshika","00:00:00","2026-08-12 14:01:28","2026-08-12 14:02:21"
"Sinhala","0716134721","00:00:00","No answer","","RINGNOANSWER","Harshika","00:00:00","2026-08-12 14:02:39","2026-08-12 14:02:39"
"Sinhala","0716134721","00:00:00","No answer","","RINGNOANSWER","Harshika","00:00:00","2026-08-12 14:02:39","2026-08-12 14:02:44"
"Sinhala","0716134721","00:00:01","No answer","","RINGNOANSWER","Harshika","00:00:00","2026-08-12 14:02:39","2026-08-12 14:02:50"
"Sinhala","0716134721","00:00:00","No answer","","RINGNOANSWER","Harshika","00:00:00","2026-08-12 14:02:39","2026-08-12 14:02:55"
"Sinhala","0716134721","00:00:01","No answer","","RINGNOANSWER","Harshika","00:00:00","2026-08-12 14:02:39","2026-08-12 14:03:02"
"Sinhala","0716134721","00:00:00","No answer","","RINGNOANSWER","Harshika","00:00:00","2026-08-12 14:02:39","2026-08-12 14:03:07"
"Sinhala","0716134721","00:00:01","No answer","","RINGNOANSWER","Harshika","00:00:00","2026-08-12 14:02:39","2026-08-12 14:03:13"
"Sinhala","0716134721","00:00:00","No answer","","RINGNOANSWER","Harshika","00:00:00","2026-08-12 14:02:39","2026-08-12 14:03:18"
"Sinhala","0716134721","00:00:01","No answer","","RINGNOANSWER","Harshika","00:00:00","2026-08-12 14:02:39","2026-08-12 14:03:24"
"Tamil","0752116061","00:00:00","No answer","","RINGNOANSWER","Harshika","00:00:00","2026-08-12 14:04:31","2026-08-12 14:04:31"
"Tamil","0752116061","00:00:01","No answer","","RINGNOANSWER","Harshika","00:00:00","2026-08-12 14:04:31","2026-08-12 14:04:37"
"Sinhala","0716134721","00:00:01","No answer","","RINGNOANSWER","Harshika","00:00:00","2026-08-12 14:02:39","2026-08-12 14:04:40"
"Tamil","0758311632","00:05:32","Caller","1","COMPLETECALLER","Harshika","00:00:07","2026-08-12 14:37:13","2026-08-12 14:42:52"
"Tamil","0752001733","00:02:30","Caller","1","COMPLETECALLER","Harshika","00:01:06","2026-08-12 15:20:02","2026-08-12 15:23:38"
"Tamil","0705797932","00:02:06","Caller","1","COMPLETECALLER","Harshika","00:00:04","2026-08-12 15:22:42","2026-08-12 15:24:52"
"Sinhala","0705797932","00:00:00","No answer","","RINGNOANSWER","Harshika","00:00:00","2026-08-12 15:25:10","2026-08-12 15:25:10"
"Sinhala","0705797932","00:00:00","No answer","","RINGNOANSWER","Harshika","00:00:00","2026-08-12 15:25:10","2026-08-12 15:25:15"
"Sinhala","0705797932","00:00:01","No answer","","RINGNOANSWER","Harshika","00:00:00","2026-08-12 15:25:10","2026-08-12 15:25:21"
"Sinhala","0705797932","00:00:00","No answer","","RINGNOANSWER","Harshika","00:00:00","2026-08-12 15:25:10","2026-08-12 15:25:26"
"Sinhala","0705797932","00:00:00","No answer","","RINGNOANSWER","Harshika","00:00:00","2026-08-12 15:25:10","2026-08-12 15:25:31"
"Sinhala","0705797932","00:00:01","No answer","","RINGNOANSWER","Harshika","00:00:00","2026-08-12 15:25:10","2026-08-12 15:25:37"
"Sinhala","0705797932","00:00:00","No answer","","RINGNOANSWER","Harshika","00:00:00","2026-08-12 15:25:10","2026-08-12 15:25:42"
"Sinhala","0705797932","00:00:01","No answer","","RINGNOANSWER","Harshika","00:00:00","2026-08-12 15:25:10","2026-08-12 15:25:48"
"Tamil","0773944483","00:02:27","Agent","1","COMPLETEAGENT","Harshika","00:00:05","2026-08-12 15:24:18","2026-08-12 15:26:50"
"Sinhala","0705797932","00:00:00","No answer","","RINGNOANSWER","Harshika","00:00:00","2026-08-12 15:27:16","2026-08-12 15:27:16"
"Sinhala","0705797932","00:00:00","No answer","","RINGNOANSWER","Harshika","00:00:00","2026-08-12 15:27:16","2026-08-12 15:27:21"
"Sinhala","0705797932","00:00:01","No answer","","RINGNOANSWER","Harshika","00:00:00","2026-08-12 15:27:16","2026-08-12 15:27:27"
"Sinhala","0705797932","00:00:00","No answer","","RINGNOANSWER","Harshika","00:00:00","2026-08-12 15:27:16","2026-08-12 15:27:32"
"Sinhala","0705797932","00:00:00","No answer","","RINGNOANSWER","Harshika","00:00:00","2026-08-12 15:27:16","2026-08-12 15:27:37"
"Sinhala","0705797932","00:00:01","No answer","","RINGNOANSWER","Harshika","00:00:00","2026-08-12 15:27:16","2026-08-12 15:27:48"
"Sinhala","0705797932","00:00:00","No answer","","RINGNOANSWER","Harshika","00:00:00","2026-08-12 15:27:16","2026-08-12 15:27:53"
"Sinhala","0705797932","00:00:00","No answer","","RINGNOANSWER","Harshika","00:00:00","2026-08-12 15:27:16","2026-08-12 15:27:58"
"Sinhala","0705797932","00:00:01","No answer","","RINGNOANSWER","Harshika","00:00:00","2026-08-12 15:27:16","2026-08-12 15:28:04"
"Sinhala","0705797932","00:00:00","No answer","","RINGNOANSWER","Harshika","00:00:00","2026-08-12 15:27:16","2026-08-12 15:28:09"
"Sinhala","0705797932","00:00:00","No answer","","RINGNOANSWER","Harshika","00:00:00","2026-08-12 15:27:16","2026-08-12 15:28:14"
"Sinhala","0705797932","00:00:01","No answer","","RINGNOANSWER","Harshika","00:00:00","2026-08-12 15:27:16","2026-08-12 15:28:23"
"Sinhala","0705797932","00:00:00","No answer","","RINGNOANSWER","Harshika","00:00:00","2026-08-12 15:27:16","2026-08-12 15:28:28"
"Sinhala","0705797932","00:00:01","No answer","","RINGNOANSWER","Harshika","00:00:00","2026-08-12 15:27:16","2026-08-12 15:28:34"
"Tamil","0773944483","00:00:00","No answer","","RINGNOANSWER","Harshika","00:00:00","2026-08-12 15:30:30","2026-08-12 15:30:30"
"Tamil","0773944483","00:00:00","No answer","","RINGNOANSWER","Harshika","00:00:00","2026-08-12 15:30:30","2026-08-12 15:30:35"
"Tamil","0773944483","00:00:01","No answer","","RINGNOANSWER","Harshika","00:00:00","2026-08-12 15:30:30","2026-08-12 15:30:41"
"Sinhala","0704762871","00:00:00","No answer","","RINGNOANSWER","Harshika","00:00:00","2026-08-12 15:27:12","2026-08-12 15:30:42"
"Sinhala","0787899532","00:00:00","No answer","","RINGNOANSWER","Harshika","00:00:00","2026-08-12 15:31:28","2026-08-12 15:32:03"
"Sinhala","0706377505","00:00:01","No answer","","RINGNOANSWER","Harshika","00:00:00","2026-08-12 15:32:32","2026-08-12 15:32:33"
"Sinhala","0706377505","00:00:00","No answer","","RINGNOANSWER","Harshika","00:00:00","2026-08-12 15:32:32","2026-08-12 15:32:38"
"Sinhala","0706377505","00:00:01","No answer","","RINGNOANSWER","Harshika","00:00:00","2026-08-12 15:32:32","2026-08-12 15:32:44"
"Sinhala","0706377505","00:00:00","No answer","","RINGNOANSWER","Harshika","00:00:00","2026-08-12 15:32:32","2026-08-12 15:33:59"
"Sinhala","0706377505","00:00:00","No answer","","RINGNOANSWER","Harshika","00:00:00","2026-08-12 15:32:32","2026-08-12 15:34:34"
"Tamil","0772502028","00:02:33","Caller","1","COMPLETECALLER","Harshika","00:00:03","2026-08-12 15:35:40","2026-08-12 15:38:16"
"Sinhala","0763595823","00:00:30","No answer","","RINGNOANSWER","Harshika","00:00:00","2026-08-12 15:38:58","2026-08-12 15:39:28"
"Tamil","0783756059","00:01:30","Caller","1","COMPLETECALLER","Harshika","00:00:42","2026-08-12 15:37:38","2026-08-12 15:39:50"
"Sinhala","0783756059","00:05:42","Agent","2","COMPLETEAGENT","Harshika","00:00:48","2026-08-12 15:42:13","2026-08-12 15:48:43"
"Tamil","0758311632","00:02:44","Agent","1","COMPLETEAGENT","Harshika","00:00:04","2026-08-12 15:57:09","2026-08-12 15:59:57"
"Sinhala","0716527087","00:01:48","Caller","1","COMPLETECALLER","Harshika","00:01:20","2026-08-12 16:06:53","2026-08-12 16:10:01"
"Sinhala","0789938385","00:02:07","Agent","1","COMPLETEAGENT","Harshika","00:00:39","2026-08-12 17:10:08","2026-08-12 17:12:54"
"Tamil","0755877099","00:05:25","Agent","1","COMPLETEAGENT","Harshika","00:01:52","2026-08-12 17:11:04","2026-08-12 17:18:21"
"Sinhala","0762862378","00:03:15","Caller","1","COMPLETECALLER","Harshika","00:00:04","2026-08-12 17:26:21","2026-08-12 17:29:40"
"Tamil","0771577114","00:00:00","No answer","","RINGNOANSWER","Harshika","00:00:00","2026-08-12 18:19:59","2026-08-12 18:19:59"
"Tamil","0771577114","00:00:00","No answer","","RINGNOANSWER","Harshika","00:00:00","2026-08-12 18:19:59","2026-08-12 18:20:34"
"Tamil","0771577114","00:00:00","No answer","","RINGNOANSWER","Harshika","00:00:00","2026-08-12 18:19:59","2026-08-12 18:21:09"
"Tamil","0771577114","00:00:00","No answer","","RINGNOANSWER","Harshika","00:00:00","2026-08-12 18:19:59","2026-08-12 18:21:45"
"Tamil","0769669080","00:00:01","No answer","","RINGNOANSWER","Harshika","00:00:00","2026-08-12 18:25:21","2026-08-12 18:25:22"
"Tamil","0769669080","00:00:00","No answer","","RINGNOANSWER","Harshika","00:00:00","2026-08-12 18:25:21","2026-08-12 18:25:57"
"Tamil","0769669080","00:00:00","No answer","","RINGNOANSWER","Harshika","00:00:00","2026-08-12 18:25:21","2026-08-12 18:26:32"
"Tamil","0728312178","00:00:56","Caller","1","COMPLETECALLER","Harshika","00:00:07","2026-08-13 09:41:01","2026-08-13 09:42:04"
"Tamil","0763114543","00:00:17","Agent","1","COMPLETEAGENT","Harshika","00:00:23","2026-08-13 10:05:51","2026-08-13 10:06:31"
"Tamil","0763114543","00:00:00","No answer","","RINGNOANSWER","Harshika","00:00:00","2026-08-13 10:06:52","2026-08-13 10:06:52"
"Sinhala","0741554546","00:00:00","No answer","","RINGNOANSWER","Harshika","00:00:00","2026-08-13 10:06:54","2026-08-13 10:06:54"
"Sinhala","0741554546","00:00:01","No answer","","RINGNOANSWER","Harshika","00:00:00","2026-08-13 10:06:54","2026-08-13 10:07:00"
"Sinhala","0741554546","00:00:00","No answer","","RINGNOANSWER","Harshika","00:00:00","2026-08-13 10:06:54","2026-08-13 10:07:05"
"Sinhala","0741554546","00:00:00","No answer","","RINGNOANSWER","Harshika","00:00:00","2026-08-13 10:06:54","2026-08-13 10:07:10"
"Sinhala","0741554546","00:00:01","No answer","","RINGNOANSWER","Harshika","00:00:00","2026-08-13 10:06:54","2026-08-13 10:07:16"
"Sinhala","0741554546","00:00:01","No answer","","RINGNOANSWER","Harshika","00:00:00","2026-08-13 10:06:54","2026-08-13 10:07:22"
"Tamil","0763114543","00:00:00","No answer","","RINGNOANSWER","Harshika","00:00:00","2026-08-13 10:06:52","2026-08-13 10:07:27"
"Sinhala","0741554546","00:00:00","No answer","","RINGNOANSWER","Harshika","00:00:00","2026-08-13 10:06:54","2026-08-13 10:07:32"
"Sinhala","0741554546","00:00:01","No answer","","RINGNOANSWER","Harshika","00:00:00","2026-08-13 10:06:54","2026-08-13 10:07:38"
"Sinhala","0741554546","00:00:01","No answer","","RINGNOANSWER","Harshika","00:00:00","2026-08-13 10:06:54","2026-08-13 10:07:44"
"Tamil","0763114543","00:00:00","No answer","","RINGNOANSWER","Harshika","00:00:00","2026-08-13 10:06:52","2026-08-13 10:08:02"
"Sinhala","0703512708","00:00:30","No answer","","RINGNOANSWER","Harshika","00:00:00","2026-08-13 10:14:58","2026-08-13 10:15:28"
"Sinhala","0703512708","00:00:13","Agent","2","COMPLETEAGENT","Harshika","00:00:44","2026-08-13 10:14:58","2026-08-13 10:15:55"
"Sinhala","0767960156","00:00:00","No answer","","RINGNOANSWER","Harshika","00:00:00","2026-08-13 10:16:17","2026-08-13 10:16:17"
"Sinhala","0767960156","00:00:01","No answer","","RINGNOANSWER","Harshika","00:00:00","2026-08-13 10:16:17","2026-08-13 10:16:23"
"Sinhala","0767960156","00:00:00","No answer","","RINGNOANSWER","Harshika","00:00:00","2026-08-13 10:16:17","2026-08-13 10:16:28"
"Sinhala","0767960156","00:00:01","No answer","","RINGNOANSWER","Harshika","00:00:00","2026-08-13 10:16:17","2026-08-13 10:16:34"
"Sinhala","0767960156","00:00:00","No answer","","RINGNOANSWER","Harshika","00:00:00","2026-08-13 10:16:17","2026-08-13 10:16:39"
"Sinhala","0767960156","00:00:00","No answer","","RINGNOANSWER","Harshika","00:00:00","2026-08-13 10:16:17","2026-08-13 10:16:45"
"Sinhala","0767960156","00:00:01","No answer","","RINGNOANSWER","Harshika","00:00:00","2026-08-13 10:16:17","2026-08-13 10:16:51"
"Sinhala","0767960156","00:00:01","No answer","","RINGNOANSWER","Harshika","00:00:00","2026-08-13 10:16:17","2026-08-13 10:16:57"
"Sinhala","0767960156","00:00:00","No answer","","RINGNOANSWER","Harshika","00:00:00","2026-08-13 10:16:17","2026-08-13 10:17:02"
"Sinhala","0767960156","00:00:01","No answer","","RINGNOANSWER","Harshika","00:00:00","2026-08-13 10:16:17","2026-08-13 10:17:08"
"Sinhala","0767960156","00:00:00","No answer","","RINGNOANSWER","Harshika","00:00:00","2026-08-13 10:16:17","2026-08-13 10:17:13"
"Sinhala","0767960156","00:00:00","No answer","","RINGNOANSWER","Harshika","00:00:00","2026-08-13 10:16:17","2026-08-13 10:17:20"
"Sinhala","0767960156","00:00:01","No answer","","RINGNOANSWER","Harshika","00:00:00","2026-08-13 10:16:17","2026-08-13 10:17:26"
"Sinhala","0767960156","00:00:00","No answer","","RINGNOANSWER","Harshika","00:00:00","2026-08-13 10:16:17","2026-08-13 10:17:31"
"Sinhala","0767960156","00:00:01","No answer","","RINGNOANSWER","Harshika","00:00:00","2026-08-13 10:16:17","2026-08-13 10:17:37"
"Sinhala","0767960156","00:00:00","No answer","","RINGNOANSWER","Harshika","00:00:00","2026-08-13 10:16:17","2026-08-13 10:17:42"
"Tamil","0752551633","00:02:06","Agent","1","COMPLETEAGENT","Harshika","00:00:06","2026-08-13 10:23:19","2026-08-13 10:25:31"
"Tamil","0752551633","00:01:31","Caller","1","COMPLETECALLER","Harshika","00:00:05","2026-08-13 10:25:56","2026-08-13 10:27:32"
"Tamil","0751354093","00:03:11","Agent","1","COMPLETEAGENT","Harshika","00:00:12","2026-08-13 10:27:24","2026-08-13 10:30:47"
"Sinhala","0776155865","00:01:55","Caller","1","COMPLETECALLER","Harshika","00:00:03","2026-08-13 10:29:39","2026-08-13 10:31:37"
"Sinhala","0755839922","00:02:30","Caller","2","COMPLETECALLER","Harshika","00:00:05","2026-08-13 10:40:27","2026-08-13 10:43:02"
"Sinhala","0766678786","00:06:16","Agent","1","COMPLETEAGENT","Harshika","00:00:05","2026-08-13 10:43:41","2026-08-13 10:50:02"
"Tamil","0770546489","00:02:12","Caller","1","COMPLETECALLER","Harshika","00:00:09","2026-08-13 11:11:20","2026-08-13 11:13:41"
"Tamil","0726102774","00:00:01","No answer","","RINGNOANSWER","Harshika","00:00:00","2026-08-13 11:32:07","2026-08-13 11:32:08"
"Tamil","0726102774","00:00:00","No answer","","RINGNOANSWER","Harshika","00:00:00","2026-08-13 11:32:07","2026-08-13 11:32:13"
"Tamil","0726102774","00:00:01","No answer","","RINGNOANSWER","Harshika","00:00:00","2026-08-13 11:32:07","2026-08-13 11:32:19"
"Sinhala","0764071667","00:00:00","No answer","","RINGNOANSWER","Harshika","00:00:00","2026-08-13 11:32:20","2026-08-13 11:32:20"
"Tamil","0726102774","00:00:00","No answer","","RINGNOANSWER","Harshika","00:00:00","2026-08-13 11:32:07","2026-08-13 11:32:24"
"Tamil","0726102774","00:00:01","No answer","","RINGNOANSWER","Harshika","00:00:00","2026-08-13 11:32:07","2026-08-13 11:32:30"
"Tamil","0726102774","00:00:00","No answer","","RINGNOANSWER","Harshika","00:00:00","2026-08-13 11:32:07","2026-08-13 11:32:35"
"Tamil","0726102774","00:00:01","No answer","","RINGNOANSWER","Harshika","00:00:00","2026-08-13 11:32:07","2026-08-13 11:32:41"
"Tamil","0726102774","00:00:00","No answer","","RINGNOANSWER","Harshika","00:00:00","2026-08-13 11:32:07","2026-08-13 11:32:46"
"Tamil","0726102774","00:00:00","No answer","","RINGNOANSWER","Harshika","00:00:00","2026-08-13 11:32:07","2026-08-13 11:32:51"
"Tamil","0726102774","00:00:01","No answer","","RINGNOANSWER","Harshika","00:00:00","2026-08-13 11:32:07","2026-08-13 11:32:57"
"Tamil","0726102774","00:00:00","No answer","","RINGNOANSWER","Harshika","00:00:00","2026-08-13 11:32:07","2026-08-13 11:33:02"
"Tamil","0778947930","00:00:00","No answer","","RINGNOANSWER","Harshika","00:00:00","2026-08-13 11:35:27","2026-08-13 11:35:27"
"Tamil","0778947930","00:00:00","No answer","","RINGNOANSWER","Harshika","00:00:00","2026-08-13 11:35:27","2026-08-13 11:36:02"
"Tamil","0778947930","00:00:00","No answer","","RINGNOANSWER","Harshika","00:00:00","2026-08-13 11:35:27","2026-08-13 11:36:37"
"Tamil","0726102774","00:00:01","No answer","","RINGNOANSWER","Harshika","00:00:00","2026-08-13 11:37:05","2026-08-13 11:37:06"
"Tamil","0778947930","00:00:00","No answer","","RINGNOANSWER","Harshika","00:00:00","2026-08-13 11:37:16","2026-08-13 11:37:16"
"Tamil","0778947930","00:00:01","No answer","","RINGNOANSWER","Harshika","00:00:00","2026-08-13 11:37:16","2026-08-13 11:37:22"
"Tamil","0778947930","00:00:00","No answer","","RINGNOANSWER","Harshika","00:00:00","2026-08-13 11:37:16","2026-08-13 11:37:27"
"Tamil","0778947930","00:00:01","No answer","","RINGNOANSWER","Harshika","00:00:00","2026-08-13 11:37:16","2026-08-13 11:37:33"
"Tamil","0778947930","00:00:00","No answer","","RINGNOANSWER","Harshika","00:00:00","2026-08-13 11:37:16","2026-08-13 11:37:38"
"Tamil","0778947930","00:00:01","No answer","","RINGNOANSWER","Harshika","00:00:00","2026-08-13 11:37:16","2026-08-13 11:37:44"
"Tamil","0778947930","00:00:00","No answer","","RINGNOANSWER","Harshika","00:00:00","2026-08-13 11:37:16","2026-08-13 11:37:49"
"Tamil","0778947930","00:00:00","No answer","","RINGNOANSWER","Harshika","00:00:00","2026-08-13 11:37:16","2026-08-13 11:37:54"
"Tamil","0778947930","00:00:01","No answer","","RINGNOANSWER","Harshika","00:00:00","2026-08-13 11:37:16","2026-08-13 11:38:00"
"Tamil","0771577114","00:00:00","No answer","","RINGNOANSWER","Harshika","00:00:00","2026-08-13 11:47:47","2026-08-13 11:47:47"
"Tamil","0771577114","00:00:01","No answer","","RINGNOANSWER","Harshika","00:00:00","2026-08-13 11:47:47","2026-08-13 11:47:53"
"Tamil","0771577114","00:00:00","No answer","","RINGNOANSWER","Harshika","00:00:00","2026-08-13 11:47:47","2026-08-13 11:47:58"
"Tamil","0771577114","00:00:01","No answer","","RINGNOANSWER","Harshika","00:00:00","2026-08-13 11:47:47","2026-08-13 11:48:04"
"Tamil","0771577114","00:00:00","No answer","","RINGNOANSWER","Harshika","00:00:00","2026-08-13 11:47:47","2026-08-13 11:48:09"
"Tamil","0771577114","00:00:01","No answer","","RINGNOANSWER","Harshika","00:00:00","2026-08-13 11:47:47","2026-08-13 11:48:15"
"Tamil","0771577114","00:00:00","No answer","","RINGNOANSWER","Harshika","00:00:00","2026-08-13 11:47:47","2026-08-13 11:48:20"
"Tamil","0771577114","00:00:00","No answer","","RINGNOANSWER","Harshika","00:00:00","2026-08-13 11:47:47","2026-08-13 11:48:26"
"Sinhala","0705178200","00:00:00","No answer","","RINGNOANSWER","Harshika","00:00:00","2026-08-13 11:48:30","2026-08-13 11:48:30"
"Tamil","0771577114","00:00:01","No answer","","RINGNOANSWER","Harshika","00:00:00","2026-08-13 11:47:47","2026-08-13 11:48:32"
"Tamil","0771577114","00:00:00","No answer","","RINGNOANSWER","Harshika","00:00:00","2026-08-13 11:47:47","2026-08-13 11:48:37"
"Tamil","0771577114","00:00:00","No answer","","RINGNOANSWER","Harshika","00:00:00","2026-08-13 11:47:47","2026-08-13 11:48:42"
"Tamil","0771577114","00:00:01","No answer","","RINGNOANSWER","Harshika","00:00:00","2026-08-13 11:47:47","2026-08-13 11:48:48"
"Tamil","0771577114","00:02:11","Caller","1","COMPLETECALLER","Harshika","00:01:11","2026-08-13 11:47:47","2026-08-13 11:51:09"
"Sinhala","0715157416","00:10:20","Agent","2","COMPLETEAGENT","Harshika","00:00:06","2026-08-13 11:57:09","2026-08-13 12:07:35"
"Sinhala","0778777108","00:03:19","Caller","2","COMPLETECALLER","Harshika","00:00:08","2026-08-13 12:12:18","2026-08-13 12:15:45"
"Tamil","0773944483","00:01:33","Agent","1","COMPLETEAGENT","Harshika","00:00:06","2026-08-13 12:21:44","2026-08-13 12:23:23"
"Sinhala","0729366098","00:01:05","Caller","2","COMPLETECALLER","Harshika","00:00:05","2026-08-13 12:52:35","2026-08-13 12:53:45"
"Sinhala","0729366098","00:01:59","Caller","2","COMPLETECALLER","Harshika","00:00:06","2026-08-13 12:54:17","2026-08-13 12:56:22"
"Sinhala","0758311632","00:02:04","Caller","2","COMPLETECALLER","Harshika","00:00:06","2026-08-13 13:23:03","2026-08-13 13:25:13"
"Sinhala","0758311632","00:03:19","Caller","1","COMPLETECALLER","Harshika","00:00:06","2026-08-13 13:40:18","2026-08-13 13:43:43"
"Sinhala","0768858646","00:00:01","No answer","","RINGNOANSWER","Harshika","00:00:00","2026-08-13 13:49:11","2026-08-13 13:49:12"
"Sinhala","0775970025","00:00:00","No answer","","RINGNOANSWER","Harshika","00:00:00","2026-08-13 13:57:15","2026-08-13 13:57:15"
"Sinhala","0775970025","00:00:01","No answer","","RINGNOANSWER","Harshika","00:00:00","2026-08-13 13:57:15","2026-08-13 13:57:21"
"Sinhala","0775970025","00:00:01","No answer","","RINGNOANSWER","Harshika","00:00:00","2026-08-13 13:57:15","2026-08-13 13:57:27"
"Sinhala","0775970025","00:00:00","No answer","","RINGNOANSWER","Harshika","00:00:00","2026-08-13 13:57:15","2026-08-13 13:57:32"
"Sinhala","0775970025","00:00:01","No answer","","RINGNOANSWER","Harshika","00:00:00","2026-08-13 13:57:15","2026-08-13 13:57:38"
"Sinhala","0775970025","00:00:00","No answer","","RINGNOANSWER","Harshika","00:00:00","2026-08-13 13:57:15","2026-08-13 13:57:43"
"Sinhala","0775970025","00:00:01","No answer","","RINGNOANSWER","Harshika","00:00:00","2026-08-13 13:57:15","2026-08-13 13:57:49"
"Sinhala","0754119130","00:00:01","No answer","","RINGNOANSWER","Harshika","00:00:00","2026-08-13 13:57:33","2026-08-13 13:57:54"
"Sinhala","0754119130","00:00:01","No answer","","RINGNOANSWER","Harshika","00:00:00","2026-08-13 13:57:33","2026-08-13 13:58:00"
"Sinhala","0775970025","00:00:01","No answer","","RINGNOANSWER","Harshika","00:00:00","2026-08-13 13:58:27","2026-08-13 13:58:28"
"Sinhala","0775970025","00:00:00","No answer","","RINGNOANSWER","Harshika","00:00:00","2026-08-13 13:58:27","2026-08-13 13:58:33"
"Sinhala","0775970025","00:00:00","No answer","","RINGNOANSWER","Harshika","00:00:00","2026-08-13 13:58:27","2026-08-13 13:58:40"
"Sinhala","0754119130","00:00:00","No answer","","RINGNOANSWER","Harshika","00:00:00","2026-08-13 14:00:12","2026-08-13 14:00:12"
"Sinhala","0754119130","00:00:01","No answer","","RINGNOANSWER","Harshika","00:00:00","2026-08-13 14:00:12","2026-08-13 14:00:18"
"Sinhala","0754119130","00:00:00","No answer","","RINGNOANSWER","Harshika","00:00:00","2026-08-13 14:00:12","2026-08-13 14:00:23"
"Sinhala","0754119130","00:00:01","No answer","","RINGNOANSWER","Harshika","00:00:00","2026-08-13 14:00:12","2026-08-13 14:00:32"
"Sinhala","0754119130","00:00:00","No answer","","RINGNOANSWER","Harshika","00:00:00","2026-08-13 14:00:12","2026-08-13 14:00:37"
"Sinhala","0754119130","00:00:01","No answer","","RINGNOANSWER","Harshika","00:00:00","2026-08-13 14:00:12","2026-08-13 14:00:43"
"Sinhala","0754119130","00:00:00","No answer","","RINGNOANSWER","Harshika","00:00:00","2026-08-13 14:00:12","2026-08-13 14:00:48"
"Sinhala","0754119130","00:00:02","No answer","","RINGNOANSWER","Harshika","00:00:00","2026-08-13 14:00:12","2026-08-13 14:00:55"
"Sinhala","0754119130","00:00:00","No answer","","RINGNOANSWER","Harshika","00:00:00","2026-08-13 14:00:12","2026-08-13 14:01:00"
"Sinhala","0754119130","00:00:01","No answer","","RINGNOANSWER","Harshika","00:00:00","2026-08-13 14:00:12","2026-08-13 14:01:06"
"Sinhala","0754119130","00:00:00","No answer","","RINGNOANSWER","Harshika","00:00:00","2026-08-13 14:00:12","2026-08-13 14:01:11"
"Sinhala","0754119130","00:00:01","No answer","","RINGNOANSWER","Harshika","00:00:00","2026-08-13 14:00:12","2026-08-13 14:01:17"
"Sinhala","0754119130","00:00:00","No answer","","RINGNOANSWER","Harshika","00:00:00","2026-08-13 14:00:12","2026-08-13 14:01:22"
"Sinhala","0754119130","00:00:01","No answer","","RINGNOANSWER","Harshika","00:00:00","2026-08-13 14:00:12","2026-08-13 14:01:28"
"Sinhala","0754119130","00:00:01","No answer","","RINGNOANSWER","Harshika","00:00:00","2026-08-13 14:00:12","2026-08-13 14:01:34"
"Sinhala","0754119130","00:00:00","No answer","","RINGNOANSWER","Harshika","00:00:00","2026-08-13 14:00:12","2026-08-13 14:01:39"
"Sinhala","0754119130","00:00:01","No answer","","RINGNOANSWER","Harshika","00:00:00","2026-08-13 14:00:12","2026-08-13 14:01:45"
"Sinhala","0754119130","00:00:00","No answer","","RINGNOANSWER","Harshika","00:00:00","2026-08-13 14:00:12","2026-08-13 14:01:50"
"Sinhala","0754119130","00:00:01","No answer","","RINGNOANSWER","Harshika","00:00:00","2026-08-13 14:00:12","2026-08-13 14:01:56"
"Sinhala","0754119130","00:00:00","No answer","","RINGNOANSWER","Harshika","00:00:00","2026-08-13 14:00:12","2026-08-13 14:02:01"
"Sinhala","0754119130","00:00:00","No answer","","RINGNOANSWER","Harshika","00:00:00","2026-08-13 14:00:12","2026-08-13 14:02:07"
"Sinhala","0773453890","00:00:31","Agent","2","COMPLETEAGENT","Harshika","00:02:56","2026-08-13 14:37:27","2026-08-13 14:40:54"
"Sinhala","0765548546","00:00:17","Caller","1","COMPLETECALLER","Harshika","00:00:06","2026-08-13 14:43:05","2026-08-13 14:43:28"
"Sinhala","0773453890","00:00:31","Agent","2","COMPLETEAGENT","Harshika","00:00:06","2026-08-13 14:48:15","2026-08-13 14:48:52"
"Sinhala","0714902022","00:02:25","Caller","2","COMPLETECALLER","Harshika","00:00:07","2026-08-13 15:49:16","2026-08-13 15:51:48"
"Sinhala","0812232190","00:04:37","Caller","1","COMPLETECALLER","Harshika","00:00:05","2026-08-13 15:53:24","2026-08-13 15:58:06"
"Sinhala","0777106883","00:00:00","No answer","","RINGNOANSWER","Harshika","00:00:00","2026-08-13 16:44:07","2026-08-13 16:44:42"
"Sinhala","0812232190","00:02:39","Caller","1","COMPLETECALLER","Harshika","00:00:42","2026-08-13 16:41:40","2026-08-13 16:45:01"
"Sinhala","0762862378","00:06:34","Caller","2","COMPLETECALLER","Harshika","00:00:06","2026-08-13 16:48:57","2026-08-13 16:55:37"
"Sinhala","0712697771","00:04:23","Caller","1","COMPLETECALLER","Harshika","00:00:42","2026-08-13 17:05:07","2026-08-13 17:10:12"
"Sinhala","0784260106","00:03:27","Agent","1","COMPLETEAGENT","Harshika","00:00:10","2026-08-13 17:26:06","2026-08-13 17:29:43"
"Tamil","0725518575","00:01:56","Caller","1","COMPLETECALLER","Harshika","00:00:08","2026-08-13 17:31:03","2026-08-13 17:33:07"
"Tamil","0758311632","00:03:15","Caller","1","COMPLETECALLER","Harshika","00:00:08","2026-08-13 17:49:27","2026-08-13 17:52:50"
"Sinhala","0785910643","00:01:10","Caller","1","COMPLETECALLER","Harshika","00:00:16","2026-08-13 17:57:26","2026-08-13 17:58:52"
"Sinhala","0771519224","00:00:01","No answer","","RINGNOANSWER","Harshika","00:00:00","2026-08-13 18:01:56","2026-08-13 18:01:57"
"Sinhala","0771519224","00:00:00","No answer","","RINGNOANSWER","Harshika","00:00:00","2026-08-13 18:01:56","2026-08-13 18:02:02"
"Sinhala","0771519224","00:00:00","No answer","","RINGNOANSWER","Harshika","00:00:00","2026-08-13 18:01:56","2026-08-13 18:02:07"
"Sinhala","0771519224","00:00:01","No answer","","RINGNOANSWER","Harshika","00:00:00","2026-08-13 18:01:56","2026-08-13 18:02:13"
"Sinhala","0758311632","00:00:01","No answer","","RINGNOANSWER","Harshika","00:00:00","2026-08-13 18:31:09","2026-08-13 18:31:10"
"Sinhala","0758311632","00:00:00","No answer","","RINGNOANSWER","Harshika","00:00:00","2026-08-13 18:31:09","2026-08-13 18:31:15"
"Sinhala","0758311632","00:00:00","No answer","","RINGNOANSWER","Harshika","00:00:00","2026-08-13 18:31:09","2026-08-13 18:31:22"
"Sinhala","0758311632","00:00:01","No answer","","RINGNOANSWER","Harshika","00:00:00","2026-08-13 18:31:09","2026-08-13 18:31:28"
"Tamil","0765610667","00:04:06","Caller","1","COMPLETECALLER","Harshika","00:00:06","2026-08-15 09:03:08","2026-08-15 09:07:20"
"Sinhala","0764063779","00:02:52","Agent","2","COMPLETEAGENT","Harshika","00:00:06","2026-08-15 09:11:23","2026-08-15 09:14:21"
"Sinhala","0763462075","00:02:59","Caller","1","COMPLETECALLER","Harshika","00:00:07","2026-08-15 09:41:06","2026-08-15 09:44:12"
"Sinhala","0750420747","00:02:34","Caller","1","COMPLETECALLER","Harshika","00:00:41","2026-08-15 10:23:40","2026-08-15 10:26:55"
"Tamil","0765610667","00:02:17","Caller","1","COMPLETECALLER","Harshika","00:00:47","2026-08-15 10:26:13","2026-08-15 10:29:17"
"Sinhala","0764017248","00:00:00","No answer","","RINGNOANSWER","Harshika","00:00:00","2026-08-15 10:59:05","2026-08-15 11:00:50"
"Sinhala","0764017248","00:00:01","No answer","","RINGNOANSWER","Harshika","00:00:00","2026-08-15 10:59:05","2026-08-15 11:00:56"
"Sinhala","0764017248","00:00:00","No answer","","RINGNOANSWER","Harshika","00:00:00","2026-08-15 10:59:05","2026-08-15 11:01:01"
"Sinhala","0764017248","00:00:01","No answer","","RINGNOANSWER","Harshika","00:00:00","2026-08-15 10:59:05","2026-08-15 11:01:07"
"Sinhala","0764017248","00:00:01","No answer","","RINGNOANSWER","Harshika","00:00:00","2026-08-15 10:59:05","2026-08-15 11:01:13"
"Sinhala","0764017248","00:00:00","No answer","","RINGNOANSWER","Harshika","00:00:00","2026-08-15 10:59:05","2026-08-15 11:01:18"
"Sinhala","0764017248","00:00:00","No answer","","RINGNOANSWER","Harshika","00:00:00","2026-08-15 10:59:05","2026-08-15 11:01:23"
"Sinhala","0764017248","00:00:01","No answer","","RINGNOANSWER","Harshika","00:00:00","2026-08-15 10:59:05","2026-08-15 11:01:29"
"Sinhala","0764017248","00:00:00","No answer","","RINGNOANSWER","Harshika","00:00:00","2026-08-15 10:59:05","2026-08-15 11:01:34"
"Sinhala","0764017248","00:00:00","No answer","","RINGNOANSWER","Harshika","00:00:00","2026-08-15 10:59:05","2026-08-15 11:01:40"
"Sinhala","0764017248","00:00:00","No answer","","RINGNOANSWER","Harshika","00:00:00","2026-08-15 10:59:05","2026-08-15 11:01:45"
"Sinhala","0764017248","00:00:00","No answer","","RINGNOANSWER","Harshika","00:00:00","2026-08-15 11:02:01","2026-08-15 11:02:01"
"Sinhala","0726117879","00:00:02","Caller","1","COMPLETECALLER","Harshika","00:00:05","2026-08-15 11:14:40","2026-08-15 11:14:47"
"Tamil","0774033827","00:00:37","Agent","1","COMPLETEAGENT","Harshika","00:00:05","2026-08-15 11:36:49","2026-08-15 11:37:31"
"Sinhala","0714512631","00:00:50","Caller","1","COMPLETECALLER","Harshika","00:00:08","2026-08-15 11:40:20","2026-08-15 11:41:18"
"Sinhala","0761961789","00:02:17","Caller","1","COMPLETECALLER","Harshika","00:00:06","2026-08-15 11:42:07","2026-08-15 11:44:30"
"Sinhala","0774033827","00:01:15","Agent","1","COMPLETEAGENT","Harshika","00:00:09","2026-08-15 12:10:28","2026-08-15 12:11:52"
"Tamil","0704923400","00:01:14","Agent","1","COMPLETEAGENT","Harshika","00:00:09","2026-08-15 12:30:39","2026-08-15 12:32:02"
"Tamil","0704923400","00:01:12","Caller","1","COMPLETECALLER","Harshika","00:00:13","2026-08-15 12:32:41","2026-08-15 12:34:06"
"Tamil","0767949912","00:02:09","Caller","1","COMPLETECALLER","Harshika","00:00:06","2026-08-15 12:45:33","2026-08-15 12:47:48"
"Tamil","0767949912","00:00:00","No answer","","RINGNOANSWER","Harshika","00:00:00","2026-08-15 12:48:11","2026-08-15 12:48:11"
"Sinhala","0767960156","00:00:01","No answer","","RINGNOANSWER","Harshika","00:00:00","2026-08-15 12:49:04","2026-08-15 12:49:05"
"Sinhala","0767960156","00:00:00","No answer","","RINGNOANSWER","Harshika","00:00:00","2026-08-15 12:49:04","2026-08-15 12:49:10"
"Sinhala","0767960156","00:00:01","No answer","","RINGNOANSWER","Harshika","00:00:00","2026-08-15 12:49:04","2026-08-15 12:49:16"
"Sinhala","0767960156","00:00:00","No answer","","RINGNOANSWER","Harshika","00:00:00","2026-08-15 12:49:04","2026-08-15 12:49:21"
"Sinhala","0767960156","00:00:01","No answer","","RINGNOANSWER","Harshika","00:00:00","2026-08-15 12:49:04","2026-08-15 12:49:27"
"Sinhala","0767960156","00:00:01","No answer","","RINGNOANSWER","Harshika","00:00:00","2026-08-15 12:49:04","2026-08-15 12:49:33"
"Sinhala","0767960156","00:00:00","No answer","","RINGNOANSWER","Harshika","00:00:00","2026-08-15 12:49:04","2026-08-15 12:49:38"
"Sinhala","0767960156","00:00:00","No answer","","RINGNOANSWER","Harshika","00:00:00","2026-08-15 12:49:04","2026-08-15 12:49:43"
"Sinhala","0767960156","00:01:47","Caller","1","COMPLETECALLER","Harshika","00:00:48","2026-08-15 12:49:04","2026-08-15 12:51:39"
"Sinhala","0742361801","00:00:00","No answer","","RINGNOANSWER","Harshika","00:00:00","2026-08-15 13:58:52","2026-08-15 13:58:52"
"Sinhala","0742361801","00:00:01","No answer","","RINGNOANSWER","Harshika","00:00:00","2026-08-15 13:58:52","2026-08-15 13:58:58"
"Sinhala","0742361801","00:00:00","No answer","","RINGNOANSWER","Harshika","00:00:00","2026-08-15 13:58:52","2026-08-15 13:59:03"
"Sinhala","0742361801","00:00:00","No answer","","RINGNOANSWER","Harshika","00:00:00","2026-08-15 13:58:52","2026-08-15 13:59:08"
"Sinhala","0776383682","00:00:01","No answer","","RINGNOANSWER","Harshika","00:00:00","2026-08-15 13:59:46","2026-08-15 13:59:50"
"Sinhala","0776383682","00:00:00","No answer","","RINGNOANSWER","Harshika","00:00:00","2026-08-15 13:59:46","2026-08-15 13:59:55"
"Sinhala","0776383682","00:00:01","No answer","","RINGNOANSWER","Harshika","00:00:00","2026-08-15 13:59:46","2026-08-15 14:00:01"
"Sinhala","0776383682","00:00:00","No answer","","RINGNOANSWER","Harshika","00:00:00","2026-08-15 13:59:46","2026-08-15 14:00:06"
"Sinhala","0776383682","00:00:00","No answer","","RINGNOANSWER","Harshika","00:00:00","2026-08-15 13:59:46","2026-08-15 14:00:11"
"Sinhala","0776383682","00:00:01","No answer","","RINGNOANSWER","Harshika","00:00:00","2026-08-15 13:59:46","2026-08-15 14:00:17"
"Sinhala","0776383682","00:00:00","No answer","","RINGNOANSWER","Harshika","00:00:00","2026-08-15 13:59:46","2026-08-15 14:00:24"
"Sinhala","0776383682","00:00:01","No answer","","RINGNOANSWER","Harshika","00:00:00","2026-08-15 13:59:46","2026-08-15 14:00:30"
"Sinhala","0776383682","00:00:00","No answer","","RINGNOANSWER","Harshika","00:00:00","2026-08-15 13:59:46","2026-08-15 14:00:35"
"Sinhala","0776383682","00:00:01","No answer","","RINGNOANSWER","Harshika","00:00:00","2026-08-15 13:59:46","2026-08-15 14:00:41"
"Sinhala","0776383682","00:00:00","No answer","","RINGNOANSWER","Harshika","00:00:00","2026-08-15 13:59:46","2026-08-15 14:00:46"
"Sinhala","0776383682","00:00:00","No answer","","RINGNOANSWER","Harshika","00:00:00","2026-08-15 13:59:46","2026-08-15 14:00:51"
"Sinhala","0776383682","00:00:01","No answer","","RINGNOANSWER","Harshika","00:00:00","2026-08-15 13:59:46","2026-08-15 14:01:00"
"Sinhala","0776383682","00:00:00","No answer","","RINGNOANSWER","Harshika","00:00:00","2026-08-15 13:59:46","2026-08-15 14:01:05"
"Sinhala","0776383682","00:00:01","No answer","","RINGNOANSWER","Harshika","00:00:00","2026-08-15 13:59:46","2026-08-15 14:01:11"
"Sinhala","0776383682","00:00:00","No answer","","RINGNOANSWER","Harshika","00:00:00","2026-08-15 13:59:46","2026-08-15 14:01:16"
"Sinhala","0776383682","00:00:01","No answer","","RINGNOANSWER","Harshika","00:00:00","2026-08-15 13:59:46","2026-08-15 14:01:22"
"Sinhala","0776383682","00:00:00","No answer","","RINGNOANSWER","Harshika","00:00:00","2026-08-15 13:59:46","2026-08-15 14:01:27"
"Sinhala","0776383682","00:00:01","No answer","","RINGNOANSWER","Harshika","00:00:00","2026-08-15 13:59:46","2026-08-15 14:01:35"
"Sinhala","0776383682","00:00:00","No answer","","RINGNOANSWER","Harshika","00:00:00","2026-08-15 13:59:46","2026-08-15 14:01:40"
"Sinhala","0776383682","00:00:01","No answer","","RINGNOANSWER","Harshika","00:00:00","2026-08-15 13:59:46","2026-08-15 14:01:46"
"Sinhala","0776383682","00:00:00","No answer","","RINGNOANSWER","Harshika","00:00:00","2026-08-15 13:59:46","2026-08-15 14:01:51"
"Sinhala","0776383682","00:00:01","No answer","","RINGNOANSWER","Harshika","00:00:00","2026-08-15 13:59:46","2026-08-15 14:01:57"
"Sinhala","0776383682","00:00:00","No answer","","RINGNOANSWER","Harshika","00:00:00","2026-08-15 13:59:46","2026-08-15 14:02:02"
"Sinhala","0776383682","00:00:01","No answer","","RINGNOANSWER","Harshika","00:00:00","2026-08-15 13:59:46","2026-08-15 14:02:10"
"Sinhala","0776383682","00:00:01","No answer","","RINGNOANSWER","Harshika","00:00:00","2026-08-15 13:59:46","2026-08-15 14:02:16"
"Sinhala","0776383682","00:00:00","No answer","","RINGNOANSWER","Harshika","00:00:00","2026-08-15 13:59:46","2026-08-15 14:02:21"
"Sinhala","0776383682","00:00:00","No answer","","RINGNOANSWER","Harshika","00:00:00","2026-08-15 13:59:46","2026-08-15 14:02:26"
"Sinhala","0776383682","00:00:01","No answer","","RINGNOANSWER","Harshika","00:00:00","2026-08-15 13:59:46","2026-08-15 14:02:32"
"Tamil","0776383682","00:00:01","No answer","","RINGNOANSWER","Harshika","00:00:00","2026-08-15 14:06:40","2026-08-15 14:06:41"
"Tamil","0776383682","00:00:01","No answer","","RINGNOANSWER","Harshika","00:00:00","2026-08-15 14:06:40","2026-08-15 14:07:16"
"Tamil","0776383682","00:00:01","No answer","","RINGNOANSWER","Harshika","00:00:00","2026-08-15 14:06:40","2026-08-15 14:07:51"
"Tamil","0776383682","00:00:01","No answer","","RINGNOANSWER","Harshika","00:00:00","2026-08-15 14:08:18","2026-08-15 14:08:19"
"Sinhala","0773481113","00:00:01","No answer","","RINGNOANSWER","Harshika","00:00:00","2026-08-15 14:10:14","2026-08-15 14:10:15"
"Sinhala","0773481113","00:00:00","No answer","","RINGNOANSWER","Harshika","00:00:00","2026-08-15 14:10:14","2026-08-15 14:10:20"
"Sinhala","0773481113","00:00:01","No answer","","RINGNOANSWER","Harshika","00:00:00","2026-08-15 14:10:14","2026-08-15 14:10:26"
"Sinhala","0773481113","00:00:00","No answer","","RINGNOANSWER","Harshika","00:00:00","2026-08-15 14:10:14","2026-08-15 14:10:31"
"Sinhala","0773481113","00:00:00","No answer","","RINGNOANSWER","Harshika","00:00:00","2026-08-15 14:10:14","2026-08-15 14:10:36"
"Sinhala","0773481113","00:00:01","No answer","","RINGNOANSWER","Harshika","00:00:00","2026-08-15 14:10:14","2026-08-15 14:10:42"
"Sinhala","0773481113","00:00:00","No answer","","RINGNOANSWER","Harshika","00:00:00","2026-08-15 14:10:14","2026-08-15 14:10:47"
"Tamil","0764301518","00:00:00","No answer","","RINGNOANSWER","Harshika","00:00:00","2026-08-15 14:19:40","2026-08-15 14:19:40"
"Tamil","0767949912","00:00:10","Caller","1","COMPLETECALLER","Harshika","00:00:06","2026-08-15 17:23:45","2026-08-15 17:24:01"
"Tamil","0767485212","00:00:01","No answer","","RINGNOANSWER","Harshika","00:00:00","2026-08-16 11:15:25","2026-08-16 11:15:26"
"Tamil","0767485212","00:00:01","No answer","","RINGNOANSWER","Harshika","00:00:00","2026-08-16 11:15:25","2026-08-16 11:16:01"
"Tamil","0767485212","00:00:01","No answer","","RINGNOANSWER","Harshika","00:00:00","2026-08-16 11:16:48","2026-08-16 11:16:49"
"Sinhala","0777602327","00:01:38","Caller","1","COMPLETECALLER","Harshika","00:00:08","2026-08-17 09:07:31","2026-08-17 09:09:17"
"Sinhala","0722734563","00:02:49","Caller","1","COMPLETECALLER","Harshika","00:00:09","2026-08-17 09:25:32","2026-08-17 09:28:30"
"Tamil","0704923400","00:04:38","Caller","1","COMPLETECALLER","Harshika","00:00:05","2026-08-17 09:47:03","2026-08-17 09:51:46"
"Tamil","0765320182","00:02:11","Agent","1","COMPLETEAGENT","Harshika","00:00:06","2026-08-17 10:20:40","2026-08-17 10:22:57"
"Sinhala","0711777141","00:02:22","Caller","1","COMPLETECALLER","Harshika","00:00:05","2026-08-17 10:21:35","2026-08-17 10:24:02"
"Sinhala","0769790666","00:01:40","Agent","1","COMPLETEAGENT","Harshika","00:00:07","2026-08-17 10:32:56","2026-08-17 10:34:43"
"Tamil","0756557266","00:01:14","Caller","1","COMPLETECALLER","Harshika","00:00:05","2026-08-17 10:37:26","2026-08-17 10:38:45"
"Sinhala","0778348950","00:01:51","Caller","2","COMPLETECALLER","Harshika","00:00:10","2026-08-17 10:44:47","2026-08-17 10:46:48"
"Sinhala","0711337266","00:02:03","Agent","1","COMPLETEAGENT","Harshika","00:00:08","2026-08-17 11:00:04","2026-08-17 11:02:15"
"Sinhala","0778082173","00:03:33","Agent","1","COMPLETEAGENT","Harshika","00:00:04","2026-08-17 11:23:14","2026-08-17 11:26:51"
"Sinhala","0763272090","00:01:58","Caller","1","COMPLETECALLER","Harshika","00:00:45","2026-08-17 11:42:01","2026-08-17 11:44:44"
"Tamil","0743137258","00:01:48","Agent","1","COMPLETEAGENT","Harshika","00:00:06","2026-08-17 12:04:28","2026-08-17 12:06:22"
"Sinhala","0761961789","00:03:19","Agent","2","COMPLETEAGENT","Harshika","00:00:07","2026-08-17 12:08:22","2026-08-17 12:11:48"
"Sinhala","0763462075","00:03:01","Caller","1","COMPLETECALLER","Harshika","00:01:13","2026-08-17 13:22:54","2026-08-17 13:27:08"
"Sinhala","0771552870","00:02:27","Caller","1","COMPLETECALLER","Harshika","00:00:05","2026-08-17 13:28:46","2026-08-17 13:31:18"
"Tamil","0758311632","00:00:55","Caller","1","COMPLETECALLER","Harshika","00:00:05","2026-08-17 14:25:16","2026-08-17 14:26:16"
"Tamil","0758311632","00:03:53","Caller","1","COMPLETECALLER","Harshika","00:00:07","2026-08-17 14:27:30","2026-08-17 14:31:30"
"Sinhala","0768907799","00:00:00","No answer","","RINGNOANSWER","Harshika","00:00:00","2026-08-17 14:33:13","2026-08-17 14:33:13"
"Sinhala","0772794793","00:01:17","Agent","1","COMPLETEAGENT","Harshika","00:00:04","2026-08-17 15:47:47","2026-08-17 15:49:08"
"Sinhala","0742947767","00:01:26","Caller","1","COMPLETECALLER","Harshika","00:00:04","2026-08-17 16:09:59","2026-08-17 16:11:29"
"Sinhala","0773588774","00:00:01","No answer","","RINGNOANSWER","Harshika","00:00:00","2026-08-17 16:15:04","2026-08-17 16:15:40"
"Sinhala","0785983627","00:02:49","Caller","1","COMPLETECALLER","Harshika","00:00:05","2026-08-17 16:23:28","2026-08-17 16:26:22"
"Tamil","0755877099","00:02:48","Agent","1","COMPLETEAGENT","Harshika","00:00:05","2026-08-17 17:29:31","2026-08-17 17:32:24"
"Tamil","0742510778","00:02:50","Agent","1","COMPLETEAGENT","Harshika","00:00:07","2026-08-17 17:48:39","2026-08-17 17:51:36"
"Tamil","0704012298","00:00:38","Caller","1","COMPLETECALLER","Harshika","00:00:05","2026-08-17 17:57:05","2026-08-17 17:57:48"
"Tamil","0755877099","00:15:24","Agent","1","COMPLETEAGENT","Harshika","00:00:06","2026-08-17 17:45:26","2026-08-17 18:00:56"
"Tamil","0764911325","00:03:01","Agent","1","COMPLETEAGENT","Harshika","00:00:06","2026-08-17 17:58:48","2026-08-17 18:01:55"
"Tamil","0751607424","00:00:32","Caller","1","COMPLETECALLER","Harshika","00:00:10","2026-08-18 09:05:53","2026-08-18 09:06:35"
"Tamil","0751607424","00:02:38","Agent","1","COMPLETEAGENT","Harshika","00:00:08","2026-08-18 09:06:54","2026-08-18 09:09:40"
"Sinhala","0769868299","00:01:14","Caller","2","COMPLETECALLER","Harshika","00:00:04","2026-08-18 09:13:20","2026-08-18 09:14:38"
"Tamil","0753564915","00:02:06","Caller","1","COMPLETECALLER","Harshika","00:00:05","2026-08-18 10:11:15","2026-08-18 10:13:26"
"Tamil","0742510778","00:00:11","Caller","1","COMPLETECALLER","Harshika","00:00:04","2026-08-18 10:36:38","2026-08-18 10:36:53"
"Sinhala","0773453890","00:00:32","Caller","1","COMPLETECALLER","Harshika","00:00:40","2026-08-18 11:16:01","2026-08-18 11:17:13"
"Sinhala","0770025415","00:00:03","Caller","2","COMPLETECALLER","Harshika","00:00:05","2026-08-18 13:05:51","2026-08-18 13:05:59"
"Sinhala","0770025415","00:03:42","Agent","2","COMPLETEAGENT","Harshika","00:00:05","2026-08-18 13:06:30","2026-08-18 13:10:17"
"Sinhala","0711523125","00:00:55","Agent","2","COMPLETEAGENT","Harshika","00:00:06","2026-08-18 14:11:16","2026-08-18 14:12:17"
"Sinhala","0752517324","00:01:18","Agent","2","COMPLETEAGENT","Harshika","00:00:05","2026-08-18 14:28:26","2026-08-18 14:29:49"
"Tamil","0706752191","00:04:04","Caller","1","COMPLETECALLER","Harshika","00:00:05","2026-08-18 14:30:25","2026-08-18 14:34:34"
"Sinhala","0759090774","00:00:00","No answer","","RINGNOANSWER","Harshika","00:00:00","2026-08-18 14:40:42","2026-08-18 14:40:42"
"Tamil","0756422427","00:00:01","No answer","","RINGNOANSWER","Harshika","00:00:00","2026-08-18 14:43:56","2026-08-18 14:43:57"
"Tamil","0756422427","00:00:01","No answer","","RINGNOANSWER","Harshika","00:00:00","2026-08-18 14:43:56","2026-08-18 14:44:32"
"Tamil","0756422427","00:00:01","No answer","","RINGNOANSWER","Harshika","00:00:00","2026-08-18 14:43:56","2026-08-18 14:45:07"
"Tamil","0756422427","00:00:01","No answer","","RINGNOANSWER","Harshika","00:00:00","2026-08-18 14:43:56","2026-08-18 14:45:42"
"Tamil","0756422427","00:00:01","No answer","","RINGNOANSWER","Harshika","00:00:00","2026-08-18 14:48:25","2026-08-18 14:48:26"
"Sinhala","0705178200","00:00:00","No answer","","RINGNOANSWER","Harshika","00:00:00","2026-08-18 14:59:55","2026-08-18 15:00:30"
"Sinhala","0713239586","00:00:01","No answer","","RINGNOANSWER","Harshika","00:00:00","2026-08-18 15:09:07","2026-08-18 15:09:08"
"Sinhala","0773616422","00:00:01","No answer","","RINGNOANSWER","Harshika","00:00:00","2026-08-18 15:09:52","2026-08-18 15:09:53"
"Sinhala","0773616422","00:00:01","No answer","","RINGNOANSWER","Harshika","00:00:00","2026-08-18 15:09:52","2026-08-18 15:09:59"
"Sinhala","0773616422","00:00:00","No answer","","RINGNOANSWER","Harshika","00:00:00","2026-08-18 15:09:52","2026-08-18 15:10:04"
"Sinhala","0773616422","00:00:01","No answer","","RINGNOANSWER","Harshika","00:00:00","2026-08-18 15:09:52","2026-08-18 15:10:10"
"Sinhala","0773616422","00:00:00","No answer","","RINGNOANSWER","Harshika","00:00:00","2026-08-18 15:09:52","2026-08-18 15:10:15"
"Sinhala","0773616422","00:00:01","No answer","","RINGNOANSWER","Harshika","00:00:00","2026-08-18 15:09:52","2026-08-18 15:10:21"
"Sinhala","0773616422","00:00:00","No answer","","RINGNOANSWER","Harshika","00:00:00","2026-08-18 15:09:52","2026-08-18 15:10:26"
"Sinhala","0773616422","00:00:01","No answer","","RINGNOANSWER","Harshika","00:00:00","2026-08-18 15:09:52","2026-08-18 15:10:32"
"Sinhala","0773616422","00:00:00","No answer","","RINGNOANSWER","Harshika","00:00:00","2026-08-18 15:09:52","2026-08-18 15:10:37"
"Sinhala","0773616422","00:00:01","No answer","","RINGNOANSWER","Harshika","00:00:00","2026-08-18 15:09:52","2026-08-18 15:10:43"
"Sinhala","0773616422","00:00:00","No answer","","RINGNOANSWER","Harshika","00:00:00","2026-08-18 15:09:52","2026-08-18 15:10:48"
"Sinhala","0773616422","00:00:01","No answer","","RINGNOANSWER","Harshika","00:00:00","2026-08-18 15:09:52","2026-08-18 15:10:54"
"Sinhala","0773616422","00:00:01","No answer","","RINGNOANSWER","Harshika","00:00:00","2026-08-18 15:09:52","2026-08-18 15:11:00"
"Sinhala","0773616422","00:00:00","No answer","","RINGNOANSWER","Harshika","00:00:00","2026-08-18 15:09:52","2026-08-18 15:11:05"
"Sinhala","0773616422","00:00:01","No answer","","RINGNOANSWER","Harshika","00:00:00","2026-08-18 15:09:52","2026-08-18 15:11:11"
"Sinhala","0711337266","00:01:56","Caller","1","COMPLETECALLER","Harshika","00:00:05","2026-08-18 15:24:31","2026-08-18 15:26:32"
"Tamil","0753233812","00:01:10","Caller","1","COMPLETECALLER","Harshika","00:00:04","2026-08-18 15:50:23","2026-08-18 15:51:37"
"Tamil","0753233812","00:02:47","Caller","1","COMPLETECALLER","Harshika","00:00:05","2026-08-18 15:52:54","2026-08-18 15:55:46"
"Sinhala","0772794793","00:00:00","No answer","","RINGNOANSWER","Harshika","00:00:00","2026-08-18 16:16:44","2026-08-18 16:16:47"
"Sinhala","0714243232","00:00:01","No answer","","RINGNOANSWER","Harshika","00:00:00","2026-08-18 16:17:01","2026-08-18 16:17:02"
"Sinhala","0714243232","00:00:00","No answer","","RINGNOANSWER","Harshika","00:00:00","2026-08-18 16:17:01","2026-08-18 16:17:07"
"Sinhala","0714243232","00:00:01","No answer","","RINGNOANSWER","Harshika","00:00:00","2026-08-18 16:17:01","2026-08-18 16:17:13"
"Sinhala","0714243232","00:00:00","No answer","","RINGNOANSWER","Harshika","00:00:00","2026-08-18 16:17:01","2026-08-18 16:17:18"
"Sinhala","0714243232","00:00:01","No answer","","RINGNOANSWER","Harshika","00:00:00","2026-08-18 16:17:01","2026-08-18 16:17:24"
"Sinhala","0714243232","00:00:00","No answer","","RINGNOANSWER","Harshika","00:00:00","2026-08-18 16:17:01","2026-08-18 16:17:29"
"Sinhala","0714243232","00:00:01","No answer","","RINGNOANSWER","Harshika","00:00:00","2026-08-18 16:17:01","2026-08-18 16:17:35"
"Sinhala","0714243232","00:00:00","No answer","","RINGNOANSWER","Harshika","00:00:00","2026-08-18 16:17:01","2026-08-18 16:17:40"
"Sinhala","0714243232","00:00:01","No answer","","RINGNOANSWER","Harshika","00:00:00","2026-08-18 16:17:01","2026-08-18 16:17:46"
"Sinhala","0714243232","00:00:00","No answer","","RINGNOANSWER","Harshika","00:00:00","2026-08-18 16:17:01","2026-08-18 16:17:51"
"Sinhala","0714243232","00:00:00","No answer","","RINGNOANSWER","Harshika","00:00:00","2026-08-18 16:17:01","2026-08-18 16:17:54"
"Sinhala","0714243232","00:00:01","No answer","","RINGNOANSWER","Harshika","00:00:00","2026-08-18 16:17:01","2026-08-18 16:18:00"
"Sinhala","0714243232","00:00:00","No answer","","RINGNOANSWER","Harshika","00:00:00","2026-08-18 16:17:01","2026-08-18 16:18:03"
"Sinhala","0714243232","00:00:00","No answer","","RINGNOANSWER","Harshika","00:00:00","2026-08-18 16:18:28","2026-08-18 16:18:29"
"Sinhala","0714243232","00:00:01","No answer","","RINGNOANSWER","Harshika","00:00:00","2026-08-18 16:18:28","2026-08-18 16:18:34"
"Sinhala","0714243232","00:00:00","No answer","","RINGNOANSWER","Harshika","00:00:00","2026-08-18 16:18:28","2026-08-18 16:18:39"
"Sinhala","0714243232","00:00:01","No answer","","RINGNOANSWER","Harshika","00:00:00","2026-08-18 16:18:28","2026-08-18 16:18:45"
"Sinhala","0714243232","00:00:00","No answer","","RINGNOANSWER","Harshika","00:00:00","2026-08-18 16:18:28","2026-08-18 16:18:50"
"Sinhala","0711337266","00:00:00","No answer","","RINGNOANSWER","Harshika","00:00:00","2026-08-18 16:19:22","2026-08-18 16:19:22"
"Sinhala","0711337266","00:00:00","No answer","","RINGNOANSWER","Harshika","00:00:00","2026-08-18 16:19:22","2026-08-18 16:19:57"
"Sinhala","0711337266","00:00:00","No answer","","RINGNOANSWER","Harshika","00:00:00","2026-08-18 16:19:22","2026-08-18 16:20:02"
"Sinhala","0711337266","00:00:01","No answer","","RINGNOANSWER","Harshika","00:00:00","2026-08-18 16:19:22","2026-08-18 16:20:08"
"Sinhala","0711337266","00:00:00","No answer","","RINGNOANSWER","Harshika","00:00:00","2026-08-18 16:19:22","2026-08-18 16:20:13"
"Sinhala","0711337266","00:00:01","No answer","","RINGNOANSWER","Harshika","00:00:00","2026-08-18 16:19:22","2026-08-18 16:20:19"
"Sinhala","0711337266","00:00:15","Caller","1","COMPLETECALLER","Harshika","00:01:40","2026-08-18 16:19:22","2026-08-18 16:21:17"
"Sinhala","0711337266","00:00:10","Agent","1","COMPLETEAGENT","Harshika","00:00:08","2026-08-18 16:21:26","2026-08-18 16:21:44"
"Sinhala","0711337266","00:00:13","Caller","1","COMPLETECALLER","Harshika","00:00:51","2026-08-18 16:22:00","2026-08-18 16:23:04"
"Sinhala","0778385724","00:00:18","Agent","1","COMPLETEAGENT","Harshika","00:00:08","2026-08-18 16:28:11","2026-08-18 16:28:37"
"Tamil","0752116061","00:00:01","No answer","","RINGNOANSWER","Harshika","00:00:00","2026-08-18 16:31:08","2026-08-18 16:31:22"
"Tamil","0704413541","00:00:09","Caller","1","COMPLETECALLER","Harshika","00:00:05","2026-08-18 17:57:35","2026-08-18 17:57:49"
"Tamil","0704413541","00:02:54","Agent","1","COMPLETEAGENT","Harshika","00:00:04","2026-08-18 17:58:12","2026-08-18 18:01:10"
"Tamil","0755877099","00:03:29","Agent","1","COMPLETEAGENT","Harshika","00:00:06","2026-08-19 09:01:39","2026-08-19 09:05:14"
"Tamil","0755877099","00:01:38","Caller","1","COMPLETECALLER","Harshika","00:00:06","2026-08-19 10:56:53","2026-08-19 10:58:37"
"Tamil","0764455129","00:00:01","No answer","","RINGNOANSWER","Harshika","00:00:00","2026-08-19 11:06:08","2026-08-19 11:06:09"
"Tamil","0764455129","00:00:00","No answer","","RINGNOANSWER","Harshika","00:00:00","2026-08-19 11:06:08","2026-08-19 11:06:14"
"Tamil","0764455129","00:00:01","No answer","","RINGNOANSWER","Harshika","00:00:00","2026-08-19 11:06:08","2026-08-19 11:06:20"
"Tamil","0764455129","00:00:00","No answer","","RINGNOANSWER","Harshika","00:00:00","2026-08-19 11:06:08","2026-08-19 11:06:25"
"Tamil","0764455129","00:00:01","No answer","","RINGNOANSWER","Harshika","00:00:00","2026-08-19 11:06:08","2026-08-19 11:06:31"
"Tamil","0764455129","00:00:00","No answer","","RINGNOANSWER","Harshika","00:00:00","2026-08-19 11:06:08","2026-08-19 11:06:36"
"Tamil","0764455129","00:00:01","No answer","","RINGNOANSWER","Harshika","00:00:00","2026-08-19 11:06:08","2026-08-19 11:06:42"
"Tamil","0764455129","00:00:01","No answer","","RINGNOANSWER","Harshika","00:00:00","2026-08-19 11:06:08","2026-08-19 11:07:17"
"Tamil","0764455129","00:00:01","No answer","","RINGNOANSWER","Harshika","00:00:00","2026-08-19 11:06:08","2026-08-19 11:07:52"
"Tamil","0764455129","00:00:01","No answer","","RINGNOANSWER","Harshika","00:00:00","2026-08-19 11:06:08","2026-08-19 11:08:27"
"Tamil","0764455129","00:00:01","No answer","","RINGNOANSWER","Harshika","00:00:00","2026-08-19 11:06:08","2026-08-19 11:09:02"
"Tamil","0772123734","00:01:53","Agent","1","COMPLETEAGENT","Harshika","00:00:06","2026-08-19 12:23:17","2026-08-19 12:25:16"
"Sinhala","0778317532","00:00:45","Agent","2","COMPLETEAGENT","Harshika","00:00:05","2026-08-19 14:14:10","2026-08-19 14:15:00"
"Tamil","0704413541","00:02:43","Agent","1","COMPLETEAGENT","Harshika","00:00:06","2026-08-19 14:23:32","2026-08-19 14:26:21"
"Sinhala","0753999889","00:02:04","Caller","1","COMPLETECALLER","Harshika","00:00:44","2026-08-19 14:30:27","2026-08-19 14:33:15"
"Sinhala","0752116061","00:00:00","No answer","","RINGNOANSWER","Harshika","00:00:00","2026-08-19 14:40:19","2026-08-19 14:40:19"
"Sinhala","0717254569","00:00:02","No answer","","RINGNOANSWER","Harshika","00:00:00","2026-08-19 14:41:43","2026-08-19 14:41:45"
"Sinhala","0752116061","00:00:00","No answer","","RINGNOANSWER","Harshika","00:00:00","2026-08-19 14:41:50","2026-08-19 14:41:51"
"Sinhala","0752116061","00:00:01","No answer","","RINGNOANSWER","Harshika","00:00:00","2026-08-19 14:41:50","2026-08-19 14:41:57"
"Sinhala","0717254569","00:00:08","No answer","","RINGNOANSWER","Harshika","00:00:00","2026-08-19 14:41:43","2026-08-19 14:41:58"
"Sinhala","0717254569","00:00:01","No answer","","RINGNOANSWER","Harshika","00:00:00","2026-08-19 14:41:43","2026-08-19 14:42:04"
"Sinhala","0717254569","00:00:00","No answer","","RINGNOANSWER","Harshika","00:00:00","2026-08-19 14:41:43","2026-08-19 14:42:09"
"Sinhala","0717254569","00:00:01","No answer","","RINGNOANSWER","Harshika","00:00:00","2026-08-19 14:41:43","2026-08-19 14:42:15"
"Sinhala","0717254569","00:00:01","No answer","","RINGNOANSWER","Harshika","00:00:00","2026-08-19 14:41:43","2026-08-19 14:42:21"
"Sinhala","0717254569","00:00:00","No answer","","RINGNOANSWER","Harshika","00:00:00","2026-08-19 14:41:43","2026-08-19 14:42:26"
"Sinhala","0717254569","00:00:01","No answer","","RINGNOANSWER","Harshika","00:00:00","2026-08-19 14:41:43","2026-08-19 14:42:32"
"Sinhala","0717254569","00:00:00","No answer","","RINGNOANSWER","Harshika","00:00:00","2026-08-19 14:41:43","2026-08-19 14:42:37"
"Sinhala","0717254569","00:00:00","No answer","","RINGNOANSWER","Harshika","00:00:00","2026-08-19 14:41:43","2026-08-19 14:42:43"
"Sinhala","0717254569","00:00:01","No answer","","RINGNOANSWER","Harshika","00:00:00","2026-08-19 14:41:43","2026-08-19 14:42:49"
"Sinhala","0717254569","00:00:00","No answer","","RINGNOANSWER","Harshika","00:00:00","2026-08-19 14:41:43","2026-08-19 14:42:54"
"Sinhala","0752116061","00:00:01","No answer","","RINGNOANSWER","Harshika","00:00:00","2026-08-19 14:41:50","2026-08-19 14:43:01"
"Sinhala","0752116061","00:00:00","No answer","","RINGNOANSWER","Harshika","00:00:00","2026-08-19 14:41:50","2026-08-19 14:43:06"
"Sinhala","0752116061","00:00:01","No answer","","RINGNOANSWER","Harshika","00:00:00","2026-08-19 14:41:50","2026-08-19 14:43:12"
"Sinhala","0752116061","00:00:00","No answer","","RINGNOANSWER","Harshika","00:00:00","2026-08-19 14:41:50","2026-08-19 14:43:17"
"Sinhala","0752116061","00:00:00","No answer","","RINGNOANSWER","Harshika","00:00:00","2026-08-19 14:43:39","2026-08-19 14:43:39"
"Sinhala","0752116061","00:00:01","No answer","","RINGNOANSWER","Harshika","00:00:00","2026-08-19 14:43:39","2026-08-19 14:43:45"
"Sinhala","0752116061","00:00:00","No answer","","RINGNOANSWER","Harshika","00:00:00","2026-08-19 14:43:39","2026-08-19 14:43:50"
"Sinhala","0752116061","00:00:00","No answer","","RINGNOANSWER","Harshika","00:00:00","2026-08-19 14:43:39","2026-08-19 14:43:55"
"Sinhala","0752116061","00:00:01","No answer","","RINGNOANSWER","Harshika","00:00:00","2026-08-19 14:43:39","2026-08-19 14:44:01"
"Sinhala","0752116061","00:00:01","No answer","","RINGNOANSWER","Harshika","00:00:00","2026-08-19 14:43:39","2026-08-19 14:44:11"
"Sinhala","0752116061","00:00:00","No answer","","RINGNOANSWER","Harshika","00:00:00","2026-08-19 14:43:39","2026-08-19 14:44:16"
"Sinhala","0752116061","00:00:01","No answer","","RINGNOANSWER","Harshika","00:00:00","2026-08-19 14:43:39","2026-08-19 14:44:22"
"Sinhala","0752116061","00:00:01","No answer","","RINGNOANSWER","Harshika","00:00:00","2026-08-19 14:43:39","2026-08-19 14:44:28"
"Sinhala","0752116061","00:00:00","No answer","","RINGNOANSWER","Harshika","00:00:00","2026-08-19 14:43:39","2026-08-19 14:44:33"
"Sinhala","0752116061","00:00:01","No answer","","RINGNOANSWER","Harshika","00:00:00","2026-08-19 14:43:39","2026-08-19 14:44:39"
"Sinhala","0752116061","00:00:00","No answer","","RINGNOANSWER","Harshika","00:00:00","2026-08-19 14:43:39","2026-08-19 14:44:45"
"Sinhala","0752116061","00:00:01","No answer","","RINGNOANSWER","Harshika","00:00:00","2026-08-19 14:43:39","2026-08-19 14:44:51"
"Sinhala","0752116061","00:00:00","No answer","","RINGNOANSWER","Harshika","00:00:00","2026-08-19 14:43:39","2026-08-19 14:44:56"
"Sinhala","0752116061","00:00:01","No answer","","RINGNOANSWER","Harshika","00:00:00","2026-08-19 14:43:39","2026-08-19 14:45:02"
"Sinhala","0752116061","00:00:01","No answer","","RINGNOANSWER","Harshika","00:00:00","2026-08-19 14:45:53","2026-08-19 14:45:55"
"Sinhala","0717254569","00:00:01","No answer","","RINGNOANSWER","Harshika","00:00:00","2026-08-19 14:41:43","2026-08-19 14:47:05"
"Sinhala","0717254569","00:00:00","No answer","","RINGNOANSWER","Harshika","00:00:00","2026-08-19 14:41:43","2026-08-19 14:47:10"
"Sinhala","0717254569","00:00:01","No answer","","RINGNOANSWER","Harshika","00:00:00","2026-08-19 14:41:43","2026-08-19 14:47:16"
"Sinhala","0717254569","00:00:00","No answer","","RINGNOANSWER","Harshika","00:00:00","2026-08-19 14:41:43","2026-08-19 14:47:21"
"Sinhala","0717254569","00:00:01","No answer","","RINGNOANSWER","Harshika","00:00:00","2026-08-19 14:41:43","2026-08-19 14:47:27"
"Sinhala","0717254569","00:00:00","No answer","","RINGNOANSWER","Harshika","00:00:00","2026-08-19 14:41:43","2026-08-19 14:47:32"
"Sinhala","0717254569","00:00:01","No answer","","RINGNOANSWER","Harshika","00:00:00","2026-08-19 14:41:43","2026-08-19 14:47:38"
"Sinhala","0717254569","00:00:00","No answer","","RINGNOANSWER","Harshika","00:00:00","2026-08-19 14:41:43","2026-08-19 14:47:43"
"Sinhala","0717254569","00:00:01","No answer","","RINGNOANSWER","Harshika","00:00:00","2026-08-19 14:41:43","2026-08-19 14:47:49"
"Sinhala","0717254569","00:00:00","No answer","","RINGNOANSWER","Harshika","00:00:00","2026-08-19 14:41:43","2026-08-19 14:47:54"
"Sinhala","0717254569","00:00:01","No answer","","RINGNOANSWER","Harshika","00:00:00","2026-08-19 14:41:43","2026-08-19 14:48:00"
"Sinhala","0717254569","00:00:00","No answer","","RINGNOANSWER","Harshika","00:00:00","2026-08-19 14:41:43","2026-08-19 14:48:05"
"Sinhala","0717254569","00:00:01","No answer","","RINGNOANSWER","Harshika","00:00:00","2026-08-19 14:41:43","2026-08-19 14:48:11"
"Sinhala","0717254569","00:00:00","No answer","","RINGNOANSWER","Harshika","00:00:00","2026-08-19 14:41:43","2026-08-19 14:48:16"
"Sinhala","0717254569","00:00:00","No answer","","RINGNOANSWER","Harshika","00:00:00","2026-08-19 14:41:43","2026-08-19 14:48:22"
"Sinhala","0717254569","00:00:00","No answer","","RINGNOANSWER","Harshika","00:00:00","2026-08-19 14:41:43","2026-08-19 14:48:27"
"Sinhala","0717254569","00:00:00","No answer","","RINGNOANSWER","Harshika","00:00:00","2026-08-19 14:41:43","2026-08-19 14:48:32"
"Sinhala","0717254569","00:00:01","No answer","","RINGNOANSWER","Harshika","00:00:00","2026-08-19 14:41:43","2026-08-19 14:48:38"
"Sinhala","0717254569","00:00:00","No answer","","RINGNOANSWER","Harshika","00:00:00","2026-08-19 14:41:43","2026-08-19 14:48:43"
"Sinhala","0717254569","00:00:01","No answer","","RINGNOANSWER","Harshika","00:00:00","2026-08-19 14:41:43","2026-08-19 14:48:49"
"Sinhala","0717254569","00:00:00","No answer","","RINGNOANSWER","Harshika","00:00:00","2026-08-19 14:41:43","2026-08-19 14:48:54"
"Sinhala","0717254569","00:00:01","No answer","","RINGNOANSWER","Harshika","00:00:00","2026-08-19 14:41:43","2026-08-19 14:49:00"
"Sinhala","0717254569","00:00:00","No answer","","RINGNOANSWER","Harshika","00:00:00","2026-08-19 14:41:43","2026-08-19 14:49:05"
"Sinhala","0717254569","00:00:01","No answer","","RINGNOANSWER","Harshika","00:00:00","2026-08-19 14:41:43","2026-08-19 14:49:11"
"Sinhala","0717254569","00:00:00","No answer","","RINGNOANSWER","Harshika","00:00:00","2026-08-19 14:41:43","2026-08-19 14:49:16"
"Sinhala","0717254569","00:00:00","No answer","","RINGNOANSWER","Harshika","00:00:00","2026-08-19 14:41:43","2026-08-19 14:49:22"
"Sinhala","0782557092","00:00:01","No answer","","RINGNOANSWER","Harshika","00:00:00","2026-08-19 14:52:51","2026-08-19 14:52:52"
"Sinhala","0782557092","00:00:00","No answer","","RINGNOANSWER","Harshika","00:00:00","2026-08-19 14:52:51","2026-08-19 14:52:57"
"Tamil","0782557092","00:00:00","No answer","","RINGNOANSWER","Harshika","00:00:00","2026-08-19 14:53:22","2026-08-19 14:53:22"
"Tamil","0782557092","00:00:01","No answer","","RINGNOANSWER","Harshika","00:00:00","2026-08-19 14:53:22","2026-08-19 14:53:28"
"Tamil","0782557092","00:00:00","No answer","","RINGNOANSWER","Harshika","00:00:00","2026-08-19 14:53:40","2026-08-19 14:53:40"
"Tamil","0782557092","00:00:01","No answer","","RINGNOANSWER","Harshika","00:00:00","2026-08-19 14:53:40","2026-08-19 14:53:46"
"Tamil","0782557092","00:00:00","No answer","","RINGNOANSWER","Harshika","00:00:00","2026-08-19 14:53:40","2026-08-19 14:53:51"
"Tamil","0782557092","00:00:01","No answer","","RINGNOANSWER","Harshika","00:00:00","2026-08-19 14:53:40","2026-08-19 14:53:57"
"Sinhala","0717254569","00:00:03","No answer","","RINGNOANSWER","Harshika","00:00:00","2026-08-19 14:41:43","2026-08-19 14:54:10"
"Sinhala","0717254569","00:00:02","No answer","","RINGNOANSWER","Harshika","00:00:00","2026-08-19 14:41:43","2026-08-19 14:54:17"
"Sinhala","0717254569","00:00:04","No answer","","RINGNOANSWER","Harshika","00:00:00","2026-08-19 14:41:43","2026-08-19 14:54:26"
"Sinhala","0717254569","00:00:03","No answer","","RINGNOANSWER","Harshika","00:00:00","2026-08-19 14:41:43","2026-08-19 14:54:34"
"Sinhala","0717254569","00:00:03","No answer","","RINGNOANSWER","Harshika","00:00:00","2026-08-19 14:41:43","2026-08-19 14:54:42"
"Tamil","0763011759","00:01:30","Caller","1","COMPLETECALLER","Harshika","00:00:06","2026-08-19 15:49:02","2026-08-19 15:50:38"
"Tamil","0764549721","00:03:09","Agent","1","COMPLETEAGENT","Harshika","00:00:05","2026-08-19 17:26:11","2026-08-19 17:29:25"
"Tamil","0773562412","00:02:17","Agent","1","COMPLETEAGENT","Harshika","00:00:05","2026-08-19 17:29:56","2026-08-19 17:32:18"
"Tamil","0761145397","00:00:44","Caller","1","COMPLETECALLER","Harshika","00:00:04","2026-08-20 10:46:59","2026-08-20 10:47:47"
"Tamil","0778852070","00:02:01","Agent","1","COMPLETEAGENT","Harshika","00:00:04","2026-08-20 11:19:03","2026-08-20 11:21:08"
"Tamil","0753776778","00:01:54","Caller","1","COMPLETECALLER","Harshika","00:00:04","2026-08-20 12:44:46","2026-08-20 12:46:44"
"Tamil","0725888965","00:03:10","Caller","1","COMPLETECALLER","Harshika","00:00:03","2026-08-20 12:58:33","2026-08-20 13:01:46"
"Tamil","0767949912","00:01:57","Caller","1","COMPLETECALLER","Harshika","00:00:05","2026-08-20 13:09:31","2026-08-20 13:11:33"
"Sinhala","0742787833","00:01:43","Caller","1","COMPLETECALLER","Harshika","00:00:04","2026-08-21 10:22:40","2026-08-21 10:24:27"
"Tamil","0755877099","00:09:43","Agent","1","COMPLETEAGENT","Harshika","00:00:05","2026-08-21 13:23:57","2026-08-21 13:33:45"
"Sinhala","0718686792","00:00:00","No answer","","RINGNOANSWER","Harshika","00:00:00","2026-08-21 13:47:19","2026-08-21 13:47:19"
"Tamil","0755227473","00:00:00","No answer","","RINGNOANSWER","Harshika","00:00:00","2026-08-21 13:55:20","2026-08-21 13:55:20"
"Tamil","0751575544","00:00:01","No answer","","RINGNOANSWER","Harshika","00:00:00","2026-08-21 13:58:47","2026-08-21 13:58:48"
"Tamil","0751575544","00:00:01","No answer","","RINGNOANSWER","Harshika","00:00:00","2026-08-21 14:08:14","2026-08-21 14:08:15"
"Tamil","0751607424","00:00:04","No answer","","RINGNOANSWER","Harshika","00:00:00","2026-08-21 14:19:28","2026-08-21 14:19:32"
"Sinhala","0741254997","00:01:22","Agent","1","COMPLETEAGENT","Harshika","00:00:18","2026-08-22 15:45:17","2026-08-22 15:46:57"
"Tamil","0778192022","00:01:13","Agent","1","COMPLETEAGENT","Harshika","00:00:03","2026-08-24 15:34:13","2026-08-24 15:35:29"
"Tamil","0773701641","00:01:10","Agent","1","COMPLETEAGENT","Harshika","00:00:04","2026-08-24 15:42:12","2026-08-24 15:43:26"
"Tamil","0778192022","00:01:16","Agent","1","COMPLETEAGENT","Harshika","00:00:05","2026-08-24 16:42:16","2026-08-24 16:43:37"
"Tamil","0715899478","00:03:14","Caller","1","COMPLETECALLER","Harshika","00:01:00","2026-08-24 16:44:00","2026-08-24 16:48:14"
"Tamil","0775452642","00:01:19","Caller","1","COMPLETECALLER","Harshika","00:00:04","2026-08-24 17:26:39","2026-08-24 17:28:02"
"Tamil","0771249042","00:02:25","Caller","1","COMPLETECALLER","Harshika","00:00:04","2026-08-25 09:55:04","2026-08-25 09:57:33"
"Tamil","0704263976","00:02:44","Caller","1","COMPLETECALLER","Harshika","00:00:04","2026-08-25 10:12:33","2026-08-25 10:15:21"
"Tamil","0771249042","00:01:38","Caller","1","COMPLETECALLER","Harshika","00:00:04","2026-08-25 10:24:22","2026-08-25 10:26:04"
"Sinhala","0762644274","00:00:55","Agent","1","COMPLETEAGENT","Harshika","00:00:08","2026-08-25 12:17:36","2026-08-25 12:18:39"
"Tamil","0704263976","00:04:12","Agent","1","COMPLETEAGENT","Harshika","00:00:15","2026-08-25 12:40:40","2026-08-25 12:45:07"
"Sinhala","0788178146","00:00:30","No answer","","RINGNOANSWER","Harshika","00:00:00","2026-08-25 13:23:38","2026-08-25 13:24:08"
"Sinhala","0704263976","00:00:30","No answer","","RINGNOANSWER","Harshika","00:00:00","2026-08-25 13:24:33","2026-08-25 13:25:03"
"Sinhala","0704263976","00:00:04","Caller","1","COMPLETECALLER","Harshika","00:00:50","2026-08-25 13:24:33","2026-08-25 13:25:27"
"Tamil","0704263976","00:00:01","No answer","","RINGNOANSWER","Harshika","00:00:00","2026-08-25 13:52:25","2026-08-25 13:52:26"
"Sinhala","0722734563","00:00:29","Agent","1","COMPLETEAGENT","Harshika","00:00:49","2026-08-25 15:24:36","2026-08-25 15:25:54"
"Tamil","0789696889","00:00:00","No answer","","RINGNOANSWER","Harshika","00:00:00","2026-08-28 18:34:06","2026-08-28 18:34:06"
"Tamil","0789696889","00:00:00","No answer","","RINGNOANSWER","Harshika","00:00:00","2026-08-28 18:34:06","2026-08-28 18:34:41"
"Tamil","0789696889","00:00:00","No answer","","RINGNOANSWER","Harshika","00:00:00","2026-08-28 18:34:06","2026-08-28 18:35:16"
"Tamil","0789696889","00:00:00","No answer","","RINGNOANSWER","Harshika","00:00:00","2026-08-28 18:35:34","2026-08-28 18:35:34"
"Tamil","0789696889","00:00:00","No answer","","RINGNOANSWER","Harshika","00:00:00","2026-08-28 18:35:34","2026-08-28 18:36:09"
"Sinhala","0763889902","00:00:00","No answer","","RINGNOANSWER","Harshika","00:00:00","2026-08-28 18:36:21","2026-08-28 18:36:21"
"Sinhala","0763889902","00:00:00","No answer","","RINGNOANSWER","Harshika","00:00:00","2026-08-28 18:36:21","2026-08-28 18:36:27"
"Sinhala","0763889902","00:00:01","No answer","","RINGNOANSWER","Harshika","00:00:00","2026-08-28 18:36:21","2026-08-28 18:36:33"
"Sinhala","0763889902","00:00:00","No answer","","RINGNOANSWER","Harshika","00:00:00","2026-08-28 18:36:21","2026-08-28 18:36:38"
"Tamil","0789696889","00:00:00","No answer","","RINGNOANSWER","Harshika","00:00:00","2026-08-28 18:35:34","2026-08-28 18:36:44"
"Sinhala","0725259250","00:00:30","No answer","","RINGNOANSWER","Harshika","00:00:00","2026-08-29 13:00:01","2026-08-29 13:00:31"
"Sinhala","0779797117","00:00:53","Caller","1","COMPLETECALLER","Harshika","00:00:04","2026-08-31 09:26:40","2026-08-31 09:27:37"
"Sinhala","0765681196","00:00:30","No answer","","RINGNOANSWER","Harshika","00:00:00","2026-08-31 09:27:28","2026-08-31 09:28:07"
"Tamil","0759535313","00:01:29","Agent","1","COMPLETEAGENT","Harshika","00:00:04","2026-08-31 09:38:53","2026-08-31 09:40:26"
"Sinhala","0773588222","00:01:50","Agent","1","COMPLETEAGENT","Harshika","00:00:03","2026-08-31 10:39:15","2026-08-31 10:41:08"
"Tamil","0725888965","00:02:20","Caller","1","COMPLETECALLER","Harshika","00:00:03","2026-08-31 10:54:09","2026-08-31 10:56:32"
"Sinhala","0702607229","00:03:32","Caller","1","COMPLETECALLER","Harshika","00:00:05","2026-08-31 11:04:51","2026-08-31 11:08:28"
"Tamil","0763230456","00:03:18","Caller","1","COMPLETECALLER","Harshika","00:00:03","2026-08-31 11:16:20","2026-08-31 11:19:41"
"Tamil","0778181099","00:00:01","No answer","","RINGNOANSWER","Harshika","00:00:00","2026-08-31 14:03:02","2026-08-31 14:03:03"
"Tamil","0775784783","00:06:19","Agent","1","COMPLETEAGENT","Harshika","00:00:05","2026-08-31 14:49:32","2026-08-31 14:55:56"
"Sinhala","0759535313","00:02:05","Agent","1","COMPLETEAGENT","Harshika","00:00:03","2026-08-31 16:30:08","2026-08-31 16:32:16"
"Sinhala","0705126559","00:02:44","Caller","2","COMPLETECALLER","Harshika","00:00:25","2026-09-01 09:45:58","2026-09-01 09:49:07"
"Tamil","0778181099","00:02:13","Agent","1","COMPLETEAGENT","Harshika","00:00:03","2026-09-01 10:21:16","2026-09-01 10:23:32"
"Tamil","0778181099","00:00:30","No answer","","RINGNOANSWER","Harshika","00:00:00","2026-09-01 10:40:23","2026-09-01 10:40:53"
"Tamil","0778181099","00:01:16","Caller","1","COMPLETECALLER","Harshika","00:00:40","2026-09-01 10:40:23","2026-09-01 10:42:19"
"Tamil","0779992808","00:01:57","Caller","1","COMPLETECALLER","Harshika","00:00:04","2026-09-01 12:06:14","2026-09-01 12:08:15"
"Tamil","0769669080","00:02:02","Agent","1","COMPLETEAGENT","Harshika","00:00:04","2026-09-01 12:34:21","2026-09-01 12:36:27"
"Sinhala","0772928219","00:00:46","Caller","1","COMPLETECALLER","Harshika","00:00:05","2026-09-01 12:54:11","2026-09-01 12:55:01"
"Sinhala","0759746828","00:00:00","No answer","","RINGNOANSWER","Harshika","00:00:00","2026-09-01 14:02:53","2026-09-01 14:02:53"
"Sinhala","0742075597","00:00:00","No answer","","RINGNOANSWER","Harshika","00:00:00","2026-09-01 14:03:23","2026-09-01 14:03:23"
"Sinhala","0742075597","00:00:01","No answer","","RINGNOANSWER","Harshika","00:00:00","2026-09-01 14:03:23","2026-09-01 14:03:29"
"Sinhala","0717724216","00:00:00","No answer","","RINGNOANSWER","Harshika","00:00:00","2026-09-01 14:03:28","2026-09-01 14:03:29"
"Sinhala","0717724216","00:00:01","No answer","","RINGNOANSWER","Harshika","00:00:00","2026-09-01 14:03:28","2026-09-01 14:03:35"
"Sinhala","0717724216","00:00:00","No answer","","RINGNOANSWER","Harshika","00:00:00","2026-09-01 14:03:28","2026-09-01 14:03:40"
"Sinhala","0717724216","00:00:00","No answer","","RINGNOANSWER","Harshika","00:00:00","2026-09-01 14:03:28","2026-09-01 14:03:45"
"Sinhala","0717724216","00:00:01","No answer","","RINGNOANSWER","Harshika","00:00:00","2026-09-01 14:03:28","2026-09-01 14:03:51"
"Sinhala","0717724216","00:00:00","No answer","","RINGNOANSWER","Harshika","00:00:00","2026-09-01 14:03:28","2026-09-01 14:03:56"
"Sinhala","0717724216","00:00:01","No answer","","RINGNOANSWER","Harshika","00:00:00","2026-09-01 14:03:28","2026-09-01 14:04:02"
"Sinhala","0717724216","00:00:00","No answer","","RINGNOANSWER","Harshika","00:00:00","2026-09-01 14:03:28","2026-09-01 14:04:07"
"Sinhala","0717724216","00:00:01","No answer","","RINGNOANSWER","Harshika","00:00:00","2026-09-01 14:03:28","2026-09-01 14:04:13"
"Sinhala","0717724216","00:00:00","No answer","","RINGNOANSWER","Harshika","00:00:00","2026-09-01 14:03:28","2026-09-01 14:04:18"
"Sinhala","0717724216","00:00:00","No answer","","RINGNOANSWER","Harshika","00:00:00","2026-09-01 14:03:28","2026-09-01 14:04:23"
"Sinhala","0717724216","00:00:01","No answer","","RINGNOANSWER","Harshika","00:00:00","2026-09-01 14:03:28","2026-09-01 14:04:29"
"Tamil","0769669080","00:00:31","Agent","1","COMPLETEAGENT","Harshika","00:00:10","2026-09-01 14:50:17","2026-09-01 14:50:58"
"Tamil","0779992808","00:03:23","Caller","1","COMPLETECALLER","Harshika","00:00:03","2026-09-01 15:07:49","2026-09-01 15:11:15"
"Tamil","0760514711","00:02:03","Agent","1","COMPLETEAGENT","Harshika","00:00:05","2026-09-01 16:51:38","2026-09-01 16:53:46"
"Sinhala","0759746828","00:00:30","No answer","","RINGNOANSWER","Harshika","00:00:00","2026-09-02 09:43:04","2026-09-02 09:43:34"
"Tamil","0741304363","00:03:06","Caller","1","COMPLETECALLER","Harshika","00:00:03","2026-09-02 13:39:56","2026-09-02 13:43:05"
"Tamil","0758311632","00:00:23","Caller","1","COMPLETECALLER","Harshika","00:00:07","2026-09-02 15:08:21","2026-09-02 15:08:51"
"Tamil","0712688813","00:00:01","No answer","","RINGNOANSWER","Harshika","00:00:00","2026-09-03 14:06:41","2026-09-03 14:06:42"
"Tamil","0712688813","00:00:00","No answer","","RINGNOANSWER","Harshika","00:00:00","2026-09-03 14:07:50","2026-09-03 14:07:50"
"Tamil","0712688813","00:00:00","No answer","","RINGNOANSWER","Harshika","00:00:00","2026-09-03 14:09:39","2026-09-03 14:09:39"
"Tamil","0767901052","00:00:20","Agent","1","COMPLETEAGENT","Harshika","00:00:05","2026-09-03 15:26:52","2026-09-03 15:27:17"
"Sinhala","0768353814","00:01:13","Agent","1","COMPLETEAGENT","Harshika","00:00:07","2026-09-04 11:04:34","2026-09-04 11:05:54"
"Tamil","0788178146","00:02:01","Caller","1","COMPLETECALLER","Harshika","00:00:04","2026-09-04 11:14:24","2026-09-04 11:16:29"
"Tamil","0774477040","00:01:40","Agent","1","COMPLETEAGENT","Harshika","00:00:03","2026-09-04 12:00:21","2026-09-04 12:02:04"
"Tamil","0705248238","00:02:35","Agent","1","COMPLETEAGENT","Harshika","00:00:04","2026-09-04 13:39:02","2026-09-04 13:41:41"
"Sinhala","0772781146","00:00:30","No answer","","RINGNOANSWER","Harshika","00:00:00","2026-09-04 15:24:02","2026-09-04 15:25:07"
"Tamil","0769034305","00:02:30","Agent","1","COMPLETEAGENT","Harshika","00:00:03","2026-09-04 16:20:04","2026-09-04 16:22:37"
"Tamil","0774400008","00:01:11","Caller","1","COMPLETECALLER","Harshika","00:00:04","2026-09-05 13:20:20","2026-09-05 13:21:36"
"Tamil","0729123404","00:01:44","Caller","1","COMPLETECALLER","Harshika","00:00:03","2026-09-05 15:32:55","2026-09-05 15:34:42"
"Tamil","0729123404","00:00:30","No answer","","RINGNOANSWER","Harshika","00:00:00","2026-09-05 15:37:34","2026-09-05 15:38:04"
"Tamil","0741710611","00:01:36","Caller","1","COMPLETECALLER","Harshika","00:00:04","2026-09-07 12:24:17","2026-09-07 12:25:57"
"Tamil","0774400008","00:01:00","Agent","1","COMPLETEAGENT","Harshika","00:00:04","2026-09-07 17:39:58","2026-09-07 17:41:02"
"Tamil","0743441406","00:01:19","Caller","1","COMPLETECALLER","Harshika","00:00:04","2026-09-08 09:52:57","2026-09-08 09:54:20"
"Tamil","0775065723","00:01:27","Caller","1","COMPLETECALLER","Harshika","00:00:03","2026-09-08 10:45:11","2026-09-08 10:46:41"
"Tamil","0767035664","00:00:00","No answer","","RINGNOANSWER","Harshika","00:00:00","2026-09-08 14:09:16","2026-09-08 14:09:16"
"Sinhala","0713219045","00:03:38","Caller","2","COMPLETECALLER","Harshika","00:00:04","2026-09-09 11:07:57","2026-09-09 11:11:38"
"Tamil","0757512561","00:01:50","Caller","1","COMPLETECALLER","Harshika","00:00:03","2026-09-09 11:18:00","2026-09-09 11:19:53"
"Tamil","0774477040","00:00:38","Agent","1","COMPLETEAGENT","Harshika","00:00:04","2026-09-10 11:04:44","2026-09-10 11:05:26"
"Tamil","0759405501","00:00:01","No answer","","RINGNOANSWER","Harshika","00:00:00","2026-09-10 16:45:04","2026-09-10 16:45:05"
"Tamil","0783063543","00:01:39","Caller","1","COMPLETECALLER","Harshika","00:00:03","2026-09-11 09:23:51","2026-09-11 09:25:33"
"Tamil","0785045419","00:01:43","Caller","1","COMPLETECALLER","Harshika","00:00:04","2026-09-11 11:25:08","2026-09-11 11:26:55"
"Tamil","0741723684","00:02:15","Caller","1","COMPLETECALLER","Harshika","00:00:04","2026-09-12 11:00:28","2026-09-12 11:02:47"
"Tamil","0778716688","00:01:00","Agent","1","COMPLETEAGENT","Harshika","00:00:03","2026-09-14 13:12:35","2026-09-14 13:13:38"
"Tamil","0775560463","00:01:59","Caller","1","COMPLETECALLER","Harshika","00:00:03","2026-09-17 09:53:02","2026-09-17 09:55:04"
"Tamil","0742855354","00:01:30","Caller","1","COMPLETECALLER","Harshika","00:00:03","2026-09-17 10:45:43","2026-09-17 10:47:16"
"Tamil","0742855354","00:01:23","Caller","1","COMPLETECALLER","Harshika","00:00:04","2026-09-18 13:39:47","2026-09-18 13:41:14"
"Tamil","0767615608","00:00:00","No answer","","RINGNOANSWER","Harshika","00:00:00","2026-09-18 14:29:12","2026-09-18 14:29:12"
"Sinhala","0701366128","00:00:10","No answer","","RINGNOANSWER","Harshika","00:00:00","2026-09-21 10:51:06","2026-09-21 10:51:16"
"Sinhala","0754699275","00:01:14","Caller","1","COMPLETECALLER","Harshika","00:00:03","2026-09-23 09:21:10","2026-09-23 09:22:27"
"Sinhala","0753831520","00:02:00","Caller","2","COMPLETECALLER","Harshika","00:00:06","2026-09-23 10:34:21","2026-09-23 10:36:27"
"Sinhala","0770299202","00:01:36","Caller","1","COMPLETECALLER","Harshika","00:00:04","2026-09-23 11:00:46","2026-09-23 11:02:26"
"Tamil","0751286178","00:01:01","Caller","1","COMPLETECALLER","Harshika","00:00:06","2026-09-23 13:23:31","2026-09-23 13:24:38"
"Sinhala","0788791708","00:00:01","No answer","","RINGNOANSWER","Harshika","00:00:00","2026-09-23 13:54:10","2026-09-23 13:54:11"
"Sinhala","0788791708","00:00:00","No answer","","RINGNOANSWER","Harshika","00:00:00","2026-09-23 13:54:10","2026-09-23 13:54:16"
"Sinhala","0788791708","00:00:00","No answer","","RINGNOANSWER","Harshika","00:00:00","2026-09-23 13:54:10","2026-09-23 13:54:21"
"Tamil","0759557316","00:00:00","No answer","","RINGNOANSWER","Harshika","00:00:00","2026-09-23 16:38:42","2026-09-23 16:38:42"
"Tamil","0775113795","00:01:28","Caller","1","COMPLETECALLER","Harshika","00:00:03","2026-09-24 09:12:50","2026-09-24 09:14:21"
"Sinhala","0773354041","00:01:20","Caller","2","COMPLETECALLER","Harshika","00:00:32","2026-09-24 09:30:57","2026-09-24 09:32:49"
"Sinhala","0704156673","00:03:20","Caller","1","COMPLETECALLER","Harshika","00:00:20","2026-09-24 09:41:21","2026-09-24 09:45:01"
"Sinhala","0112667510","00:01:37","Caller","1","COMPLETECALLER","Harshika","00:00:03","2026-09-24 10:11:20","2026-09-24 10:13:00"
"Sinhala","0718622358","00:02:18","Caller","2","COMPLETECALLER","Harshika","00:00:04","2026-09-24 10:37:30","2026-09-24 10:39:52"
"Sinhala","0774304331","00:04:18","Caller","1","COMPLETECALLER","Harshika","00:00:03","2026-09-24 10:41:34","2026-09-24 10:45:55"
"Sinhala","0758623255","00:00:32","Agent","1","COMPLETEAGENT","Harshika","00:00:04","2026-09-24 10:51:31","2026-09-24 10:52:07"
"Sinhala","0758623255","00:00:30","Caller","1","COMPLETECALLER","Harshika","00:00:06","2026-09-24 10:56:59","2026-09-24 10:57:35"
"Sinhala","0760303011","00:01:42","Caller","1","COMPLETECALLER","Harshika","00:00:05","2026-09-24 11:12:29","2026-09-24 11:14:16"
"Tamil","0726102774","00:02:26","Caller","1","COMPLETECALLER","Harshika","00:00:04","2026-09-24 11:44:58","2026-09-24 11:47:28"
"Sinhala","0725243323","00:00:30","No answer","","RINGNOANSWER","Harshika","00:00:00","2026-09-24 11:52:14","2026-09-24 11:52:44"
"Sinhala","0725243323","00:00:30","No answer","","RINGNOANSWER","Harshika","00:00:00","2026-09-24 11:53:08","2026-09-24 11:53:38"
"Sinhala","0725243323","00:00:30","No answer","","RINGNOANSWER","Harshika","00:00:00","2026-09-24 11:53:08","2026-09-24 11:54:13"
"Sinhala","0714661770","00:00:30","No answer","","RINGNOANSWER","Harshika","00:00:00","2026-09-24 11:54:51","2026-09-24 11:55:21"
"Sinhala","0714661770","00:01:42","Agent","1","COMPLETEAGENT","Harshika","00:00:53","2026-09-24 11:54:51","2026-09-24 11:57:26"
"Tamil","0754426703","00:01:07","Caller","1","COMPLETECALLER","Harshika","00:00:04","2026-09-24 12:20:43","2026-09-24 12:21:54"
"Tamil","0769096931","00:01:49","Caller","1","COMPLETECALLER","Harshika","00:00:08","2026-09-24 13:33:54","2026-09-24 13:35:51"
"Sinhala","0779641046","00:01:57","Caller","1","COMPLETECALLER","Harshika","00:00:03","2026-09-24 13:39:41","2026-09-24 13:41:41"
"Sinhala","0776930044","00:00:30","No answer","","RINGNOANSWER","Harshika","00:00:00","2026-09-24 13:55:12","2026-09-24 13:55:42"
"Sinhala","0755799438","00:00:30","No answer","","RINGNOANSWER","Harshika","00:00:00","2026-09-24 14:00:42","2026-09-24 14:01:12"
"Sinhala","0760303011","00:02:00","Agent","1","COMPLETEAGENT","Harshika","00:00:03","2026-09-24 15:23:33","2026-09-24 15:25:36"
"Sinhala","0707295176","00:00:45","Agent","1","COMPLETEAGENT","Harshika","00:00:04","2026-09-24 15:50:42","2026-09-24 15:51:31"
"Sinhala","0713815167","00:01:42","Caller","1","COMPLETECALLER","Harshika","00:00:04","2026-09-24 16:06:25","2026-09-24 16:08:11"
"Sinhala","0781396880","00:00:30","No answer","","RINGNOANSWER","Harshika","00:00:00","2026-09-25 08:51:30","2026-09-25 08:58:01"
"Sinhala","0781396880","00:00:00","No answer","","RINGNOANSWER","Harshika","00:00:00","2026-09-25 08:51:30","2026-09-25 08:58:06"
"Sinhala","0781396880","00:00:01","No answer","","RINGNOANSWER","Harshika","00:00:00","2026-09-25 08:51:30","2026-09-25 08:58:12"
"Sinhala","0781396880","00:00:00","No answer","","RINGNOANSWER","Harshika","00:00:00","2026-09-25 08:51:30","2026-09-25 08:58:17"
"Sinhala","0781396880","00:00:00","No answer","","RINGNOANSWER","Harshika","00:00:00","2026-09-25 08:51:30","2026-09-25 08:58:22"
"Sinhala","0781396880","00:00:01","No answer","","RINGNOANSWER","Harshika","00:00:00","2026-09-25 08:51:30","2026-09-25 08:58:28"
"Sinhala","0781396880","00:00:00","No answer","","RINGNOANSWER","Harshika","00:00:00","2026-09-25 08:51:30","2026-09-25 08:58:33"
"Tamil","0751286178","00:00:00","No answer","","RINGNOANSWER","Harshika","00:00:00","2026-09-25 08:59:48","2026-09-25 08:59:48"
"Sinhala","0781396880","00:02:38","Agent","1","COMPLETEAGENT","Harshika","00:00:03","2026-09-25 09:09:51","2026-09-25 09:12:32"
"Sinhala","0713060382","00:01:30","Caller","1","COMPLETECALLER","Harshika","00:00:08","2026-09-25 10:02:46","2026-09-25 10:04:24"
"Sinhala","0779337500","00:01:32","Caller","1","COMPLETECALLER","Harshika","00:00:03","2026-09-25 10:12:56","2026-09-25 10:14:31"
"Sinhala","0721032583","00:01:48","Caller","1","COMPLETECALLER","Harshika","00:00:03","2026-09-25 10:18:23","2026-09-25 10:20:14"
"Sinhala","0711786878","00:02:55","Agent","1","COMPLETEAGENT","Harshika","00:00:03","2026-09-25 10:21:24","2026-09-25 10:24:22"
"Sinhala","0777685598","00:01:49","Caller","1","COMPLETECALLER","Harshika","00:00:05","2026-09-25 10:27:34","2026-09-25 10:29:28"
"Sinhala","0764804618","00:01:28","Agent","2","COMPLETEAGENT","Harshika","00:00:22","2026-09-25 10:46:49","2026-09-25 10:48:39"
"Sinhala","0764239832","00:01:45","Caller","2","COMPLETECALLER","Harshika","00:00:09","2026-09-25 10:48:34","2026-09-25 10:50:28"
"Sinhala","0715341311","00:00:30","No answer","","RINGNOANSWER","Harshika","00:00:00","2026-09-25 11:04:57","2026-09-25 11:05:27"
"Sinhala","0774398671","00:02:27","Caller","1","COMPLETECALLER","Harshika","00:00:13","2026-09-25 11:27:07","2026-09-25 11:29:47"
"Sinhala","0772310539","00:00:05","No answer","","RINGNOANSWER","Harshika","00:00:00","2026-09-25 11:40:47","2026-09-25 11:40:52"
"Sinhala","0772310539","00:00:18","Caller","1","COMPLETECALLER","Harshika","00:00:13","2026-09-25 11:40:47","2026-09-25 11:41:18"
"Sinhala","0719049401","00:04:43","Caller","1","COMPLETECALLER","Harshika","00:00:05","2026-09-25 12:22:04","2026-09-25 12:26:52"
"Sinhala","0760004776","00:02:20","Caller","1","COMPLETECALLER","Harshika","00:00:04","2026-09-25 13:08:47","2026-09-25 13:11:11"
"Sinhala","0759442001","00:01:26","Caller","1","COMPLETECALLER","Harshika","00:00:06","2026-09-25 13:20:03","2026-09-25 13:21:35"
"Sinhala","0711369073","00:01:35","Agent","1","COMPLETEAGENT","Harshika","00:00:05","2026-09-25 13:34:38","2026-09-25 13:36:18"
"Sinhala","0719049401","00:01:43","Caller","1","COMPLETECALLER","Harshika","00:00:03","2026-09-25 15:29:05","2026-09-25 15:30:51"
"Sinhala","0758183197","00:00:28","Agent","1","COMPLETEAGENT","Harshika","00:00:04","2026-09-25 16:56:12","2026-09-25 16:56:44"
"Sinhala","0743640412","00:01:41","Agent","1","COMPLETEAGENT","Harshika","00:00:18","2026-09-25 16:56:38","2026-09-25 16:58:37"
"Sinhala","0711786878","00:00:00","No answer","","RINGNOANSWER","Harshika","00:00:00","2026-09-25 17:15:25","2026-09-25 17:15:25"
"Sinhala","0711786878","00:00:00","No answer","","RINGNOANSWER","Harshika","00:00:00","2026-09-25 17:15:25","2026-09-25 17:15:30"
"Sinhala","0711786878","00:00:01","No answer","","RINGNOANSWER","Harshika","00:00:00","2026-09-25 17:15:25","2026-09-25 17:15:36"
"Sinhala","0711786878","00:00:00","No answer","","RINGNOANSWER","Harshika","00:00:00","2026-09-25 17:15:25","2026-09-25 17:15:41"
"Sinhala","0711786878","00:00:00","No answer","","RINGNOANSWER","Harshika","00:00:00","2026-09-25 17:15:25","2026-09-25 17:15:46"
"Sinhala","0772270962","00:00:00","No answer","","RINGNOANSWER","Harshika","00:00:00","2026-09-25 17:16:07","2026-09-25 17:16:07"
"Sinhala","0772270962","00:00:01","No answer","","RINGNOANSWER","Harshika","00:00:00","2026-09-25 17:16:07","2026-09-25 17:16:13"
"Sinhala","0772270962","00:00:00","No answer","","RINGNOANSWER","Harshika","00:00:00","2026-09-25 17:16:07","2026-09-25 17:16:18"
"Sinhala","0772270962","00:00:00","No answer","","RINGNOANSWER","Harshika","00:00:00","2026-09-25 17:16:07","2026-09-25 17:16:23"
"Sinhala","0772270962","00:00:00","No answer","","RINGNOANSWER","Harshika","00:00:00","2026-09-25 17:16:07","2026-09-25 17:16:28"
"Sinhala","0772270962","00:00:01","No answer","","RINGNOANSWER","Harshika","00:00:00","2026-09-25 17:16:07","2026-09-25 17:16:34"
"Sinhala","0772270962","00:00:00","No answer","","RINGNOANSWER","Harshika","00:00:00","2026-09-25 17:16:07","2026-09-25 17:16:39"
"Sinhala","0772270962","00:00:00","No answer","","RINGNOANSWER","Harshika","00:00:00","2026-09-25 17:16:07","2026-09-25 17:16:45"
"Sinhala","0772270962","00:00:00","No answer","","RINGNOANSWER","Harshika","00:00:00","2026-09-25 17:16:07","2026-09-25 17:16:50"
"Sinhala","0772270962","00:00:00","No answer","","RINGNOANSWER","Harshika","00:00:00","2026-09-25 17:16:07","2026-09-25 17:16:55"
"Sinhala","0772270962","00:00:00","No answer","","RINGNOANSWER","Harshika","00:00:00","2026-09-25 17:16:07","2026-09-25 17:17:00"
"Sinhala","0772270962","00:00:01","No answer","","RINGNOANSWER","Harshika","00:00:00","2026-09-25 17:16:07","2026-09-25 17:17:06"
"Sinhala","0772270962","00:00:00","No answer","","RINGNOANSWER","Harshika","00:00:00","2026-09-25 17:16:07","2026-09-25 17:17:11"
"Sinhala","0772270962","00:00:00","No answer","","RINGNOANSWER","Harshika","00:00:00","2026-09-25 17:16:07","2026-09-25 17:17:16"
"Sinhala","0772270962","00:00:01","No answer","","RINGNOANSWER","Harshika","00:00:00","2026-09-25 17:16:07","2026-09-25 17:17:22"
"Sinhala","0777133824","00:00:00","No answer","","RINGNOANSWER","Harshika","00:00:00","2026-09-25 17:17:49","2026-09-25 17:17:49"
"Sinhala","0777133824","00:00:00","No answer","","RINGNOANSWER","Harshika","00:00:00","2026-09-25 17:17:49","2026-09-25 17:17:54"
"Sinhala","0777133824","00:00:01","No answer","","RINGNOANSWER","Harshika","00:00:00","2026-09-25 17:17:49","2026-09-25 17:18:00"
"Sinhala","0777133824","00:00:00","No answer","","RINGNOANSWER","Harshika","00:00:00","2026-09-25 17:17:49","2026-09-25 17:18:05"
"Sinhala","0777133824","00:00:00","No answer","","RINGNOANSWER","Harshika","00:00:00","2026-09-25 17:17:49","2026-09-25 17:18:10"
"Sinhala","0777133824","00:00:01","No answer","","RINGNOANSWER","Harshika","00:00:00","2026-09-25 17:17:49","2026-09-25 17:18:16"
"Sinhala","0777133824","00:00:00","No answer","","RINGNOANSWER","Harshika","00:00:00","2026-09-25 17:17:49","2026-09-25 17:18:21"
"Sinhala","0777133824","00:00:01","No answer","","RINGNOANSWER","Harshika","00:00:00","2026-09-25 17:17:49","2026-09-25 17:18:27"
"Sinhala","0777133824","00:00:00","No answer","","RINGNOANSWER","Harshika","00:00:00","2026-09-25 17:17:49","2026-09-25 17:18:32"
"Sinhala","0777133824","00:00:01","No answer","","RINGNOANSWER","Harshika","00:00:00","2026-09-25 17:17:49","2026-09-25 17:18:38"
"Sinhala","0777133824","00:00:00","No answer","","RINGNOANSWER","Harshika","00:00:00","2026-09-25 17:17:49","2026-09-25 17:18:43"
"Sinhala","0777133824","00:00:00","No answer","","RINGNOANSWER","Harshika","00:00:00","2026-09-25 17:17:49","2026-09-25 17:18:48"
"Sinhala","0777133824","00:00:27","Agent","1","COMPLETEAGENT","Harshika","00:01:07","2026-09-25 17:17:49","2026-09-25 17:19:23"
"Sinhala","0773082757","00:02:26","Agent","1","COMPLETEAGENT","Harshika","00:00:03","2026-09-25 17:28:55","2026-09-25 17:31:24"
"Sinhala","0772270962","00:02:38","Caller","1","COMPLETECALLER","Harshika","00:00:03","2026-09-25 17:41:16","2026-09-25 17:43:57"
"Sinhala","0706350063","00:02:53","Agent","2","COMPLETEAGENT","Harshika","00:00:03","2026-09-28 09:01:26","2026-09-28 09:04:22"
"Sinhala","0715237186","00:00:30","No answer","","RINGNOANSWER","Harshika","00:00:00","2026-09-28 09:05:52","2026-09-28 09:06:22"
"Sinhala","0718184635","00:00:40","Caller","1","COMPLETECALLER","Harshika","00:00:03","2026-09-28 09:14:47","2026-09-28 09:15:30"
"Sinhala","0714917652","00:00:30","No answer","","RINGNOANSWER","Harshika","00:00:00","2026-09-28 09:15:21","2026-09-28 09:16:01"
"Sinhala","0713815167","00:00:35","Agent","1","COMPLETEAGENT","Harshika","00:00:10","2026-09-28 09:24:25","2026-09-28 09:25:10"
"Sinhala","0756613489","00:02:36","Agent","4","COMPLETEAGENT","Harshika","00:02:35","2026-09-28 09:32:00","2026-09-28 09:37:11"
"Sinhala","0773293926","00:00:30","No answer","","RINGNOANSWER","Harshika","00:00:00","2026-09-28 09:36:02","2026-09-28 09:37:42"
"Sinhala","0777944900","00:02:57","Caller","1","COMPLETECALLER","Harshika","00:00:21","2026-09-28 09:52:41","2026-09-28 09:55:59"
"Sinhala","0764159165","00:00:30","No answer","","RINGNOANSWER","Harshika","00:00:00","2026-09-28 09:54:58","2026-09-28 09:56:30"
"Sinhala","0771747442","00:00:00","No answer","","RINGNOANSWER","Harshika","00:00:00","2026-09-28 09:56:38","2026-09-28 09:56:38"
"Sinhala","0765749410","00:01:18","Agent","1","COMPLETEAGENT","Harshika","00:00:03","2026-09-28 10:03:13","2026-09-28 10:04:34"
"Sinhala","0772493876","00:01:35","Caller","1","COMPLETECALLER","Harshika","00:00:03","2026-09-28 10:13:26","2026-09-28 10:15:04"
"Sinhala","0705393951","00:00:30","No answer","","RINGNOANSWER","Harshika","00:00:00","2026-09-28 10:13:38","2026-09-28 10:15:34"
"Sinhala","0761388907","00:02:10","Agent","1","COMPLETEAGENT","Harshika","00:03:01","2026-09-28 10:20:03","2026-09-28 10:25:14"
"Sinhala","0769910313","00:00:30","No answer","","RINGNOANSWER","Harshika","00:00:00","2026-09-28 10:22:30","2026-09-28 10:25:44"
"Sinhala","0762228017","00:01:36","Caller","1","COMPLETECALLER","Harshika","00:00:03","2026-09-28 10:33:13","2026-09-28 10:34:52"
"Sinhala","0753516162","00:00:30","No answer","","RINGNOANSWER","Harshika","00:00:00","2026-09-28 10:34:12","2026-09-28 10:35:23"
"Sinhala","0701366128","00:02:41","Agent","3","COMPLETEAGENT","Harshika","00:05:35","2026-09-28 10:36:59","2026-09-28 10:45:15"
"Sinhala","0760564483","00:00:30","No answer","","RINGNOANSWER","Harshika","00:00:00","2026-09-28 10:42:02","2026-09-28 10:45:46"
"Sinhala","0771114170","00:01:34","Caller","1","COMPLETECALLER","Harshika","00:01:09","2026-09-28 10:51:27","2026-09-28 10:54:10"
"Sinhala","0766701153","00:00:30","No answer","","RINGNOANSWER","Harshika","00:00:00","2026-09-28 10:52:49","2026-09-28 10:54:54"
"Sinhala","0711327351","00:01:53","Agent","1","COMPLETEAGENT","Harshika","00:00:03","2026-09-28 11:02:34","2026-09-28 11:04:30"
"Sinhala","0771513701","00:00:30","No answer","","RINGNOANSWER","Harshika","00:00:00","2026-09-28 11:04:39","2026-09-28 11:05:24"
"Sinhala","0768186770","00:04:36","Caller","2","COMPLETECALLER","Harshika","00:00:04","2026-09-28 11:09:13","2026-09-28 11:13:53"
"Sinhala","0765379577","00:00:30","No answer","","RINGNOANSWER","Harshika","00:00:00","2026-09-28 11:13:49","2026-09-28 11:14:23"
"Tamil","0752006349","00:01:44","Caller","1","COMPLETECALLER","Harshika","00:00:46","2026-09-28 11:18:25","2026-09-28 11:20:55"
"Sinhala","0765379577","00:00:30","No answer","","RINGNOANSWER","Harshika","00:00:00","2026-09-28 11:21:46","2026-09-28 11:23:21"
"Sinhala","0711992710","00:02:27","Caller","1","COMPLETECALLER","Harshika","00:00:04","2026-09-28 11:30:25","2026-09-28 11:32:56"
"Sinhala","0765379577","00:02:52","Agent","2","COMPLETEAGENT","Harshika","00:00:03","2026-09-28 11:39:25","2026-09-28 11:42:20"
"Sinhala","0764025941","00:04:43","Caller","2","COMPLETECALLER","Harshika","00:00:07","2026-09-28 11:56:56","2026-09-28 12:01:46"
"Sinhala","0770268742","00:03:09","Agent","2","COMPLETEAGENT","Harshika","00:00:03","2026-09-28 12:31:06","2026-09-28 12:34:18"
"Sinhala","0761557746","00:01:27","Caller","2","COMPLETECALLER","Harshika","00:01:05","2026-09-28 12:37:35","2026-09-28 12:40:07"
"Sinhala","0705611925","00:02:31","Agent","1","COMPLETEAGENT","Harshika","00:00:04","2026-09-28 13:11:28","2026-09-28 13:14:03"
"Sinhala","0702124742","00:01:48","Agent","1","COMPLETEAGENT","Harshika","00:01:03","2026-09-28 13:17:08","2026-09-28 13:19:59"
"Sinhala","0715237186","00:01:43","Agent","1","COMPLETEAGENT","Harshika","00:00:53","2026-09-28 13:27:20","2026-09-28 13:29:56"
"Sinhala","0702477678","00:01:37","Agent","1","COMPLETEAGENT","Harshika","00:00:37","2026-09-28 13:37:45","2026-09-28 13:39:59"
"Sinhala","0711463981","00:00:30","No answer","","RINGNOANSWER","Harshika","00:00:00","2026-09-28 13:49:05","2026-09-28 13:49:35"
"Sinhala","0711463981","00:00:30","No answer","","RINGNOANSWER","Harshika","00:00:00","2026-09-28 13:49:05","2026-09-28 13:50:10"
"Sinhala","0711463981","00:00:30","No answer","","RINGNOANSWER","Harshika","00:00:00","2026-09-28 13:49:05","2026-09-28 13:50:45"
"Sinhala","0753516162","00:00:30","No answer","","RINGNOANSWER","Harshika","00:00:00","2026-09-28 13:51:50","2026-09-28 13:52:20"
"Sinhala","0753516162","00:00:01","No answer","","RINGNOANSWER","Harshika","00:00:00","2026-09-28 13:51:50","2026-09-28 13:52:26"
"Sinhala","0721700344","00:00:01","No answer","","RINGNOANSWER","Harshika","00:00:00","2026-09-28 13:54:15","2026-09-28 13:54:16"
"Sinhala","0721700344","00:00:00","No answer","","RINGNOANSWER","Harshika","00:00:00","2026-09-28 13:54:15","2026-09-28 13:54:21"
"Sinhala","0721700344","00:00:00","No answer","","RINGNOANSWER","Harshika","00:00:00","2026-09-28 13:54:15","2026-09-28 13:54:26"
"Sinhala","0721700344","00:00:01","No answer","","RINGNOANSWER","Harshika","00:00:00","2026-09-28 13:54:15","2026-09-28 13:54:32"
"Sinhala","0721700344","00:00:00","No answer","","RINGNOANSWER","Harshika","00:00:00","2026-09-28 13:54:15","2026-09-28 13:54:37"
"Sinhala","0721700344","00:00:01","No answer","","RINGNOANSWER","Harshika","00:00:00","2026-09-28 13:54:15","2026-09-28 13:54:43"
"Sinhala","0721700344","00:00:00","No answer","","RINGNOANSWER","Harshika","00:00:00","2026-09-28 13:54:15","2026-09-28 13:54:48"
"Sinhala","0721700344","00:00:01","No answer","","RINGNOANSWER","Harshika","00:00:00","2026-09-28 13:54:15","2026-09-28 13:54:54"
"Sinhala","0721700344","00:00:01","No answer","","RINGNOANSWER","Harshika","00:00:00","2026-09-28 13:54:15","2026-09-28 13:55:00"
"Sinhala","0711463981","00:00:01","No answer","","RINGNOANSWER","Harshika","00:00:00","2026-09-28 13:54:36","2026-09-28 13:55:05"
"Sinhala","0711463981","00:00:00","No answer","","RINGNOANSWER","Harshika","00:00:00","2026-09-28 13:54:36","2026-09-28 13:55:10"
"Sinhala","0773304981","00:00:00","No answer","","RINGNOANSWER","Harshika","00:00:00","2026-09-28 13:55:27","2026-09-28 13:55:27"
"Sinhala","0773304981","00:00:00","No answer","","RINGNOANSWER","Harshika","00:00:00","2026-09-28 13:55:27","2026-09-28 13:55:32"
"Sinhala","0773304981","00:00:01","No answer","","RINGNOANSWER","Harshika","00:00:00","2026-09-28 13:55:27","2026-09-28 13:55:38"
"Sinhala","0773304981","00:00:00","No answer","","RINGNOANSWER","Harshika","00:00:00","2026-09-28 13:55:27","2026-09-28 13:55:43"
"Sinhala","0773304981","00:00:01","No answer","","RINGNOANSWER","Harshika","00:00:00","2026-09-28 13:55:27","2026-09-28 13:55:49"
"Sinhala","0773304981","00:00:00","No answer","","RINGNOANSWER","Harshika","00:00:00","2026-09-28 13:55:27","2026-09-28 13:55:54"
"Sinhala","0773304981","00:00:01","No answer","","RINGNOANSWER","Harshika","00:00:00","2026-09-28 13:55:27","2026-09-28 13:56:00"
"Sinhala","0773304981","00:00:01","No answer","","RINGNOANSWER","Harshika","00:00:00","2026-09-28 13:55:27","2026-09-28 13:56:06"
"Sinhala","0773304981","00:00:00","No answer","","RINGNOANSWER","Harshika","00:00:00","2026-09-28 13:55:27","2026-09-28 13:56:11"
"Sinhala","0773304981","00:00:01","No answer","","RINGNOANSWER","Harshika","00:00:00","2026-09-28 13:55:27","2026-09-28 13:56:17"
"Sinhala","0773304981","00:00:00","No answer","","RINGNOANSWER","Harshika","00:00:00","2026-09-28 13:55:27","2026-09-28 13:56:22"
"Tamil","0769979584","00:00:00","No answer","","RINGNOANSWER","Harshika","00:00:00","2026-09-28 13:57:56","2026-09-28 13:57:56"
"Sinhala","0112842542","00:00:01","No answer","","RINGNOANSWER","Harshika","00:00:00","2026-09-28 13:59:05","2026-09-28 13:59:06"
"Sinhala","0112842542","00:00:00","No answer","","RINGNOANSWER","Harshika","00:00:00","2026-09-28 13:59:05","2026-09-28 13:59:11"
"Sinhala","0112842542","00:00:00","No answer","","RINGNOANSWER","Harshika","00:00:00","2026-09-28 13:59:05","2026-09-28 13:59:16"
"Sinhala","0112842542","00:00:01","No answer","","RINGNOANSWER","Harshika","00:00:00","2026-09-28 13:59:05","2026-09-28 13:59:22"
"Sinhala","0112842542","00:00:00","No answer","","RINGNOANSWER","Harshika","00:00:00","2026-09-28 13:59:05","2026-09-28 13:59:27"
"Sinhala","0112842542","00:00:01","No answer","","RINGNOANSWER","Harshika","00:00:00","2026-09-28 13:59:05","2026-09-28 13:59:33"
"Sinhala","0112842542","00:00:01","No answer","","RINGNOANSWER","Harshika","00:00:00","2026-09-28 13:59:05","2026-09-28 14:00:08"
"Sinhala","0112842542","00:00:01","No answer","","RINGNOANSWER","Harshika","00:00:00","2026-09-28 14:00:55","2026-09-28 14:00:56"
"Tamil","0726102774","00:00:00","No answer","","RINGNOANSWER","Harshika","00:00:00","2026-09-28 14:02:45","2026-09-28 14:02:45"
"Tamil","0726102774","00:00:00","No answer","","RINGNOANSWER","Harshika","00:00:00","2026-09-28 14:02:45","2026-09-28 14:02:50"
"Tamil","0726102774","00:00:01","No answer","","RINGNOANSWER","Harshika","00:00:00","2026-09-28 14:02:45","2026-09-28 14:02:56"
"Tamil","0726102774","00:00:00","No answer","","RINGNOANSWER","Harshika","00:00:00","2026-09-28 14:02:45","2026-09-28 14:03:01"
"Sinhala","0722276725","00:00:01","No answer","","RINGNOANSWER","Harshika","00:00:00","2026-09-28 14:06:02","2026-09-28 14:06:03"
"Sinhala","0718622358","00:00:01","No answer","","RINGNOANSWER","Harshika","00:00:00","2026-09-28 14:06:27","2026-09-28 14:06:28"
"Sinhala","0718622358","00:00:00","No answer","","RINGNOANSWER","Harshika","00:00:00","2026-09-28 14:07:30","2026-09-28 14:07:30"
"Sinhala","0775177680","00:00:00","No answer","","RINGNOANSWER","Harshika","00:00:00","2026-09-28 14:13:38","2026-09-28 14:13:38"
"Sinhala","0775177680","00:00:00","No answer","","RINGNOANSWER","Harshika","00:00:00","2026-09-28 14:13:38","2026-09-28 14:14:13"
"Sinhala","0721032583","00:00:01","No answer","","RINGNOANSWER","Harshika","00:00:00","2026-09-28 14:14:29","2026-09-28 14:14:30"
"Sinhala","0721032583","00:00:00","No answer","","RINGNOANSWER","Harshika","00:00:00","2026-09-28 14:14:29","2026-09-28 14:14:35"
"Sinhala","0721032583","00:00:01","No answer","","RINGNOANSWER","Harshika","00:00:00","2026-09-28 14:14:29","2026-09-28 14:14:41"
"Sinhala","0721032583","00:00:00","No answer","","RINGNOANSWER","Harshika","00:00:00","2026-09-28 14:14:29","2026-09-28 14:14:46"
"Sinhala","0721032583","00:00:01","No answer","","RINGNOANSWER","Harshika","00:00:00","2026-09-28 14:14:29","2026-09-28 14:14:52"
"Sinhala","0721032583","00:00:00","No answer","","RINGNOANSWER","Harshika","00:00:00","2026-09-28 14:14:29","2026-09-28 14:14:57"
"Sinhala","0721032583","00:00:00","No answer","","RINGNOANSWER","Harshika","00:00:00","2026-09-28 14:14:29","2026-09-28 14:15:02"
"Sinhala","0721032583","00:00:01","No answer","","RINGNOANSWER","Harshika","00:00:00","2026-09-28 14:14:29","2026-09-28 14:15:08"
"Sinhala","0721032583","00:00:00","No answer","","RINGNOANSWER","Harshika","00:00:00","2026-09-28 14:14:29","2026-09-28 14:15:13"
"Sinhala","0721032583","00:00:01","No answer","","RINGNOANSWER","Harshika","00:00:00","2026-09-28 14:14:29","2026-09-28 14:15:19"
"Sinhala","0721032583","00:00:00","No answer","","RINGNOANSWER","Harshika","00:00:00","2026-09-28 14:14:29","2026-09-28 14:15:24"
"Sinhala","0721032583","00:00:00","No answer","","RINGNOANSWER","Harshika","00:00:00","2026-09-28 14:14:29","2026-09-28 14:15:29"
"Sinhala","0721032583","00:00:01","No answer","","RINGNOANSWER","Harshika","00:00:00","2026-09-28 14:14:29","2026-09-28 14:15:35"
"Sinhala","0721032583","00:00:00","No answer","","RINGNOANSWER","Harshika","00:00:00","2026-09-28 14:14:29","2026-09-28 14:15:40"
"Sinhala","0721032583","00:00:01","No answer","","RINGNOANSWER","Harshika","00:00:00","2026-09-28 14:14:29","2026-09-28 14:15:46"
"Sinhala","0769161572","00:00:00","No answer","","RINGNOANSWER","Harshika","00:00:00","2026-09-28 14:14:32","2026-09-28 14:15:51"
"Sinhala","0776558736","00:00:00","No answer","","RINGNOANSWER","Harshika","00:00:00","2026-09-28 14:15:19","2026-09-28 14:15:57"
"Sinhala","0776558736","00:00:00","No answer","","RINGNOANSWER","Harshika","00:00:00","2026-09-28 14:15:19","2026-09-28 14:16:02"
"Sinhala","0776558736","00:00:01","No answer","","RINGNOANSWER","Harshika","00:00:00","2026-09-28 14:15:19","2026-09-28 14:16:08"
"Sinhala","0776558736","00:00:00","No answer","","RINGNOANSWER","Harshika","00:00:00","2026-09-28 14:15:19","2026-09-28 14:16:13"
"Sinhala","0776558736","00:00:01","No answer","","RINGNOANSWER","Harshika","00:00:00","2026-09-28 14:15:19","2026-09-28 14:16:19"
"Sinhala","0776558736","00:00:00","No answer","","RINGNOANSWER","Harshika","00:00:00","2026-09-28 14:15:19","2026-09-28 14:16:24"
"Sinhala","0776558736","00:00:01","No answer","","RINGNOANSWER","Harshika","00:00:00","2026-09-28 14:15:19","2026-09-28 14:16:30"
"Sinhala","0776558736","00:00:00","No answer","","RINGNOANSWER","Harshika","00:00:00","2026-09-28 14:15:19","2026-09-28 14:16:35"
"Sinhala","0776558736","00:00:01","No answer","","RINGNOANSWER","Harshika","00:00:00","2026-09-28 14:15:19","2026-09-28 14:16:41"
"Sinhala","0776558736","00:00:00","No answer","","RINGNOANSWER","Harshika","00:00:00","2026-09-28 14:15:19","2026-09-28 14:16:46"
"Sinhala","0776558736","00:00:00","No answer","","RINGNOANSWER","Harshika","00:00:00","2026-09-28 14:15:19","2026-09-28 14:16:51"
"Sinhala","0776558736","00:00:01","No answer","","RINGNOANSWER","Harshika","00:00:00","2026-09-28 14:15:19","2026-09-28 14:16:57"
"Sinhala","0776558736","00:00:00","No answer","","RINGNOANSWER","Harshika","00:00:00","2026-09-28 14:15:19","2026-09-28 14:17:02"
"Sinhala","0776558736","00:00:00","No answer","","RINGNOANSWER","Harshika","00:00:00","2026-09-28 14:15:19","2026-09-28 14:17:07"
"Sinhala","0776558736","00:00:00","No answer","","RINGNOANSWER","Harshika","00:00:00","2026-09-28 14:15:19","2026-09-28 14:17:13"
"Sinhala","0776558736","00:00:00","No answer","","RINGNOANSWER","Harshika","00:00:00","2026-09-28 14:15:19","2026-09-28 14:17:18"
"Sinhala","0776558736","00:00:01","No answer","","RINGNOANSWER","Harshika","00:00:00","2026-09-28 14:15:19","2026-09-28 14:17:24"
"Sinhala","0775797896","00:00:01","No answer","","RINGNOANSWER","Harshika","00:00:00","2026-09-28 14:18:08","2026-09-28 14:18:09"
"Sinhala","0775797896","00:00:00","No answer","","RINGNOANSWER","Harshika","00:00:00","2026-09-28 14:18:08","2026-09-28 14:18:14"
"Sinhala","0775797896","00:00:01","No answer","","RINGNOANSWER","Harshika","00:00:00","2026-09-28 14:18:08","2026-09-28 14:18:20"
"Sinhala","0775015628","00:00:01","No answer","","RINGNOANSWER","Harshika","00:00:00","2026-09-28 14:18:35","2026-09-28 14:18:36"
"Sinhala","0775797896","00:00:01","No answer","","RINGNOANSWER","Harshika","00:00:00","2026-09-28 14:18:08","2026-09-28 14:18:55"
"Sinhala","0775015628","00:00:01","No answer","","RINGNOANSWER","Harshika","00:00:00","2026-09-28 14:18:35","2026-09-28 14:19:11"
"Sinhala","0757144733","00:00:01","No answer","","RINGNOANSWER","Harshika","00:00:00","2026-09-28 14:19:49","2026-09-28 14:19:50"
"Sinhala","0757144733","00:00:00","No answer","","RINGNOANSWER","Harshika","00:00:00","2026-09-28 14:19:49","2026-09-28 14:19:55"
"Sinhala","0757144733","00:00:01","No answer","","RINGNOANSWER","Harshika","00:00:00","2026-09-28 14:19:49","2026-09-28 14:20:01"
"Sinhala","0757144733","00:00:00","No answer","","RINGNOANSWER","Harshika","00:00:00","2026-09-28 14:19:49","2026-09-28 14:20:06"
"Sinhala","0757144733","00:00:01","No answer","","RINGNOANSWER","Harshika","00:00:00","2026-09-28 14:19:49","2026-09-28 14:20:12"
"Sinhala","0757144733","00:00:00","No answer","","RINGNOANSWER","Harshika","00:00:00","2026-09-28 14:19:49","2026-09-28 14:20:17"
"Sinhala","0757144733","00:00:01","No answer","","RINGNOANSWER","Harshika","00:00:00","2026-09-28 14:19:49","2026-09-28 14:20:23"
"Sinhala","0757144733","00:00:00","No answer","","RINGNOANSWER","Harshika","00:00:00","2026-09-28 14:19:49","2026-09-28 14:20:28"
"Sinhala","0778042040","00:00:01","No answer","","RINGNOANSWER","Harshika","00:00:00","2026-09-28 14:19:53","2026-09-28 14:20:29"
"Sinhala","0778042040","00:00:00","No answer","","RINGNOANSWER","Harshika","00:00:00","2026-09-28 14:19:53","2026-09-28 14:20:34"
"Sinhala","0778042040","00:00:00","No answer","","RINGNOANSWER","Harshika","00:00:00","2026-09-28 14:19:53","2026-09-28 14:20:39"
"Sinhala","0763776934","00:00:00","No answer","","RINGNOANSWER","Harshika","00:00:00","2026-09-28 14:20:56","2026-09-28 14:20:56"
"Sinhala","0757144733","00:00:00","No answer","","RINGNOANSWER","Harshika","00:00:00","2026-09-28 14:19:49","2026-09-28 14:21:03"
"Sinhala","0757144733","00:00:00","No answer","","RINGNOANSWER","Harshika","00:00:00","2026-09-28 14:19:49","2026-09-28 14:21:08"
"Sinhala","0757144733","00:00:01","No answer","","RINGNOANSWER","Harshika","00:00:00","2026-09-28 14:19:49","2026-09-28 14:21:14"
"Sinhala","0757144733","00:00:00","No answer","","RINGNOANSWER","Harshika","00:00:00","2026-09-28 14:19:49","2026-09-28 14:21:19"
"Sinhala","0757144733","00:00:01","No answer","","RINGNOANSWER","Harshika","00:00:00","2026-09-28 14:19:49","2026-09-28 14:21:25"
"Sinhala","0757144733","00:00:00","No answer","","RINGNOANSWER","Harshika","00:00:00","2026-09-28 14:19:49","2026-09-28 14:21:30"
"Sinhala","0763776934","00:00:00","No answer","","RINGNOANSWER","Harshika","00:00:00","2026-09-28 14:20:56","2026-09-28 14:21:35"
"Sinhala","0763776934","00:00:01","No answer","","RINGNOANSWER","Harshika","00:00:00","2026-09-28 14:20:56","2026-09-28 14:21:41"
"Sinhala","0763776934","00:00:00","No answer","","RINGNOANSWER","Harshika","00:00:00","2026-09-28 14:20:56","2026-09-28 14:21:46"
"Sinhala","0763776934","00:00:01","No answer","","RINGNOANSWER","Harshika","00:00:00","2026-09-28 14:20:56","2026-09-28 14:21:52"
"Sinhala","0763776934","00:00:00","No answer","","RINGNOANSWER","Harshika","00:00:00","2026-09-28 14:20:56","2026-09-28 14:21:57"
"Sinhala","0711487432","00:00:00","No answer","","RINGNOANSWER","Harshika","00:00:00","2026-09-28 14:21:37","2026-09-28 14:22:02"
"Sinhala","0711487432","00:00:01","No answer","","RINGNOANSWER","Harshika","00:00:00","2026-09-28 14:21:37","2026-09-28 14:22:08"
"Sinhala","0768186770","00:00:01","No answer","","RINGNOANSWER","Harshika","00:00:00","2026-09-28 14:22:58","2026-09-28 14:22:59"
"Sinhala","0768186770","00:00:00","No answer","","RINGNOANSWER","Harshika","00:00:00","2026-09-28 14:22:58","2026-09-28 14:23:04"
"Sinhala","0768186770","00:00:01","No answer","","RINGNOANSWER","Harshika","00:00:00","2026-09-28 14:22:58","2026-09-28 14:23:10"
"Sinhala","0768186770","00:00:00","No answer","","RINGNOANSWER","Harshika","00:00:00","2026-09-28 14:22:58","2026-09-28 14:23:15"
"Sinhala","0759100748","00:00:01","No answer","","RINGNOANSWER","Harshika","00:00:00","2026-09-28 14:29:14","2026-09-28 14:29:15"
"Sinhala","0759100748","00:00:00","No answer","","RINGNOANSWER","Harshika","00:00:00","2026-09-28 14:29:14","2026-09-28 14:29:20"
"Sinhala","0784417046","00:02:40","Agent","3","COMPLETEAGENT","Harshika","00:01:09","2026-09-28 15:14:36","2026-09-28 15:18:25"
"Sinhala","0705326655","00:01:26","Caller","1","COMPLETECALLER","Harshika","00:00:04","2026-09-28 15:19:38","2026-09-28 15:21:08"
"Sinhala","0773394990","00:01:34","Caller","1","COMPLETECALLER","Harshika","00:00:05","2026-09-28 15:30:44","2026-09-28 15:32:23"
"Sinhala","0784617927","00:02:35","Caller","1","COMPLETECALLER","Harshika","00:00:59","2026-09-28 15:58:00","2026-09-28 16:01:34"
"Sinhala","0767990403","00:01:33","Agent","2","COMPLETEAGENT","Harshika","00:00:04","2026-09-28 17:41:35","2026-09-28 17:43:12"
"Sinhala","0715195246","00:01:02","Agent","2","COMPLETEAGENT","Harshika","00:01:12","2026-09-30 09:27:18","2026-09-30 09:29:32"
"Sinhala","0771392255","00:00:30","No answer","","RINGNOANSWER","Harshika","00:00:00","2026-09-30 09:28:25","2026-09-30 09:30:02"
"Sinhala","0771392255","00:00:00","No answer","","RINGNOANSWER","Harshika","00:00:00","2026-09-30 09:28:25","2026-09-30 09:30:07"
"Sinhala","0724592568","00:01:56","Caller","1","COMPLETECALLER","Harshika","00:00:03","2026-09-30 09:39:22","2026-09-30 09:41:21"
"Sinhala","0718515715","00:00:30","No answer","","RINGNOANSWER","Harshika","00:00:00","2026-09-30 09:40:44","2026-09-30 09:41:54"
"Sinhala","0779560695","00:02:04","Caller","1","COMPLETECALLER","Harshika","00:00:14","2026-09-30 09:48:11","2026-09-30 09:50:29"
"Sinhala","0714395197","00:01:49","Agent","2","COMPLETEAGENT","Harshika","00:01:09","2026-09-30 09:57:16","2026-09-30 10:00:14"
"Sinhala","0773343494","00:03:08","Caller","2","COMPLETECALLER","Harshika","00:01:58","2026-09-30 10:06:29","2026-09-30 10:11:35"
"Sinhala","0779560695","00:00:30","No answer","","RINGNOANSWER","Harshika","00:00:00","2026-09-30 10:11:10","2026-09-30 10:12:05"
"Sinhala","0766514783","00:02:04","Agent","1","COMPLETEAGENT","Harshika","00:00:06","2026-09-30 10:20:08","2026-09-30 10:22:18"
"Sinhala","0740817207","00:02:43","Caller","1","COMPLETECALLER","Harshika","00:00:04","2026-09-30 10:28:13","2026-09-30 10:31:00"
"Sinhala","0701057922","00:00:30","No answer","","RINGNOANSWER","Harshika","00:00:00","2026-09-30 10:29:26","2026-09-30 10:31:31"
"Sinhala","0766514783","00:01:25","Agent","4","COMPLETEAGENT","Harshika","00:01:18","2026-09-30 10:36:35","2026-09-30 10:39:18"
"Sinhala","0757884050","00:03:08","Caller","1","COMPLETECALLER","Harshika","00:00:05","2026-09-30 10:48:53","2026-09-30 10:52:06"
"Sinhala","0741519291","00:00:30","No answer","","RINGNOANSWER","Harshika","00:00:00","2026-09-30 10:51:40","2026-09-30 10:52:52"
"Tamil","0751286178","00:02:10","Caller","1","COMPLETECALLER","Harshika","00:00:03","2026-09-30 11:08:40","2026-09-30 11:10:53"
"Sinhala","0767499352","00:01:57","Caller","1","COMPLETECALLER","Harshika","00:00:03","2026-09-30 11:29:44","2026-09-30 11:31:44"
"Sinhala","0711225474","00:03:31","Agent","1","COMPLETEAGENT","Harshika","00:00:04","2026-09-30 11:37:21","2026-09-30 11:40:56"
"Sinhala","0718193092","00:01:54","Agent","1","COMPLETEAGENT","Harshika","00:00:03","2026-09-30 11:48:53","2026-09-30 11:50:50"
"Sinhala","0779622345","00:02:10","Caller","2","COMPLETECALLER","Harshika","00:00:04","2026-09-30 12:26:26","2026-09-30 12:28:40"
"Sinhala","0702091880","00:00:55","Agent","2","COMPLETEAGENT","Harshika","00:01:44","2026-09-30 12:35:09","2026-09-30 12:37:48"
"Sinhala","0702091880","00:00:30","No answer","","RINGNOANSWER","Harshika","00:00:00","2026-09-30 12:39:05","2026-09-30 12:40:15"
"Sinhala","0761743263","00:00:36","Agent","1","COMPLETEAGENT","Harshika","00:00:04","2026-09-30 12:40:35","2026-09-30 12:41:15"
"Sinhala","0760004776","00:04:18","Caller","1","COMPLETECALLER","Harshika","00:00:03","2026-09-30 13:00:37","2026-09-30 13:04:58"
"Tamil","0757083668","00:00:00","No answer","","RINGNOANSWER","Harshika","00:00:00","2026-09-30 13:55:27","2026-09-30 13:55:27"
"Tamil","0757083668","00:00:01","No answer","","RINGNOANSWER","Harshika","00:00:00","2026-09-30 13:55:27","2026-09-30 13:55:38"
"Sinhala","0775099696","00:00:01","No answer","","RINGNOANSWER","Harshika","00:00:00","2026-09-30 14:02:06","2026-09-30 14:02:07"
"Tamil","0752425110","00:00:01","No answer","","RINGNOANSWER","Harshika","00:00:00","2026-09-30 14:04:15","2026-09-30 14:04:16"
"Tamil","0752425110","00:00:00","No answer","","RINGNOANSWER","Harshika","00:00:00","2026-09-30 14:04:15","2026-09-30 14:04:21"
"Sinhala","0761983869","00:00:00","No answer","","RINGNOANSWER","Harshika","00:00:00","2026-09-30 14:04:26","2026-09-30 14:04:26"
"Tamil","0752425110","00:00:00","No answer","","RINGNOANSWER","Harshika","00:00:00","2026-09-30 14:04:15","2026-09-30 14:04:31"
"Sinhala","0761983869","00:00:01","No answer","","RINGNOANSWER","Harshika","00:00:00","2026-09-30 14:04:26","2026-09-30 14:04:37"
"Tamil","0752425110","00:00:01","No answer","","RINGNOANSWER","Harshika","00:00:00","2026-09-30 14:04:15","2026-09-30 14:04:42"
"Sinhala","0761983869","00:00:00","No answer","","RINGNOANSWER","Harshika","00:00:00","2026-09-30 14:04:26","2026-09-30 14:04:47"
"Tamil","0752425110","00:00:00","No answer","","RINGNOANSWER","Harshika","00:00:00","2026-09-30 14:04:15","2026-09-30 14:04:52"
"Sinhala","0761983869","00:00:01","No answer","","RINGNOANSWER","Harshika","00:00:00","2026-09-30 14:04:26","2026-09-30 14:04:58"
"Tamil","0752425110","00:00:01","No answer","","RINGNOANSWER","Harshika","00:00:00","2026-09-30 14:04:15","2026-09-30 14:05:03"
"Sinhala","0761983869","00:00:00","No answer","","RINGNOANSWER","Harshika","00:00:00","2026-09-30 14:04:26","2026-09-30 14:05:03"
"Tamil","0752425110","00:00:00","No answer","","RINGNOANSWER","Harshika","00:00:00","2026-09-30 14:04:15","2026-09-30 14:05:08"
"Sinhala","0761983869","00:00:01","No answer","","RINGNOANSWER","Harshika","00:00:00","2026-09-30 14:04:26","2026-09-30 14:05:09"
"Tamil","0752425110","00:00:01","No answer","","RINGNOANSWER","Harshika","00:00:00","2026-09-30 14:04:15","2026-09-30 14:05:14"
"Sinhala","0761983869","00:00:00","No answer","","RINGNOANSWER","Harshika","00:00:00","2026-09-30 14:04:26","2026-09-30 14:05:14"
"Tamil","0752425110","00:00:00","No answer","","RINGNOANSWER","Harshika","00:00:00","2026-09-30 14:04:15","2026-09-30 14:05:19"
"Sinhala","0761983869","00:00:00","No answer","","RINGNOANSWER","Harshika","00:00:00","2026-09-30 14:04:26","2026-09-30 14:05:19"
"Tamil","0752425110","00:00:00","No answer","","RINGNOANSWER","Harshika","00:00:00","2026-09-30 14:04:15","2026-09-30 14:05:24"
"Sinhala","0761983869","00:00:01","No answer","","RINGNOANSWER","Harshika","00:00:00","2026-09-30 14:04:26","2026-09-30 14:05:25"
"Tamil","0752425110","00:00:01","No answer","","RINGNOANSWER","Harshika","00:00:00","2026-09-30 14:04:15","2026-09-30 14:05:30"
"Sinhala","0761983869","00:00:00","No answer","","RINGNOANSWER","Harshika","00:00:00","2026-09-30 14:04:26","2026-09-30 14:05:30"
"Tamil","0752425110","00:00:00","No answer","","RINGNOANSWER","Harshika","00:00:00","2026-09-30 14:04:15","2026-09-30 14:05:35"
"Sinhala","0761983869","00:00:01","No answer","","RINGNOANSWER","Harshika","00:00:00","2026-09-30 14:04:26","2026-09-30 14:05:36"
"Tamil","0752425110","00:00:00","No answer","","RINGNOANSWER","Harshika","00:00:00","2026-09-30 14:04:15","2026-09-30 14:05:40"
"Sinhala","0761983869","00:00:00","No answer","","RINGNOANSWER","Harshika","00:00:00","2026-09-30 14:04:26","2026-09-30 14:05:41"
"Tamil","0752425110","00:00:01","No answer","","RINGNOANSWER","Harshika","00:00:00","2026-09-30 14:04:15","2026-09-30 14:05:46"
"Sinhala","0761983869","00:00:00","No answer","","RINGNOANSWER","Harshika","00:00:00","2026-09-30 14:04:26","2026-09-30 14:05:51"
"Tamil","0752425110","00:00:00","No answer","","RINGNOANSWER","Harshika","00:00:00","2026-09-30 14:04:15","2026-09-30 14:05:56"
"Sinhala","0761983869","00:00:01","No answer","","RINGNOANSWER","Harshika","00:00:00","2026-09-30 14:04:26","2026-09-30 14:05:57"
"Tamil","0752425110","00:00:01","No answer","","RINGNOANSWER","Harshika","00:00:00","2026-09-30 14:04:15","2026-09-30 14:06:02"
"Tamil","0752425110","00:00:00","No answer","","RINGNOANSWER","Harshika","00:00:00","2026-09-30 14:04:15","2026-09-30 14:06:07"
"Sinhala","0772397543","00:00:00","No answer","","RINGNOANSWER","Harshika","00:00:00","2026-09-30 14:05:51","2026-09-30 14:06:08"
"Tamil","0752425110","00:00:01","No answer","","RINGNOANSWER","Harshika","00:00:00","2026-09-30 14:04:15","2026-09-30 14:06:13"
"Sinhala","0772397543","00:00:01","No answer","","RINGNOANSWER","Harshika","00:00:00","2026-09-30 14:05:51","2026-09-30 14:06:14"
"Sinhala","0772397543","00:00:00","No answer","","RINGNOANSWER","Harshika","00:00:00","2026-09-30 14:05:51","2026-09-30 14:06:19"
"Sinhala","0772397543","00:00:00","No answer","","RINGNOANSWER","Harshika","00:00:00","2026-09-30 14:05:51","2026-09-30 14:06:24"
"Sinhala","0772397543","00:00:01","No answer","","RINGNOANSWER","Harshika","00:00:00","2026-09-30 14:05:51","2026-09-30 14:06:30"
"Sinhala","0772397543","00:00:00","No answer","","RINGNOANSWER","Harshika","00:00:00","2026-09-30 14:05:51","2026-09-30 14:06:35"
"Sinhala","0772397543","00:00:00","No answer","","RINGNOANSWER","Harshika","00:00:00","2026-09-30 14:05:51","2026-09-30 14:06:40"
"Sinhala","0772397543","00:00:01","No answer","","RINGNOANSWER","Harshika","00:00:00","2026-09-30 14:05:51","2026-09-30 14:06:46"
"Sinhala","0772397543","00:00:00","No answer","","RINGNOANSWER","Harshika","00:00:00","2026-09-30 14:05:51","2026-09-30 14:06:51"
"Sinhala","0772397543","00:00:01","No answer","","RINGNOANSWER","Harshika","00:00:00","2026-09-30 14:05:51","2026-09-30 14:06:57"
"Sinhala","0772397543","00:00:00","No answer","","RINGNOANSWER","Harshika","00:00:00","2026-09-30 14:05:51","2026-09-30 14:07:02"
"Sinhala","0772397543","00:00:00","No answer","","RINGNOANSWER","Harshika","00:00:00","2026-09-30 14:05:51","2026-09-30 14:07:07"
"Sinhala","0772397543","00:00:01","No answer","","RINGNOANSWER","Harshika","00:00:00","2026-09-30 14:05:51","2026-09-30 14:07:13"
"Sinhala","0772397543","00:00:00","No answer","","RINGNOANSWER","Harshika","00:00:00","2026-09-30 14:05:51","2026-09-30 14:07:18"
"Sinhala","0772397543","00:00:00","No answer","","RINGNOANSWER","Harshika","00:00:00","2026-09-30 14:07:34","2026-09-30 14:07:34"
"Sinhala","0772397543","00:00:00","No answer","","RINGNOANSWER","Harshika","00:00:00","2026-09-30 14:07:34","2026-09-30 14:07:39"
"Sinhala","0772397543","00:00:01","No answer","","RINGNOANSWER","Harshika","00:00:00","2026-09-30 14:07:34","2026-09-30 14:07:45"
"Sinhala","0772397543","00:00:00","No answer","","RINGNOANSWER","Harshika","00:00:00","2026-09-30 14:07:34","2026-09-30 14:07:50"
"Sinhala","0772397543","00:00:01","No answer","","RINGNOANSWER","Harshika","00:00:00","2026-09-30 14:07:34","2026-09-30 14:07:56"
"Sinhala","0772397543","00:00:00","No answer","","RINGNOANSWER","Harshika","00:00:00","2026-09-30 14:07:34","2026-09-30 14:08:01"
"Sinhala","0772397543","00:00:00","No answer","","RINGNOANSWER","Harshika","00:00:00","2026-09-30 14:07:34","2026-09-30 14:08:06"
"Sinhala","0772397543","00:00:01","No answer","","RINGNOANSWER","Harshika","00:00:00","2026-09-30 14:07:34","2026-09-30 14:08:12"
"Sinhala","0772397543","00:00:01","No answer","","RINGNOANSWER","Harshika","00:00:00","2026-09-30 14:07:34","2026-09-30 14:08:18"
"Sinhala","0772397543","00:00:01","No answer","","RINGNOANSWER","Harshika","00:00:00","2026-09-30 14:07:34","2026-09-30 14:08:24"
"Sinhala","0761983869","00:00:00","No answer","","RINGNOANSWER","Harshika","00:00:00","2026-09-30 14:07:54","2026-09-30 14:08:30"
"Sinhala","0761983869","00:00:00","No answer","","RINGNOANSWER","Harshika","00:00:00","2026-09-30 14:07:54","2026-09-30 14:08:35"
"Sinhala","0761983869","00:00:01","No answer","","RINGNOANSWER","Harshika","00:00:00","2026-09-30 14:07:54","2026-09-30 14:08:41"
"Sinhala","0761983869","00:00:01","No answer","","RINGNOANSWER","Harshika","00:00:00","2026-09-30 14:07:54","2026-09-30 14:08:47"
"Sinhala","0761983869","00:00:00","No answer","","RINGNOANSWER","Harshika","00:00:00","2026-09-30 14:07:54","2026-09-30 14:08:52"
"Sinhala","0761983869","00:00:01","No answer","","RINGNOANSWER","Harshika","00:00:00","2026-09-30 14:07:54","2026-09-30 14:08:58"
"Sinhala","0761983869","00:00:00","No answer","","RINGNOANSWER","Harshika","00:00:00","2026-09-30 14:07:54","2026-09-30 14:09:03"
"Sinhala","0761983869","00:00:00","No answer","","RINGNOANSWER","Harshika","00:00:00","2026-09-30 14:07:54","2026-09-30 14:09:08"
"Sinhala","0761983869","00:00:01","No answer","","RINGNOANSWER","Harshika","00:00:00","2026-09-30 14:07:54","2026-09-30 14:09:14"
"Sinhala","0761983869","00:00:00","No answer","","RINGNOANSWER","Harshika","00:00:00","2026-09-30 14:07:54","2026-09-30 14:09:19"
"Sinhala","0775015628","00:00:01","No answer","","RINGNOANSWER","Harshika","00:00:00","2026-09-30 14:09:40","2026-09-30 14:09:41"
"Sinhala","0775015628","00:00:00","No answer","","RINGNOANSWER","Harshika","00:00:00","2026-09-30 14:09:40","2026-09-30 14:09:46"
"Sinhala","0761983869","00:00:00","No answer","","RINGNOANSWER","Harshika","00:00:00","2026-09-30 14:07:54","2026-09-30 14:09:54"
"Sinhala","0775015628","00:00:01","No answer","","RINGNOANSWER","Harshika","00:00:00","2026-09-30 14:09:40","2026-09-30 14:10:00"
"Sinhala","0775015628","00:00:00","No answer","","RINGNOANSWER","Harshika","00:00:00","2026-09-30 14:09:40","2026-09-30 14:10:05"
"Tamil","0775015628","00:00:00","No answer","","RINGNOANSWER","Harshika","00:00:00","2026-09-30 14:10:26","2026-09-30 14:10:26"
"Sinhala","0704443538","00:01:30","Agent","1","COMPLETEAGENT","Harshika","00:00:04","2026-09-30 15:52:11","2026-09-30 15:53:45"
"Sinhala","0707980621","00:00:30","No answer","","RINGNOANSWER","Harshika","00:00:00","2026-09-30 15:53:04","2026-09-30 15:54:18"
"Sinhala","0785372973","00:03:46","Agent","2","COMPLETEAGENT","Harshika","00:00:04","2026-09-30 16:31:36","2026-09-30 16:35:26"
"Sinhala","0760004776","00:00:01","No answer","","RINGNOANSWER","Harshika","00:00:00","2026-09-30 17:14:14","2026-09-30 17:14:15"
"Sinhala","0760004776","00:00:01","No answer","","RINGNOANSWER","Harshika","00:00:00","2026-09-30 17:14:14","2026-09-30 17:14:50"
"Sinhala","0743898312","00:01:13","Agent","1","COMPLETEAGENT","Harshika","00:00:04","2026-09-30 17:19:17","2026-09-30 17:20:34"
