"Date","Destination","Disposition","Duration","Wait time","Trunk","Extension","accountcode"
"2026-07-14 10:49:13","758000261","ANSWERED","00:00:18","00:00:09","6","10",""
"2026-07-14 12:34:02","0742984397","NO ANSWER","00:00:00","00:00:19","6","10",""
"2026-07-14 12:34:41","0742984397","NO ANSWER","00:00:00","00:00:16","6","10",""
"2026-07-14 12:38:18","0776879499","ANSWERED","00:00:31","00:00:07","6","10",""
"2026-07-14 12:41:08","0721482420","NO ANSWER","00:00:00","00:00:03","6","10",""
"2026-07-14 12:42:24","0776879499","ANSWERED","00:00:57","00:00:25","6","10",""
"2026-07-14 13:12:54","0776879499","ANSWERED","00:00:42","00:00:07","6","10",""
"2026-07-14 13:15:58","0776879499","ANSWERED","00:00:14","00:00:18","6","10",""
"2026-07-14 13:20:57","0772863112","ANSWERED","00:00:14","00:00:09","6","10",""
"2026-07-14 13:31:44","0776879499","ANSWERED","00:00:19","00:00:12","6","10",""
"2026-07-14 14:02:47","0776879499","ANSWERED","00:00:55","00:00:11","6","10",""
"2026-07-14 15:16:50","0703584237","ANSWERED","00:01:00","00:00:15","6","10",""
"2026-07-14 15:18:11","741051440","NO ANSWER","00:00:00","00:00:39","6","10",""
"2026-07-14 15:22:08","741051440","NO ANSWER","00:00:00","00:00:50","6","10",""
"2026-07-14 15:35:00","713122223","BUSY","00:00:00","00:00:54","6","10",""
"2026-07-14 15:35:00","713122223","FAILED","00:00:00","00:00:00","2","10",""
"2026-07-14 15:39:23","0757096071","NO ANSWER","00:00:00","00:00:27","6","10",""
"2026-07-14 15:42:26","0757096071","NO ANSWER","00:00:00","00:00:31","6","10",""
"2026-07-14 15:54:29","0716940991","ANSWERED","00:00:34","00:00:18","6","10",""
"2026-07-14 15:55:31","0716940991","ANSWERED","00:00:24","00:00:15","6","10",""
"2026-07-14 16:50:42","762933659","ANSWERED","00:00:22","00:00:19","6","10",""
"2026-07-14 17:04:55","0758311632","ANSWERED","00:00:18","00:00:11","6","10",""
"2026-07-14 17:06:53","0774363696","ANSWERED","00:03:04","00:00:08","6","10",""
"2026-07-14 17:30:47","0720777333","NO ANSWER","00:00:00","00:00:01","6","10",""
"2026-07-15 09:31:20","0764010312","NO ANSWER","00:00:00","00:00:53","6","10",""
"2026-07-15 09:31:20","0764010312","FAILED","00:00:00","00:00:00","2","10",""
"2026-07-15 10:17:54","713466443","ANSWERED","00:00:13","00:00:17","6","10",""
"2026-07-15 10:58:51","0753662347","ANSWERED","00:00:23","00:00:11","6","10",""
"2026-07-15 11:29:50","701125640","ANSWERED","00:00:31","00:00:14","6","10",""
"2026-07-15 12:09:55","0768061591","ANSWERED","00:00:27","00:00:03","6","10",""
"2026-07-15 15:22:10","771892783","ANSWERED","00:00:23","00:00:20","6","10",""
"2026-07-15 15:24:54","771503635","ANSWERED","00:00:15","00:00:25","6","10",""
"2026-07-15 15:26:59","778433643","BUSY","00:00:00","00:00:51","6","10",""
"2026-07-15 15:26:59","778433643","FAILED","00:00:00","00:00:00","2","10",""
"2026-07-15 15:29:19","775106032","ANSWERED","00:00:28","00:00:34","6","10",""
"2026-07-15 15:31:17","779910964","NO ANSWER","00:00:00","00:00:54","6","10",""
"2026-07-15 15:31:17","779910964","FAILED","00:00:00","00:00:00","2","10",""
"2026-07-15 15:33:35","785082807","ANSWERED","00:00:25","00:00:11","6","10",""
"2026-07-15 15:35:27","753831379","BUSY","00:00:00","00:00:30","6","10",""
"2026-07-15 15:35:27","753831379","FAILED","00:00:00","00:00:00","2","10",""
"2026-07-15 15:37:10","752441087","ANSWERED","00:00:22","00:00:13","6","10",""
"2026-07-15 15:52:37","767094105","NO ANSWER","00:00:00","00:00:54","6","10",""
"2026-07-15 15:52:37","767094105","FAILED","00:00:00","00:00:00","2","10",""
"2026-07-15 15:54:32","718934780","BUSY","00:00:00","00:00:50","6","10",""
"2026-07-15 15:54:32","718934780","FAILED","00:00:00","00:00:00","2","10",""
"2026-07-15 15:56:12","723745607","ANSWERED","00:00:18","00:00:46","6","10",""
"2026-07-15 15:58:01","779916141","ANSWERED","00:00:26","00:00:26","6","10",""
"2026-07-15 16:00:29","753831379","BUSY","00:00:00","00:00:36","6","10",""
"2026-07-15 16:00:29","753831379","FAILED","00:00:00","00:00:00","2","10",""
"2026-07-15 16:02:00","713483836","ANSWERED","00:00:36","00:00:12","6","10",""
"2026-07-15 16:04:03","741441366","NO ANSWER","00:00:00","00:00:54","6","10",""
"2026-07-15 16:04:03","741441366","FAILED","00:00:00","00:00:00","2","10",""
"2026-07-15 16:05:53","717858646","BUSY","00:00:00","00:00:11","6","10",""
"2026-07-15 16:05:53","717858646","FAILED","00:00:00","00:00:00","2","10",""
"2026-07-15 16:06:57","717171595","ANSWERED","00:00:14","00:00:18","6","10",""
"2026-07-15 16:08:11","711264171","ANSWERED","00:01:00","00:00:10","6","10",""
"2026-07-15 16:10:13","785175195","BUSY","00:00:00","00:00:47","6","10",""
"2026-07-15 16:10:13","785175195","FAILED","00:00:00","00:00:00","2","10",""
"2026-07-15 16:16:30","773091234","BUSY","00:00:00","00:00:49","6","10",""
"2026-07-15 16:16:30","773091234","FAILED","00:00:00","00:00:00","2","10",""
"2026-07-15 16:18:21","705064603","ANSWERED","00:01:33","00:00:14","6","10",""
"2026-07-15 16:23:06","763030380","ANSWERED","00:00:17","00:00:09","6","10",""
"2026-07-15 16:24:08","712007657","ANSWERED","00:00:24","00:00:15","6","10",""
"2026-07-15 16:25:29","773835903","NO ANSWER","00:00:00","00:00:54","6","10",""
"2026-07-15 16:25:29","773835903","FAILED","00:00:00","00:00:00","2","10",""
"2026-07-15 16:27:27","776943899","ANSWERED","00:00:11","00:00:10","6","10",""
"2026-07-15 16:28:33","740003497","NO ANSWER","00:00:00","00:00:54","6","10",""
"2026-07-15 16:28:33","740003497","FAILED","00:00:00","00:00:00","2","10",""
"2026-07-15 16:30:05","776104056","ANSWERED","00:00:53","00:00:26","6","10",""
"2026-07-15 16:32:25","775132975","ANSWERED","00:00:10","00:00:29","6","10",""
"2026-07-15 16:34:06","772688695","ANSWERED","00:00:22","00:00:18","6","10",""
"2026-07-15 16:35:48","779233527","ANSWERED","00:00:12","00:00:06","6","10",""
"2026-07-15 16:36:46","771012774","ANSWERED","00:00:19","00:00:16","6","10",""
"2026-07-15 16:38:07","743274753","NO ANSWER","00:00:00","00:00:53","6","10",""
"2026-07-15 16:38:07","743274753","FAILED","00:00:00","00:00:00","2","10",""
"2026-07-15 16:47:17","762287664","ANSWERED","00:00:17","00:00:08","6","10",""
"2026-07-15 16:48:18","704321409","NO ANSWER","00:00:00","00:00:53","6","10",""
"2026-07-15 16:51:39","703111691","ANSWERED","00:00:11","00:00:20","6","10",""
"2026-07-15 16:52:48","766112810","ANSWERED","00:00:17","00:00:12","6","10",""
"2026-07-15 16:54:10","772317300","BUSY","00:00:00","00:00:02","6","10",""
"2026-07-15 16:54:10","772317300","FAILED","00:00:00","00:00:00","2","10",""
"2026-07-15 16:55:09","777530935","ANSWERED","00:01:03","00:00:11","6","10",""
"2026-07-15 16:58:17","702122842","ANSWERED","00:00:09","00:00:14","6","10",""
"2026-07-15 16:59:12","703490556","ANSWERED","00:00:20","00:00:19","6","10",""
"2026-07-15 17:00:48","712305174","BUSY","00:00:00","00:00:04","6","10",""
"2026-07-15 17:00:48","712305174","FAILED","00:00:00","00:00:00","2","10",""
"2026-07-15 17:01:28","768359941","ANSWERED","00:00:11","00:00:08","6","10",""
"2026-07-15 17:02:41","769899798","ANSWERED","00:00:14","00:00:14","6","10",""
"2026-07-15 17:04:03","765385868","ANSWERED","00:00:21","00:00:08","6","10",""
"2026-07-15 17:05:17","750783137","ANSWERED","00:00:22","00:00:12","6","10",""
"2026-07-15 17:06:07","750783137","ANSWERED","00:00:16","00:00:03","6","10",""
"2026-07-15 17:07:03","777487546","ANSWERED","00:00:59","00:00:22","6","10",""
"2026-07-15 17:09:42","701181796","ANSWERED","00:00:20","00:00:15","6","10",""
"2026-07-15 17:10:50","775157580","ANSWERED","00:00:16","00:00:17","6","10",""
"2026-07-15 17:11:50","718763665","BUSY","00:00:00","00:00:49","6","10",""
"2026-07-15 17:11:50","718763665","FAILED","00:00:00","00:00:00","2","10",""
"2026-07-15 17:13:19","760022523","NO ANSWER","00:00:00","00:00:53","6","10",""
"2026-07-15 17:13:19","760022523","FAILED","00:00:00","00:00:00","2","10",""
"2026-07-15 17:14:56","779233527","ANSWERED","00:00:30","00:00:07","6","10",""
"2026-07-15 17:16:39","773381851","ANSWERED","00:00:33","00:00:12","6","10",""
"2026-07-15 17:20:06","770248130","NO ANSWER","00:00:00","00:00:23","6","10",""
"2026-07-15 17:20:33","770248130","NO ANSWER","00:00:00","00:00:25","6","10",""
"2026-07-15 17:21:44","764794716","ANSWERED","00:00:24","00:00:06","6","10",""
"2026-07-15 17:26:30","764794716","ANSWERED","00:00:14","00:00:06","6","10",""
"2026-07-15 17:28:09","781922383","NO ANSWER","00:00:00","00:00:34","6","10",""
"2026-07-15 17:29:27","761818000","ANSWERED","00:00:10","00:00:05","6","10",""
"2026-07-15 17:30:11","711561944","ANSWERED","00:00:13","00:00:20","6","10",""
"2026-07-15 17:31:16","757944608","ANSWERED","00:00:21","00:00:07","6","10",""
"2026-07-15 17:32:20","702758910","ANSWERED","00:00:12","00:00:18","6","10",""
"2026-07-15 17:33:31","703855012","NO ANSWER","00:00:00","00:00:46","6","10",""
"2026-07-15 17:34:56","719350850","ANSWERED","00:00:13","00:00:22","6","10",""
"2026-07-15 17:36:02","769435603","ANSWERED","00:00:12","00:00:05","6","10",""
"2026-07-15 17:36:56","741518338","ANSWERED","00:00:19","00:00:08","6","10",""
"2026-07-15 17:37:59","752078748","ANSWERED","00:00:13","00:00:15","6","10",""
"2026-07-15 17:39:05","771156165","NO ANSWER","00:00:00","00:00:53","6","10",""
"2026-07-15 17:39:05","771156165","FAILED","00:00:00","00:00:00","2","10",""
"2026-07-15 17:42:41","752257878","ANSWERED","00:00:17","00:00:09","6","10",""
"2026-07-15 17:43:50","763099715","NO ANSWER","00:00:00","00:00:39","6","10",""
"2026-07-15 17:45:08","740672181","ANSWERED","00:00:32","00:00:07","6","10",""
"2026-07-15 17:46:41","776451011","ANSWERED","00:00:20","00:00:18","6","10",""
"2026-07-15 17:47:56","754046729","BUSY","00:00:00","00:00:08","6","10",""
"2026-07-15 17:47:56","754046729","FAILED","00:00:00","00:00:00","2","10",""
"2026-07-15 17:48:46","712045917","ANSWERED","00:00:14","00:00:20","6","10",""
"2026-07-15 17:49:51","777960156","ANSWERED","00:00:28","00:00:23","6","10",""
"2026-07-15 17:51:14","779446226","ANSWERED","00:00:32","00:00:18","6","10",""
"2026-07-15 17:52:35","716618308","NO ANSWER","00:00:00","00:00:26","6","10",""
"2026-07-15 17:53:30","707418202","NO ANSWER","00:00:00","00:00:39","6","10",""
"2026-07-15 17:55:14","702030386","ANSWERED","00:00:10","00:00:12","6","10",""
"2026-07-15 17:56:12","726850066","NO ANSWER","00:00:00","00:00:44","6","10",""
"2026-07-15 17:57:26","753937535","ANSWERED","00:00:14","00:00:14","6","10",""
"2026-07-15 17:58:34","769435603","ANSWERED","00:00:13","00:00:24","6","10",""
"2026-07-15 18:00:01","713065054","NO ANSWER","00:00:00","00:00:25","6","10",""
"2026-07-15 18:01:00","723732426","ANSWERED","00:00:39","00:00:18","6","10",""
"2026-07-16 10:29:30","0765449086","NO ANSWER","00:00:00","00:00:07","6","10",""
"2026-07-16 11:12:18","0710437184","NO ANSWER","00:00:00","00:00:04","6","10",""
"2026-07-16 11:29:41","777256832","BUSY","00:00:00","00:00:00","6","10",""
"2026-07-16 11:29:41","777256832","FAILED","00:00:00","00:00:00","2","10",""
"2026-07-16 11:30:12","777256832","ANSWERED","00:00:37","00:00:06","6","10",""
"2026-07-16 13:59:53","0755505096","NO ANSWER","00:00:00","00:00:02","6","10",""
"2026-07-16 15:40:38","0776541818","NO ANSWER","00:00:00","00:00:26","6","10",""
"2026-07-16 16:25:01","0711464494","ANSWERED","00:01:29","00:00:10","6","10",""
"2026-07-17 10:12:31","0725188933","NO ANSWER","00:00:00","00:00:05","6","10",""
"2026-07-17 10:26:58","725188933","ANSWERED","00:00:27","00:00:07","6","10",""
"2026-07-17 14:24:12","111","NO ANSWER","00:00:11","00:00:00","6","10",""
"2026-07-17 14:24:12","111","ANSWERED","00:00:00","00:00:00","2","10",""
"2026-07-17 16:22:03","779497303","ANSWERED","00:00:56","00:00:13","6","10",""
"2026-07-17 16:43:42","701125640","ANSWERED","00:00:28","00:00:16","6","10",""
"2026-07-17 16:45:10","777819867","ANSWERED","00:00:40","00:00:06","6","10",""
"2026-07-17 17:12:53","710734040","BUSY","00:00:00","00:00:36","6","10",""
"2026-07-17 17:12:53","710734040","FAILED","00:00:00","00:00:00","2","10",""
"2026-07-17 17:13:37","710734040","BUSY","00:00:00","00:00:36","6","10",""
"2026-07-17 17:13:37","710734040","FAILED","00:00:00","00:00:00","2","10",""
"2026-07-17 17:15:06","710734040","NO ANSWER","00:00:00","00:00:36","6","10",""
"2026-07-18 14:08:48","777206293","ANSWERED","00:01:48","00:00:11","6","10",""
"2026-07-18 14:54:23","757944608","ANSWERED","00:00:30","00:00:05","6","10",""
"2026-07-20 11:08:14","742947938","ANSWERED","00:00:31","00:00:15","6","10",""
"2026-07-20 11:49:55","769867087","NO ANSWER","00:00:00","00:00:53","6","10",""
"2026-07-20 11:49:55","769867087","FAILED","00:00:00","00:00:00","2","10",""
"2026-07-20 11:50:55","769867087","ANSWERED","00:00:29","00:00:25","6","10",""
"2026-07-20 13:42:57","771160028","ANSWERED","00:00:35","00:00:10","6","10",""
"2026-07-20 14:52:23","771757657","ANSWERED","00:01:16","00:00:47","6","10",""
"2026-07-20 15:59:51","765449086","ANSWERED","00:00:26","00:00:09","6","10",""
"2026-07-20 16:36:37","769120104","ANSWERED","00:03:11","00:00:21","6","10",""
"2026-07-21 12:45:43","755904093","BUSY","00:00:00","00:00:50","6","10",""
"2026-07-21 12:45:43","755904093","FAILED","00:00:00","00:00:00","2","10",""
"2026-07-21 12:46:52","0769278602","ANSWERED","00:02:41","00:00:14","6","10",""
"2026-07-21 12:48:02","755904093","BUSY","00:00:00","00:00:51","6","10",""
"2026-07-21 12:48:02","755904093","FAILED","00:00:00","00:00:00","2","10",""
"2026-07-21 13:12:49","0760665814","NO ANSWER","00:00:00","00:00:04","6","10",""
"2026-07-21 13:19:40","0760665814","NO ANSWER","00:00:00","00:00:00","6","10",""
"2026-07-21 13:20:28","0769278602","NO ANSWER","00:00:00","00:00:02","6","10",""
"2026-07-21 13:29:01","755904093","BUSY","00:00:00","00:00:50","6","10",""
"2026-07-21 13:29:01","755904093","FAILED","00:00:00","00:00:00","2","10",""
"2026-07-21 16:39:20","714722636","ANSWERED","00:01:07","00:00:10","6","10",""
"2026-07-22 09:08:16","0760665814","ANSWERED","00:00:10","00:00:04","6","10",""
"2026-07-22 10:12:42","0703584237","ANSWERED","00:00:42","00:00:20","6","10",""
"2026-07-22 10:55:41","0769028932","ANSWERED","00:01:02","00:00:15","6","10",""
"2026-07-22 11:01:13","0774895964","NO ANSWER","00:00:00","00:00:36","6","10",""
"2026-07-22 11:26:02","0703584237","ANSWERED","00:00:48","00:00:20","6","10",""
"2026-07-22 11:27:39","719423670","ANSWERED","00:00:35","00:00:12","6","10",""
"2026-07-22 11:38:42","0701816067","ANSWERED","00:00:59","00:00:24","6","10",""
"2026-07-22 11:40:24","712687448","ANSWERED","00:00:38","00:00:18","6","10",""
"2026-07-22 11:58:40","0712687448","NO ANSWER","00:00:00","00:00:01","6","10",""
"2026-07-22 11:58:40","0776489712","ANSWERED","00:00:08","00:00:11","6","10",""
"2026-07-22 11:58:40","0779042661","ANSWERED","00:00:10","00:00:11","6","10",""
"2026-07-22 12:04:37","0772576478","ANSWERED","00:01:03","00:00:08","6","10",""
"2026-07-22 12:56:30","781697657","BUSY","00:00:00","00:00:18","6","10",""
"2026-07-22 12:56:30","781697657","FAILED","00:00:00","00:00:00","2","10",""
"2026-07-22 12:56:58","781697657","BUSY","00:00:00","00:00:18","6","10",""
"2026-07-22 12:56:58","781697657","FAILED","00:00:00","00:00:00","2","10",""
"2026-07-22 13:21:51","0769028932","NO ANSWER","00:00:00","00:00:54","6","10",""
"2026-07-22 13:21:51","0769028932","FAILED","00:00:00","00:00:00","2","10",""
"2026-07-22 13:32:47","0761515830","ANSWERED","00:01:15","00:00:10","6","10",""
"2026-07-22 13:40:02","0769028932","NO ANSWER","00:00:00","00:00:30","6","10",""
"2026-07-22 13:50:43","755865630","NO ANSWER","00:00:00","00:00:27","6","10",""
"2026-07-22 13:51:15","755865630","ANSWERED","00:00:33","00:00:16","6","10",""
"2026-07-22 14:43:44","0774141606","ANSWERED","00:02:02","00:00:08","6","10",""
"2026-07-22 15:19:18","0769028932","NO ANSWER","00:00:00","00:00:28","6","10",""
"2026-07-22 15:19:51","0769028932","ANSWERED","00:01:14","00:00:04","6","10",""
"2026-07-22 15:30:14","0769028932","NO ANSWER","00:00:00","00:00:34","6","10",""
"2026-07-22 15:35:53","701011775","ANSWERED","00:01:01","00:00:17","6","10",""
"2026-07-22 16:19:03","0770261862","ANSWERED","00:01:05","00:00:11","6","10",""
"2026-07-22 17:34:43","0775568833","ANSWERED","00:01:04","00:00:13","6","10",""
"2026-07-22 17:40:04","0703584237","ANSWERED","00:00:40","00:00:20","6","10",""
"2026-07-23 09:34:50","0772142110","ANSWERED","00:01:15","00:00:09","6","10",""
"2026-07-23 12:07:35","94772126467","ANSWERED","00:00:49","00:00:09","6","10",""
"2026-07-23 13:28:31","715801154","ANSWERED","00:01:57","00:00:21","6","10",""
"2026-07-23 13:48:51","0764609304","BUSY","00:00:00","00:00:00","6","10",""
"2026-07-23 13:48:51","0764609304","FAILED","00:00:00","00:00:00","2","10",""
"2026-07-23 13:49:02","0764609304","ANSWERED","00:00:44","00:00:17","6","10",""
"2026-07-23 13:52:37","716565834","ANSWERED","00:00:26","00:00:05","6","10",""
"2026-07-23 15:13:19","768820428","ANSWERED","00:01:14","00:00:10","6","10",""
"2026-07-23 15:53:00","94753111541","ANSWERED","00:00:49","00:00:11","6","10",""
"2026-07-23 16:57:08","0775568833","ANSWERED","00:00:36","00:00:25","6","10",""
"2026-07-23 16:58:34","0754444292","ANSWERED","00:00:38","00:00:18","6","10",""
"2026-07-23 17:00:20","768141891","NO ANSWER","00:00:00","00:00:54","6","10",""
"2026-07-23 17:00:20","768141891","FAILED","00:00:00","00:00:00","2","10",""
"2026-07-23 17:07:13","0764609304","ANSWERED","00:00:50","00:00:18","6","10",""
"2026-07-23 17:11:07","756051996","ANSWERED","00:00:23","00:00:04","6","10",""
"2026-07-23 17:11:49","0771126255","NO ANSWER","00:00:00","00:00:36","6","10",""
"2026-07-24 08:50:12","0721352314","NO ANSWER","00:00:00","00:00:06","6","10",""
"2026-07-24 11:03:39","0760665814","ANSWERED","00:00:31","00:00:07","6","10",""
"2026-07-25 12:01:36","0777672615","BUSY","00:00:00","00:00:09","6","10",""
"2026-07-25 12:01:36","0777672615","FAILED","00:00:00","00:00:00","2","10",""
"2026-07-25 12:01:58","0777672615","BUSY","00:00:00","00:00:09","6","10",""
"2026-07-25 12:01:58","0777672615","FAILED","00:00:00","00:00:00","2","10",""
"2026-07-25 14:06:35","0769028932","BUSY","00:00:00","00:00:50","6","10",""
"2026-07-25 14:06:35","0769028932","FAILED","00:00:00","00:00:00","2","10",""
"2026-07-25 15:05:08","753111541","BUSY","00:00:00","00:00:37","6","10",""
"2026-07-25 15:05:08","753111541","FAILED","00:00:00","00:00:00","2","10",""
"2026-07-27 12:44:59","0741105110","ANSWERED","00:01:28","00:00:15","6","10",""
"2026-07-27 13:55:50","0769028932","NO ANSWER","00:00:00","00:00:54","6","10",""
"2026-07-27 13:55:50","0769028932","FAILED","00:00:00","00:00:00","2","10",""
"2026-07-27 15:13:13","0741568583","ANSWERED","00:01:44","00:00:31","6","10",""
"2026-07-28 09:27:24","07728264499","NO ANSWER","00:00:00","00:00:11","6","10",""
"2026-07-28 09:27:24","07728264499","FAILED","00:00:00","00:00:00","2","10",""
"2026-07-28 10:05:13","0787369065","ANSWERED","00:00:43","00:00:09","6","10",""
"2026-07-28 10:29:12","0775181263","ANSWERED","00:00:56","00:00:33","6","10",""
"2026-07-28 11:15:23","762571238","ANSWERED","00:00:42","00:00:06","6","10",""
"2026-07-28 11:25:46","0764609304","ANSWERED","00:01:14","00:00:10","6","10",""
"2026-07-28 12:52:44","0778094688","NO ANSWER","00:00:00","00:00:03","6","10",""
"2026-07-28 12:53:45","0778094688","BUSY","00:00:00","00:00:22","6","10",""
"2026-07-28 12:53:45","0778094688","FAILED","00:00:00","00:00:00","2","10",""
"2026-07-28 15:20:38","0778094688","ANSWERED","00:01:32","00:00:14","6","10",""
"2026-07-28 15:34:25","0769028932","NO ANSWER","00:00:00","00:00:54","6","10",""
"2026-07-28 15:34:25","0769028932","FAILED","00:00:00","00:00:00","2","10",""
"2026-07-30 10:09:44","940760806763","NO ANSWER","00:00:00","00:00:08","6","10",""
"2026-07-30 10:09:44","940760806763","FAILED","00:00:00","00:00:00","2","10",""
"2026-07-30 10:15:29","0760806763","ANSWERED","00:01:31","00:00:14","6","10",""
"2026-07-30 10:38:06","0701816067","ANSWERED","00:01:29","00:00:25","6","10",""
"2026-07-30 11:49:59","0761365447","ANSWERED","00:00:45","00:00:23","6","10",""
"2026-07-30 12:40:44","0752492103","ANSWERED","00:01:27","00:00:17","6","10",""
"2026-07-30 13:54:17","765453613","ANSWERED","00:02:01","00:00:37","6","10",""
"2026-07-30 14:01:44","777487271","ANSWERED","00:01:03","00:00:17","6","10",""
"2026-07-30 14:14:06","7638099291","NO ANSWER","00:00:00","00:00:11","6","10",""
"2026-07-30 14:14:06","7638099291","FAILED","00:00:00","00:00:00","2","10",""
"2026-07-30 14:19:42","0769988295","NO ANSWER","00:00:00","00:00:53","6","10",""
"2026-07-30 14:25:56","765813669","NO ANSWER","00:00:00","00:00:29","6","10",""
"2026-07-30 14:36:17","765813669","BUSY","00:00:00","00:00:52","6","10",""
"2026-07-30 14:36:17","765813669","FAILED","00:00:00","00:00:00","2","10",""
"2026-07-30 14:42:48","0775568833","NO ANSWER","00:00:00","00:00:53","6","10",""
"2026-07-30 14:42:48","0775568833","FAILED","00:00:00","00:00:00","2","10",""
"2026-07-30 14:58:30","760973202","BUSY","00:00:00","00:00:10","6","10",""
"2026-07-30 14:58:30","760973202","FAILED","00:00:00","00:00:00","2","10",""
"2026-07-30 14:59:01","0760973202","ANSWERED","00:01:16","00:00:11","6","10",""
"2026-07-30 15:02:18","0778931708","ANSWERED","00:01:27","00:00:19","6","10",""
"2026-07-30 15:06:32","0701818987","BUSY","00:00:00","00:00:23","6","10",""
"2026-07-30 15:06:32","0701818987","FAILED","00:00:00","00:00:00","2","10",""
"2026-07-30 15:17:34","0712585507","ANSWERED","00:01:40","00:00:47","6","10",""
"2026-07-30 15:21:49","0777119380","ANSWERED","00:00:53","00:00:12","6","10",""
"2026-07-30 15:24:29","0768117343","ANSWERED","00:01:42","00:00:11","6","10",""
"2026-07-30 15:28:31","0778460902","ANSWERED","00:01:54","00:00:12","6","10",""
"2026-07-30 15:38:38","771800388","BUSY","00:00:00","00:00:20","6","10",""
"2026-07-30 15:38:38","771800388","FAILED","00:00:00","00:00:00","2","10",""
"2026-07-30 15:48:23","0771800388","NO ANSWER","00:00:00","00:00:08","6","10",""
"2026-07-31 10:00:20","0761365447","NO ANSWER","00:00:00","00:00:54","6","10",""
"2026-07-31 10:00:20","0761365447","FAILED","00:00:00","00:00:00","2","10",""
"2026-07-31 11:14:48","7638099291","NO ANSWER","00:00:00","00:00:11","6","10",""
"2026-07-31 11:14:48","7638099291","FAILED","00:00:00","00:00:00","2","10",""
"2026-07-31 11:18:09","0761365447","ANSWERED","00:00:35","00:00:08","6","10",""
"2026-07-31 11:19:53","0760665814","NO ANSWER","00:00:00","00:00:06","6","10",""
"2026-07-31 11:20:09","0761365447","ANSWERED","00:00:36","00:00:39","6","10",""
"2026-07-31 11:27:39","0701816067","ANSWERED","00:01:00","00:00:19","6","10",""
"2026-07-31 11:29:13","0701816067","NO ANSWER","00:00:00","00:00:30","6","10",""
"2026-07-31 12:18:26","0761365447","ANSWERED","00:01:16","00:00:16","6","10",""
"2026-07-31 12:46:22","0757096071","NO ANSWER","00:00:00","00:00:12","6","10",""
"2026-07-31 14:15:52","0757096071","ANSWERED","00:01:05","00:00:22","6","10",""
"2026-07-31 14:55:16","0757096071","NO ANSWER","00:00:00","00:00:07","6","10",""
"2026-07-31 14:55:41","0785103366","BUSY","00:00:00","00:00:21","6","10",""
"2026-07-31 14:55:41","0785103366","FAILED","00:00:00","00:00:00","2","10",""
"2026-07-31 15:42:25","0783764536","NO ANSWER","00:00:00","00:00:10","6","10",""
"2026-07-31 17:43:52","0703584237","BUSY","00:00:00","00:00:11","6","10",""
"2026-07-31 17:43:52","0703584237","FAILED","00:00:00","00:00:00","2","10",""
"2026-08-01 09:27:25","0761365447","ANSWERED","00:01:02","00:00:10","6","10",""
"2026-08-01 10:30:47","0769028932","NO ANSWER","00:00:00","00:00:53","6","10",""
"2026-08-01 10:30:47","0769028932","FAILED","00:00:00","00:00:00","2","10",""
"2026-08-01 10:57:39","0769028932","NO ANSWER","00:00:00","00:00:54","6","10",""
"2026-08-01 10:57:39","0769028932","FAILED","00:00:00","00:00:00","2","10",""
"2026-08-01 11:27:02","0757096071","NO ANSWER","00:00:00","00:00:05","6","10",""
"2026-08-01 11:43:47","0761365447","NO ANSWER","00:00:00","00:00:53","6","10",""
"2026-08-01 11:43:47","0761365447","FAILED","00:00:00","00:00:00","2","10",""
"2026-08-01 12:33:45","0769225378","ANSWERED","00:00:34","00:00:13","6","10",""
"2026-08-01 13:10:50","0769225378","ANSWERED","00:01:52","00:00:05","6","10",""
"2026-08-01 16:03:21","0765669748","ANSWERED","00:01:15","00:00:23","6","10",""
"2026-08-03 09:41:18","0764609304","BUSY","00:00:00","00:00:35","6","10",""
"2026-08-03 09:41:18","0764609304","FAILED","00:00:00","00:00:00","2","10",""
"2026-08-03 09:58:23","0765669748","ANSWERED","00:02:25","00:00:27","6","10",""
"2026-08-03 10:51:35","0757096071","ANSWERED","00:00:51","00:00:16","6","10",""
"2026-08-03 12:21:28","0761365447","ANSWERED","00:02:54","00:00:06","6","10",""
"2026-08-03 12:57:22","0777634118","ANSWERED","00:02:27","00:00:17","6","10",""
"2026-08-04 10:05:50","0761365447","BUSY","00:00:00","00:00:06","6","10",""
"2026-08-04 10:05:50","0761365447","FAILED","00:00:00","00:00:00","2","10",""
"2026-08-04 10:40:37","0764609304","ANSWERED","00:01:10","00:00:14","6","10",""
"2026-08-04 11:34:18","0761365447","ANSWERED","00:01:42","00:00:38","6","10",""
"2026-08-04 12:01:16","0760590537","ANSWERED","00:00:42","00:00:03","6","10",""
"2026-08-04 14:44:46","0761365447","ANSWERED","00:02:03","00:00:15","6","10",""
"2026-08-04 15:14:09","0777333754","ANSWERED","00:01:41","00:00:26","6","10",""
"2026-08-04 15:16:45","0714823534","ANSWERED","00:01:45","00:00:10","6","10",""
"2026-08-04 17:01:30","0764609304","NO ANSWER","00:00:00","00:00:35","6","10",""
"2026-08-05 09:54:11","0774859781","BUSY","00:00:00","00:00:07","6","10",""
"2026-08-05 09:54:11","0774859781","FAILED","00:00:00","00:00:00","2","10",""
"2026-08-05 09:54:34","0774859781","BUSY","00:00:00","00:00:04","6","10",""
"2026-08-05 09:54:34","0774859781","FAILED","00:00:00","00:00:00","2","10",""
"2026-08-05 10:12:40","0774859781","NO ANSWER","00:00:00","00:00:53","6","10",""
"2026-08-05 10:12:40","0774859781","FAILED","00:00:00","00:00:00","2","10",""
"2026-08-05 11:41:19","0770739063","NO ANSWER","00:00:00","00:00:54","6","10",""
"2026-08-05 11:41:19","0770739063","FAILED","00:00:00","00:00:00","2","10",""
"2026-08-05 13:52:52","0779317245","ANSWERED","00:01:12","00:00:10","6","10",""
"2026-08-06 09:16:23","0760665814","ANSWERED","00:00:06","00:00:06","6","10",""
"2026-08-06 11:34:27","0761365447","BUSY","00:00:00","00:00:00","6","10",""
"2026-08-06 11:34:27","0761365447","FAILED","00:00:00","00:00:00","2","10",""
"2026-08-06 11:34:40","0761365447","BUSY","00:00:00","00:00:00","6","10",""
"2026-08-06 11:34:40","0761365447","FAILED","00:00:00","00:00:00","2","10",""
"2026-08-06 14:00:28","0760665814","NO ANSWER","00:00:00","00:00:03","6","10",""
"2026-08-06 14:32:40","0764609304","NO ANSWER","00:00:00","00:00:53","6","10",""
"2026-08-06 14:32:40","0764609304","FAILED","00:00:00","00:00:00","2","10",""
"2026-08-06 15:22:17","0710935666","BUSY","00:00:00","00:00:50","6","10",""
"2026-08-06 15:22:17","0710935666","FAILED","00:00:00","00:00:00","2","10",""
"2026-08-06 15:31:55","0710443376","ANSWERED","00:01:41","00:00:11","6","10",""
"2026-08-06 15:34:49","0761284694","ANSWERED","00:02:39","00:00:10","6","10",""
"2026-08-06 16:26:45","0769028932","NO ANSWER","00:00:00","00:00:53","6","10",""
"2026-08-06 16:26:45","0769028932","FAILED","00:00:00","00:00:00","2","10",""
"2026-08-06 16:38:54","0761365447","BUSY","00:00:00","00:00:08","6","10",""
"2026-08-06 16:38:54","0761365447","FAILED","00:00:00","00:00:00","2","10",""
"2026-08-06 16:50:15","0761365447","NO ANSWER","00:00:00","00:00:28","6","10",""
"2026-08-06 17:13:33","07728264499","NO ANSWER","00:00:00","00:00:11","6","10",""
"2026-08-06 17:13:33","07728264499","FAILED","00:00:00","00:00:00","2","10",""
"2026-08-06 17:29:09","0764609304","NO ANSWER","00:00:00","00:00:53","6","10",""
"2026-08-06 17:29:09","0764609304","FAILED","00:00:00","00:00:00","2","10",""
"2026-08-07 09:31:05","0764609304","NO ANSWER","00:00:00","00:00:53","6","10",""
"2026-08-07 09:31:05","0764609304","FAILED","00:00:00","00:00:00","2","10",""
"2026-08-07 09:41:33","0761365447","NO ANSWER","00:00:00","00:00:29","6","10",""
"2026-08-07 10:04:18","0776033685","NO ANSWER","00:00:00","00:00:54","6","10",""
"2026-08-07 10:04:18","0776033685","FAILED","00:00:00","00:00:00","2","10",""
"2026-08-07 10:59:26","07638099291","NO ANSWER","00:00:00","00:00:11","6","10",""
"2026-08-07 10:59:26","07638099291","FAILED","00:00:00","00:00:00","2","10",""
"2026-08-07 11:04:19","0776033685","NO ANSWER","00:00:00","00:00:54","6","10",""
"2026-08-07 11:04:19","0776033685","FAILED","00:00:00","00:00:00","2","10",""
"2026-08-07 11:38:22","0761365447","NO ANSWER","00:00:00","00:00:23","6","10",""
"2026-08-07 11:38:22","0761365447","FAILED","00:00:00","00:00:00","2","10",""
"2026-08-07 12:00:50","0766653015","BUSY","00:00:00","00:00:38","6","10",""
"2026-08-07 12:00:50","0766653015","FAILED","00:00:00","00:00:00","2","10",""
"2026-08-07 14:15:37","0764609304","ANSWERED","00:00:44","00:00:21","6","10",""
"2026-08-07 17:21:58","0761365447","NO ANSWER","00:00:00","00:00:28","6","10",""
"2026-08-07 17:23:50","0778033725","NO ANSWER","00:00:00","00:00:01","6","10",""
"2026-08-08 09:50:34","0710405872","ANSWERED","00:01:00","00:00:12","6","10",""
"2026-08-08 10:07:25","0772646458","ANSWERED","00:02:20","00:00:05","6","10",""
"2026-08-08 10:12:11","286002881","NO ANSWER","00:00:00","00:00:11","6","10",""
"2026-08-08 10:12:11","286002881","FAILED","00:00:00","00:00:00","2","10",""
"2026-08-08 10:32:11","0705178200","NO ANSWER","00:00:00","00:00:32","6","10",""
"2026-08-08 10:49:01","771370929","NO ANSWER","00:00:00","00:00:19","6","10",""
"2026-08-08 10:49:29","769846612","BUSY","00:00:00","00:00:20","6","10",""
"2026-08-08 10:49:29","769846612","FAILED","00:00:00","00:00:00","2","10",""
"2026-08-08 11:34:48","773403798","ANSWERED","00:00:24","00:00:12","6","10",""
"2026-08-08 11:38:33","773403798","ANSWERED","00:01:33","00:00:10","6","10",""
"2026-08-08 11:44:51","729366098","ANSWERED","00:02:09","00:00:15","6","10",""
"2026-08-08 11:48:01","715178281","ANSWERED","00:00:25","00:00:21","6","10",""
"2026-08-08 11:49:07","777386825","ANSWERED","00:00:53","00:00:07","6","10",""
"2026-08-08 11:50:37","772485650","ANSWERED","00:01:42","00:00:12","6","10",""
"2026-08-08 11:52:49","772286272","ANSWERED","00:01:33","00:00:13","6","10",""
"2026-08-08 11:55:43","774206060","ANSWERED","00:01:59","00:00:11","6","10",""
"2026-08-08 11:58:27","772485650","ANSWERED","00:01:55","00:00:15","6","10",""
"2026-08-08 12:00:41","772485650","NO ANSWER","00:00:00","00:00:46","6","10",""
"2026-08-08 12:01:32","772485650","NO ANSWER","00:00:00","00:00:37","6","10",""
"2026-08-08 12:02:25","716573164","ANSWERED","00:00:45","00:00:16","6","10",""
"2026-08-08 12:09:52","716573164","ANSWERED","00:00:53","00:00:16","6","10",""
"2026-08-08 12:12:34","758914017","BUSY","00:00:00","00:00:20","6","10",""
"2026-08-08 12:12:34","758914017","FAILED","00:00:00","00:00:00","2","10",""
"2026-08-08 12:13:10","764080522","ANSWERED","00:01:14","00:00:14","6","10",""
"2026-08-08 12:16:29","761760421","ANSWERED","00:01:15","00:00:11","6","10",""
"2026-08-08 12:22:02","771892463","CONGESTION","00:00:00","00:00:23","6","10",""
"2026-08-08 12:22:02","771892463","FAILED","00:00:00","00:00:00","2","10",""
"2026-08-08 12:37:03","771892463","ANSWERED","00:01:09","00:00:06","6","10",""
"2026-08-08 12:40:57","779863717","NO ANSWER","00:00:00","00:00:54","6","10",""
"2026-08-08 12:40:57","779863717","FAILED","00:00:00","00:00:00","2","10",""
"2026-08-08 12:45:42","778372313","ANSWERED","00:00:09","00:00:37","6","10",""
"2026-08-08 12:48:52","778372313","ANSWERED","00:00:47","00:00:22","6","10",""
"2026-08-08 12:50:27","774345234","ANSWERED","00:01:20","00:00:10","6","10",""
"2026-08-08 12:52:30","773439961","ANSWERED","00:00:43","00:00:14","6","10",""
"2026-08-08 12:54:36","776279609","ANSWERED","00:01:33","00:00:32","6","10",""
"2026-08-08 13:03:20","717147255","ANSWERED","00:00:43","00:00:15","6","10",""
"2026-08-08 13:04:45","707868588","ANSWERED","00:02:44","00:00:16","6","10",""
"2026-08-08 13:08:20","777921161","ANSWERED","00:00:36","00:00:27","6","10",""
"2026-08-08 13:13:51","779707333","ANSWERED","00:01:19","00:00:06","6","10",""
"2026-08-08 13:25:54","769932319","ANSWERED","00:02:54","00:00:12","6","10",""
"2026-08-08 13:30:57","717714881","ANSWERED","00:01:02","00:00:10","6","10",""
"2026-08-08 13:38:27","743215858","NO ANSWER","00:00:00","00:00:50","6","10",""
"2026-08-08 13:39:39","743215858","ANSWERED","00:00:22","00:00:11","6","10",""
"2026-08-08 13:40:31","778686986","ANSWERED","00:01:12","00:00:21","6","10",""
"2026-08-08 13:42:44","777337284","NO ANSWER","00:00:00","00:00:53","6","10",""
"2026-08-08 13:42:44","777337284","FAILED","00:00:00","00:00:00","2","10",""
"2026-08-08 14:35:10","769833397","ANSWERED","00:01:35","00:00:14","6","10",""
"2026-08-08 14:37:53","771138898","NO ANSWER","00:00:00","00:00:54","6","10",""
"2026-08-08 14:40:15","703346561","ANSWERED","00:01:03","00:00:15","6","10",""
"2026-08-08 14:42:16","777872766","NO ANSWER","00:00:00","00:00:49","6","10",""
"2026-08-08 14:43:19","718320968","ANSWERED","00:01:18","00:00:08","6","10",""
"2026-08-08 14:45:00","753231215","ANSWERED","00:01:06","00:00:05","6","10",""
"2026-08-08 14:46:32","717101296","ANSWERED","00:01:00","00:00:20","6","10",""
"2026-08-08 14:48:07","779337768","NO ANSWER","00:00:00","00:00:13","6","10",""
"2026-08-08 14:48:53","769932319","ANSWERED","00:00:54","00:00:07","6","10",""
"2026-08-08 14:50:05","781262785","ANSWERED","00:01:05","00:00:18","6","10",""
"2026-08-08 14:51:44","771110658","ANSWERED","00:01:06","00:00:15","6","10",""
"2026-08-08 14:55:42","716411514","ANSWERED","00:01:40","00:00:40","6","10",""
"2026-08-08 14:58:28","705647150","NO ANSWER","00:00:00","00:00:41","6","10",""
"2026-08-08 14:59:21","762399729","BUSY","00:00:00","00:00:00","6","10",""
"2026-08-08 14:59:21","762399729","FAILED","00:00:00","00:00:00","2","10",""
"2026-08-08 14:59:38","702672587","ANSWERED","00:00:47","00:00:31","6","10",""
"2026-08-08 15:01:38","759391718","ANSWERED","00:01:49","00:00:10","6","10",""
"2026-08-08 15:04:06","704652007","BUSY","00:00:00","00:00:49","6","10",""
"2026-08-08 15:04:06","704652007","FAILED","00:00:00","00:00:00","2","10",""
"2026-08-08 15:05:13","760987336","ANSWERED","00:00:09","00:00:16","6","10",""
"2026-08-08 15:07:13","718026039","ANSWERED","00:01:15","00:00:22","6","10",""
"2026-08-08 15:09:48","777803109","NO ANSWER","00:00:00","00:00:54","6","10",""
"2026-08-08 15:09:48","777803109","FAILED","00:00:00","00:00:00","2","10",""
"2026-08-08 15:11:19","729656477","ANSWERED","00:01:09","00:00:18","6","10",""
"2026-08-08 15:17:25","751832510","ANSWERED","00:02:53","00:00:30","6","10",""
"2026-08-08 15:23:29","769154837","NO ANSWER","00:00:00","00:00:37","6","10",""
"2026-08-08 15:24:20","769154837","ANSWERED","00:00:58","00:00:06","6","10",""
"2026-08-08 15:26:24","762571238","ANSWERED","00:03:21","00:00:11","6","10",""
"2026-08-08 15:33:02","742250210","ANSWERED","00:00:33","00:00:15","6","10",""
"2026-08-08 15:34:15","742250210","NO ANSWER","00:00:00","00:00:38","6","10",""
"2026-08-08 15:35:34","772196202","ANSWERED","00:01:09","00:00:08","6","10",""
"2026-08-08 15:38:17","726102030","ANSWERED","00:01:03","00:00:12","6","10",""
"2026-08-08 15:40:02","783491673","ANSWERED","00:01:34","00:00:15","6","10",""
"2026-08-08 15:42:20","764981911","ANSWERED","00:01:21","00:00:09","6","10",""
"2026-08-08 15:44:22","711714518","NO ANSWER","00:00:00","00:00:59","6","10",""
"2026-08-08 15:45:38","720678373","ANSWERED","00:01:02","00:00:09","6","10",""
"2026-08-08 15:47:28","717147255","BUSY","00:00:00","00:00:49","6","10",""
"2026-08-08 15:47:28","717147255","FAILED","00:00:00","00:00:00","2","10",""
"2026-08-08 15:48:56","770805151","ANSWERED","00:01:09","00:00:27","6","10",""
"2026-08-08 15:50:48","764455060","ANSWERED","00:00:46","00:00:18","6","10",""
"2026-08-08 15:52:27","719636126","ANSWERED","00:00:55","00:00:12","6","10",""
"2026-08-08 15:53:56","726595574","BUSY","00:00:00","00:00:47","6","10",""
"2026-08-08 15:53:56","726595574","FAILED","00:00:00","00:00:00","2","10",""
"2026-08-08 15:55:02","771256195","ANSWERED","00:00:51","00:00:15","6","10",""
"2026-08-08 15:56:28","784630490","ANSWERED","00:01:11","00:00:23","6","10",""
"2026-08-08 15:58:22","711408448","BUSY","00:00:00","00:00:50","6","10",""
"2026-08-08 15:58:22","711408448","FAILED","00:00:00","00:00:00","2","10",""
"2026-08-08 15:59:28","750648349","ANSWERED","00:00:46","00:00:12","6","10",""
"2026-08-08 16:02:05","763933586","ANSWERED","00:01:17","00:00:24","6","10",""
"2026-08-08 16:04:56","760144395","BUSY","00:00:00","00:00:11","6","10",""
"2026-08-08 16:04:56","760144395","FAILED","00:00:00","00:00:00","2","10",""
"2026-08-08 16:06:31","774432816","ANSWERED","00:01:00","00:00:21","6","10",""
"2026-08-08 16:08:14","767495162","NO ANSWER","00:00:00","00:00:41","6","10",""
"2026-08-08 16:09:15","760795092","ANSWERED","00:01:03","00:00:30","6","10",""
"2026-08-08 16:16:27","767908272","ANSWERED","00:01:56","00:00:10","6","10",""
"2026-08-08 16:19:11","768087204","NO ANSWER","00:00:00","00:00:13","6","10",""
"2026-08-08 16:23:14","741739045","NO ANSWER","00:00:00","00:00:46","6","10",""
"2026-08-08 16:25:25","755113296","NO ANSWER","00:00:00","00:00:00","6","10",""
"2026-08-08 16:25:31","755113296","NO ANSWER","00:00:00","00:00:33","6","10",""
"2026-08-08 16:26:29","775666446","ANSWERED","00:00:59","00:00:10","6","10",""
"2026-08-08 16:28:09","771530779","ANSWERED","00:07:00","00:00:03","6","10",""
"2026-08-08 16:44:14","715885820","ANSWERED","00:00:46","00:00:16","6","10",""
"2026-08-08 16:45:35","757030552","NO ANSWER","00:00:00","00:00:54","6","10",""
"2026-08-08 16:45:35","757030552","FAILED","00:00:00","00:00:00","2","10",""
"2026-08-08 16:52:14","718005392","ANSWERED","00:00:41","00:00:16","6","10",""
"2026-08-08 16:53:33","778329340","BUSY","00:00:00","00:00:15","6","10",""
"2026-08-08 16:53:33","778329340","FAILED","00:00:00","00:00:00","2","10",""
"2026-08-08 16:54:52","777387650","ANSWERED","00:00:44","00:00:14","6","10",""
"2026-08-08 16:56:14","773902424","NO ANSWER","00:00:00","00:00:46","6","10",""
"2026-08-08 16:57:12","777309858","ANSWERED","00:00:56","00:00:38","6","10",""
"2026-08-08 17:06:55","773209700","BUSY","00:00:00","00:00:50","6","10",""
"2026-08-08 17:06:55","773209700","FAILED","00:00:00","00:00:00","2","10",""
"2026-08-08 17:14:34","765944713","BUSY","00:00:00","00:00:42","6","10",""
"2026-08-08 17:14:34","765944713","FAILED","00:00:00","00:00:00","2","10",""
"2026-08-08 17:15:29","774996434","ANSWERED","00:00:08","00:00:16","6","10",""
"2026-08-08 17:18:23","774996434","ANSWERED","00:01:42","00:00:15","6","10",""
"2026-08-08 17:20:56","714662772","ANSWERED","00:01:16","00:00:23","6","10",""
"2026-08-08 17:22:52","706926228","ANSWERED","00:01:10","00:00:14","6","10",""
"2026-08-08 17:24:41","771098204","ANSWERED","00:00:53","00:00:21","6","10",""
"2026-08-08 17:29:59","768228179","ANSWERED","00:00:42","00:00:17","6","10",""
"2026-08-08 17:31:13","715804824","BUSY","00:00:00","00:00:54","6","10",""
"2026-08-08 17:31:13","715804824","FAILED","00:00:00","00:00:00","2","10",""
"2026-08-08 17:32:22","760795092","ANSWERED","00:00:44","00:00:32","6","10",""
"2026-08-08 17:41:19","702355704","ANSWERED","00:00:35","00:00:25","6","10",""
"2026-08-08 17:42:31","772789217","ANSWERED","00:00:38","00:00:12","6","10",""
"2026-08-08 17:43:27","772789217","ANSWERED","00:01:00","00:00:03","6","10",""
"2026-08-08 17:45:16","705579139","NO ANSWER","00:00:00","00:00:03","6","10",""
"2026-08-08 17:45:51","766051053","NO ANSWER","00:00:00","00:00:53","6","10",""
"2026-08-08 17:45:51","766051053","FAILED","00:00:00","00:00:00","2","10",""
"2026-08-08 17:47:06","711015012","ANSWERED","00:01:41","00:00:09","6","10",""
"2026-08-08 17:53:17","773427548","ANSWERED","00:02:13","00:00:11","6","10",""
"2026-08-11 09:28:51","0769868299","ANSWERED","00:00:20","00:00:06","6","10",""
"2026-08-11 09:35:15","0766589987","BUSY","00:00:00","00:00:00","6","10",""
"2026-08-11 09:35:15","0766589987","FAILED","00:00:00","00:00:00","2","10",""
"2026-08-11 09:35:24","0766589987","BUSY","00:00:00","00:00:00","6","10",""
"2026-08-11 09:35:24","0766589987","FAILED","00:00:00","00:00:00","2","10",""
"2026-08-11 09:36:00","0766589987","ANSWERED","00:00:21","00:00:28","6","10",""
"2026-08-11 10:43:36","710935666","ANSWERED","00:00:03","00:00:12","6","10",""
"2026-08-11 10:55:06","0762862378","ANSWERED","00:00:52","00:00:33","6","10",""
"2026-08-11 11:15:48","769028932","ANSWERED","00:00:56","00:00:06","6","10",""
"2026-08-11 11:51:16","762113777","NO ANSWER","00:00:00","00:01:06","6","10",""
"2026-08-11 13:00:44","769824926","NO ANSWER","00:00:00","00:00:43","6","10",""
"2026-08-11 13:19:38","773945220","NO ANSWER","00:00:00","00:00:53","6","10",""
"2026-08-11 14:38:52","741424650","NO ANSWER","00:00:00","00:00:55","6","10",""
"2026-08-11 14:47:21","0703672330","BUSY","00:00:00","00:00:18","6","10",""
"2026-08-11 14:47:21","0703672330","FAILED","00:00:00","00:00:00","2","10",""
"2026-08-11 14:48:25","286001750","NO ANSWER","00:00:00","00:00:11","6","10",""
"2026-08-11 14:48:25","286001750","FAILED","00:00:00","00:00:00","2","10",""
"2026-08-11 14:55:22","0758308747","ANSWERED","00:01:44","00:00:18","6","10",""
"2026-08-11 14:59:22","777540367","ANSWERED","00:02:56","00:00:10","6","10",""
"2026-08-11 15:04:02","769824926","ANSWERED","00:00:38","00:00:22","6","10",""
"2026-08-11 15:24:31","0704208243","ANSWERED","00:02:33","00:00:21","6","10",""
"2026-08-11 15:27:38","769028932","ANSWERED","00:00:14","00:00:10","6","10",""
"2026-08-11 15:38:18","788127065","ANSWERED","00:01:50","00:00:18","6","10",""
"2026-08-11 15:51:20","767478437","ANSWERED","00:03:46","00:00:11","6","10",""
"2026-08-11 15:59:25","0117605500","ANSWERED","00:00:18","00:00:31","6","10",""
"2026-08-11 16:22:31","762211100","NO ANSWER","00:00:00","00:00:11","6","10",""
"2026-08-11 16:22:51","762211100","ANSWERED","00:01:04","00:00:05","6","10",""
"2026-08-11 16:54:38","778348950","ANSWERED","00:03:30","00:00:07","6","10",""
"2026-08-11 16:58:24","750198196","ANSWERED","00:01:59","00:00:12","6","10",""
"2026-08-11 17:01:06","750198196","NO ANSWER","00:00:00","00:00:14","6","10",""
"2026-08-11 17:01:37","752991531","ANSWERED","00:01:24","00:00:12","6","10",""
"2026-08-11 17:08:57","779301760","ANSWERED","00:00:47","00:00:13","6","10",""
"2026-08-11 17:11:56","775829586","NO ANSWER","00:00:00","00:00:54","6","10",""
"2026-08-11 17:11:56","775829586","FAILED","00:00:00","00:00:00","2","10",""
"2026-08-11 17:13:18","718322748","ANSWERED","00:01:00","00:00:23","6","10",""
"2026-08-11 17:15:23","777773475","NO ANSWER","00:00:00","00:00:00","6","10",""
"2026-08-11 17:15:31","777773475","ANSWERED","00:03:26","00:00:38","6","10",""
"2026-08-11 17:21:57","702701550","ANSWERED","00:00:58","00:00:09","6","10",""
"2026-08-11 17:24:23","771072327","NO ANSWER","00:00:00","00:00:36","6","10",""
"2026-08-11 17:27:43","771072327","ANSWERED","00:00:37","00:00:25","6","10",""
"2026-08-11 17:29:00","775776549","NO ANSWER","00:00:00","00:00:39","6","10",""
"2026-08-11 17:30:33","702633866","ANSWERED","00:00:41","00:00:18","6","10",""
"2026-08-12 09:44:18","776775942","ANSWERED","00:00:47","00:00:10","6","10",""
"2026-08-12 09:45:25","776775942","NO ANSWER","00:00:00","00:00:28","6","10",""
"2026-08-12 09:46:16","703000751","ANSWERED","00:01:00","00:00:15","6","10",""
"2026-08-12 09:50:09","718033783","ANSWERED","00:00:23","00:00:29","6","10",""
"2026-08-12 09:52:27","718033783","ANSWERED","00:01:13","00:00:12","6","10",""
"2026-08-12 10:08:53","727782588","ANSWERED","00:02:13","00:00:21","6","10",""
"2026-08-12 10:18:06","775217777","ANSWERED","00:02:09","00:00:11","6","10",""
"2026-08-12 10:23:35","767265523","ANSWERED","00:01:45","00:00:23","6","10",""
"2026-08-12 10:26:45","721999729","ANSWERED","00:01:20","00:00:12","6","10",""
"2026-08-12 10:28:45","715463673","ANSWERED","00:01:32","00:00:12","6","10",""
"2026-08-12 10:33:38","764637329","NO ANSWER","00:00:00","00:01:00","6","10",""
"2026-08-12 11:00:41","718515105","BUSY","00:00:00","00:00:53","6","10",""
"2026-08-12 11:00:41","718515105","FAILED","00:00:00","00:00:00","2","10",""
"2026-08-12 11:14:52","775781778","ANSWERED","00:00:47","00:00:15","6","10",""
"2026-08-12 11:23:06","760705591","ANSWERED","00:00:56","00:00:34","6","10",""
"2026-08-12 11:25:06","773143111","ANSWERED","00:00:19","00:00:12","6","10",""
"2026-08-12 11:37:37","711599400","ANSWERED","00:01:02","00:00:14","6","10",""
"2026-08-12 11:39:09","761287035","NO ANSWER","00:00:00","00:00:29","6","10",""
"2026-08-12 11:39:50","703143679","BUSY","00:00:00","00:00:54","6","10",""
"2026-08-12 11:39:50","703143679","FAILED","00:00:00","00:00:00","2","10",""
"2026-08-12 11:41:23","703143679","NO ANSWER","00:00:00","00:00:08","6","10",""
"2026-08-12 11:41:35","703143679","BUSY","00:00:00","00:00:54","6","10",""
"2026-08-12 11:41:35","703143679","FAILED","00:00:00","00:00:00","2","10",""
"2026-08-12 11:44:52","773408670","ANSWERED","00:00:56","00:00:05","6","10",""
"2026-08-12 11:47:42","768088695","ANSWERED","00:01:09","00:00:20","6","10",""
"2026-08-12 11:51:36","702123164","BUSY","00:00:00","00:00:03","6","10",""
"2026-08-12 11:51:36","702123164","FAILED","00:00:00","00:00:00","2","10",""
"2026-08-12 11:51:53","772906698","ANSWERED","00:02:09","00:00:17","6","10",""
"2026-08-12 12:04:00","740342813","NO ANSWER","00:00:00","00:00:26","6","10",""
"2026-08-12 12:04:38","763759842","ANSWERED","00:01:04","00:00:11","6","10",""
"2026-08-12 12:33:02","764609304","ANSWERED","00:01:07","00:00:22","6","10",""
"2026-08-12 12:44:31","789716768","NO ANSWER","00:00:00","00:00:29","6","10",""
"2026-08-12 12:48:59","766740328","ANSWERED","00:00:37","00:00:12","6","10",""
"2026-08-12 12:50:22","715675286","ANSWERED","00:01:02","00:00:19","6","10",""
"2026-08-12 12:52:35","706595402","NO ANSWER","00:00:00","00:00:03","6","10",""
"2026-08-12 12:52:44","706595402","BUSY","00:00:00","00:00:12","6","10",""
"2026-08-12 12:52:44","706595402","FAILED","00:00:00","00:00:00","2","10",""
"2026-08-12 12:56:03","772585495","NO ANSWER","00:00:00","00:00:26","6","10",""
"2026-08-12 12:56:32","772585495","BUSY","00:00:00","00:00:04","6","10",""
"2026-08-12 12:56:32","772585495","FAILED","00:00:00","00:00:00","2","10",""
"2026-08-12 12:56:50","716752298","ANSWERED","00:00:40","00:00:27","6","10",""
"2026-08-12 12:58:29","720692233","NO ANSWER","00:00:00","00:00:44","6","10",""
"2026-08-12 12:59:25","777915439","NO ANSWER","00:00:00","00:00:46","6","10",""
"2026-08-12 13:00:22","703872201","ANSWERED","00:01:24","00:00:18","6","10",""
"2026-08-12 13:02:23","712610552","ANSWERED","00:00:48","00:00:15","6","10",""
"2026-08-12 13:03:45","712361323","BUSY","00:00:00","00:00:50","6","10",""
"2026-08-12 13:03:45","712361323","FAILED","00:00:00","00:00:00","2","10",""
"2026-08-12 13:12:01","783814473","ANSWERED","00:01:31","00:00:13","6","10",""
"2026-08-12 13:15:43","715849878","ANSWERED","00:01:48","00:00:23","6","10",""
"2026-08-12 13:18:08","773176684","ANSWERED","00:01:34","00:00:08","6","10",""
"2026-08-12 13:20:30","777348999","ANSWERED","00:00:57","00:00:08","6","10",""
"2026-08-12 13:21:51","767684436","ANSWERED","00:00:46","00:00:12","6","10",""
"2026-08-12 13:23:05","711293058","ANSWERED","00:00:30","00:00:15","6","10",""
"2026-08-12 13:31:30","764609304","ANSWERED","00:00:32","00:00:26","6","10",""
"2026-08-12 13:32:40","0769868299","ANSWERED","00:00:15","00:00:06","6","10",""
"2026-08-12 13:45:12","707809445","NO ANSWER","00:00:00","00:00:43","6","10",""
"2026-08-12 14:48:24","0765559683","ANSWERED","00:00:46","00:00:11","6","10",""
"2026-08-12 15:31:42","773206440","ANSWERED","00:00:57","00:00:07","6","10",""
"2026-08-12 15:33:32","785133742","ANSWERED","00:00:52","00:00:13","6","10",""
"2026-08-12 15:34:55","774998381","NO ANSWER","00:00:00","00:00:03","6","10",""
"2026-08-12 15:55:57","721708880","ANSWERED","00:00:56","00:00:30","6","10",""
"2026-08-12 15:57:39","714465715","ANSWERED","00:01:28","00:00:14","6","10",""
"2026-08-12 15:59:41","777788303","NO ANSWER","00:00:00","00:00:04","6","10",""
"2026-08-12 16:07:47","777788303","ANSWERED","00:01:29","00:00:07","6","10",""
"2026-08-12 16:17:04","765436402","ANSWERED","00:00:56","00:00:36","6","10",""
"2026-08-12 16:18:50","766143800","ANSWERED","00:00:26","00:00:08","6","10",""
"2026-08-12 16:19:28","766143800","ANSWERED","00:01:05","00:00:03","6","10",""
"2026-08-12 16:20:52","777715809","ANSWERED","00:01:13","00:00:17","6","10",""
"2026-08-12 16:28:15","740571359","ANSWERED","00:02:15","00:00:16","6","10",""
"2026-08-12 16:31:42","718124012","ANSWERED","00:02:04","00:00:19","6","10",""
"2026-08-12 16:34:49","777830930","NO ANSWER","00:00:00","00:00:27","6","10",""
"2026-08-12 16:35:27","776615747","ANSWERED","00:01:41","00:00:18","6","10",""
"2026-08-12 16:40:18","770545427","NO ANSWER","00:00:00","00:00:53","6","10",""
"2026-08-12 16:40:18","770545427","FAILED","00:00:00","00:00:00","2","10",""
"2026-08-12 17:00:01","710935666","ANSWERED","00:00:39","00:00:14","6","10",""
"2026-08-12 17:01:29","770545427","NO ANSWER","00:00:00","00:00:49","6","10",""
"2026-08-12 17:10:10","710935666","ANSWERED","00:03:16","00:00:12","6","10",""
"2026-08-12 17:15:38","762862378","ANSWERED","00:02:04","00:00:08","6","10",""
"2026-08-12 17:25:34","781647140","NO ANSWER","00:00:00","00:00:25","6","10",""
"2026-08-12 17:26:09","729188140","ANSWERED","00:01:00","00:00:14","6","10",""
"2026-08-12 17:28:04","782332055","NO ANSWER","00:00:00","00:00:00","6","10",""
"2026-08-12 17:28:13","782332055","BUSY","00:00:00","00:00:18","6","10",""
"2026-08-12 17:28:13","782332055","FAILED","00:00:00","00:00:00","2","10",""
"2026-08-12 17:39:49","710443376","ANSWERED","00:03:00","00:00:28","6","10",""
"2026-08-13 09:21:40","0768141891","NO ANSWER","00:00:00","00:00:53","6","10",""
"2026-08-13 09:21:40","0768141891","FAILED","00:00:00","00:00:00","2","10",""
"2026-08-13 09:35:03","782332055","BUSY","00:00:00","00:00:18","6","10",""
"2026-08-13 09:35:03","782332055","FAILED","00:00:00","00:00:00","2","10",""
"2026-08-13 09:35:36","772003256","ANSWERED","00:00:46","00:00:05","6","10",""
"2026-08-13 10:37:30","718064354","ANSWERED","00:01:44","00:00:15","6","10",""
"2026-08-13 10:41:14","761998499","NO ANSWER","00:00:00","00:00:23","6","10",""
"2026-08-13 10:41:49","716481690","ANSWERED","00:02:18","00:00:32","6","10",""
"2026-08-13 10:56:37","707809445","BUSY","00:00:00","00:00:54","6","10",""
"2026-08-13 10:56:37","707809445","FAILED","00:00:00","00:00:00","2","10",""
"2026-08-13 10:58:20","720332323","ANSWERED","00:00:38","00:00:19","6","10",""
"2026-08-13 10:59:36","743459400","ANSWERED","00:01:23","00:00:13","6","10",""
"2026-08-13 11:01:25","717772189","ANSWERED","00:00:46","00:00:36","6","10",""
"2026-08-13 13:05:34","761255880","NO ANSWER","00:00:00","00:00:54","6","10",""
"2026-08-13 13:05:34","761255880","FAILED","00:00:00","00:00:00","2","10",""
"2026-08-13 13:14:07","716794307","ANSWERED","00:00:18","00:00:34","6","10",""
"2026-08-13 13:15:06","714213475","ANSWERED","00:00:59","00:00:20","6","10",""
"2026-08-13 13:31:42","772295242","ANSWERED","00:00:40","00:00:14","6","10",""
"2026-08-13 13:39:19","740030764","ANSWERED","00:00:00","00:00:15","6","10",""
"2026-08-13 13:40:02","773490208","ANSWERED","00:01:44","00:00:16","6","10",""
"2026-08-13 13:42:15","718691844","ANSWERED","00:01:46","00:00:22","6","10",""
"2026-08-13 13:46:24","712394610","NO ANSWER","00:00:00","00:00:21","6","10",""
"2026-08-13 13:48:36","718312979","ANSWERED","00:01:23","00:00:30","6","10",""
"2026-08-13 13:56:39","715870087","ANSWERED","00:01:03","00:00:17","6","10",""
"2026-08-13 14:00:37","771134423","ANSWERED","00:00:52","00:00:40","6","10",""
"2026-08-13 14:02:32","753270271","BUSY","00:00:00","00:00:03","6","10",""
"2026-08-13 14:02:32","753270271","FAILED","00:00:00","00:00:00","2","10",""
"2026-08-13 14:02:59","773058956","ANSWERED","00:00:39","00:00:15","6","10",""
"2026-08-13 14:04:11","777219190","NO ANSWER","00:00:00","00:00:04","6","10",""
"2026-08-13 14:15:36","777219190","ANSWERED","00:00:37","00:00:21","6","10",""
"2026-08-13 14:18:45","774589102","ANSWERED","00:00:36","00:00:07","6","10",""
"2026-08-13 14:20:20","753923779","BUSY","00:00:00","00:00:50","6","10",""
"2026-08-13 14:20:20","753923779","FAILED","00:00:00","00:00:00","2","10",""
"2026-08-13 14:29:22","753923779","NO ANSWER","00:00:00","00:00:44","6","10",""
"2026-08-13 14:39:45","770054908","NO ANSWER","00:00:00","00:00:56","6","10",""
"2026-08-13 14:40:58","718440107","ANSWERED","00:02:54","00:00:09","6","10",""
"2026-08-13 14:50:15","750453984","ANSWERED","00:00:36","00:00:17","6","10",""
"2026-08-13 14:54:48","778781308","ANSWERED","00:00:15","00:00:23","6","10",""
"2026-08-13 14:55:58","778781308","ANSWERED","00:01:49","00:00:12","6","10",""
"2026-08-13 15:39:30","716343089","NO ANSWER","00:00:00","00:00:09","6","10",""
"2026-08-13 15:40:29","719996286","ANSWERED","00:00:45","00:00:12","6","10",""
"2026-08-13 15:42:52","703076547","ANSWERED","00:00:40","00:00:19","6","10",""
"2026-08-13 15:44:52","752282887","ANSWERED","00:01:02","00:00:11","6","10",""
"2026-08-13 16:11:03","774289257","ANSWERED","00:00:40","00:00:07","6","10",""
"2026-08-13 16:12:37","743803673","NO ANSWER","00:00:00","00:00:43","6","10",""
"2026-08-13 16:13:36","716150741","ANSWERED","00:00:28","00:00:38","6","10",""
"2026-08-13 16:14:54","716150741","NO ANSWER","00:00:00","00:00:18","6","10",""
"2026-08-13 16:16:32","776975411","ANSWERED","00:00:49","00:00:18","6","10",""
"2026-08-13 16:18:54","719109195","ANSWERED","00:01:19","00:00:20","6","10",""
"2026-08-13 16:24:15","771757657","NO ANSWER","00:00:00","00:00:02","6","10",""
"2026-08-13 16:24:52","758079481","NO ANSWER","00:00:00","00:00:45","6","10",""
"2026-08-13 16:26:25","713694227","ANSWERED","00:01:39","00:00:18","6","10",""
"2026-08-13 16:51:45","775031499","ANSWERED","00:00:36","00:00:16","6","10",""
"2026-08-13 16:54:37","714357689","BUSY","00:00:00","00:00:22","6","10",""
"2026-08-13 16:54:37","714357689","FAILED","00:00:00","00:00:00","2","10",""
"2026-08-13 16:55:18","786019044","ANSWERED","00:00:50","00:00:43","6","10",""
"2026-08-13 16:59:15","758485771","ANSWERED","00:00:52","00:00:19","6","10",""
"2026-08-13 17:01:30","750786630","ANSWERED","00:00:47","00:00:08","6","10",""
"2026-08-13 17:03:07","714722636","ANSWERED","00:00:37","00:00:32","6","10",""
"2026-08-13 17:05:09","756051996","ANSWERED","00:00:39","00:00:06","6","10",""
"2026-08-13 17:06:53","703448772","ANSWERED","00:01:02","00:00:19","6","10",""
"2026-08-13 17:09:37","776678511","NO ANSWER","00:00:00","00:00:35","6","10",""
"2026-08-13 17:10:28","707339304","ANSWERED","00:01:55","00:00:16","6","10",""
"2026-08-13 17:13:57","775573147","ANSWERED","00:01:47","00:00:17","6","10",""
"2026-08-13 17:17:10","716163465","BUSY","00:00:00","00:00:53","6","10",""
"2026-08-13 17:17:10","716163465","FAILED","00:00:00","00:00:00","2","10",""
"2026-08-13 17:18:14","759852272","NO ANSWER","00:00:00","00:00:21","6","10",""
"2026-08-13 17:20:07","716552253","ANSWERED","00:01:08","00:00:09","6","10",""
"2026-08-13 17:22:13","771195519","ANSWERED","00:00:09","00:00:04","6","10",""
"2026-08-13 17:23:16","785853300","ANSWERED","00:03:40","00:00:15","6","10",""
"2026-08-13 17:48:56","785910643","NO ANSWER","00:00:00","00:00:29","6","10",""
"2026-08-13 17:49:58","783338528","BUSY","00:00:00","00:00:48","6","10",""
"2026-08-13 17:49:58","783338528","FAILED","00:00:00","00:00:00","2","10",""
"2026-08-13 17:51:26","704309780","NO ANSWER","00:00:00","00:00:08","6","10",""
"2026-08-13 17:54:02","775705131","ANSWERED","00:01:44","00:00:21","6","10",""
"2026-08-13 18:00:24","785910643","ANSWERED","00:01:19","00:00:31","6","10",""
"2026-08-14 09:34:18","743134618","NO ANSWER","00:00:00","00:00:50","6","10",""
"2026-08-14 10:08:03","763113449","ANSWERED","00:00:03","00:00:12","6","10",""
"2026-08-14 10:08:39","763113449","ANSWERED","00:00:46","00:00:03","6","10",""
"2026-08-14 10:10:18","0740627339","BUSY","00:00:00","00:00:09","6","10",""
"2026-08-14 10:10:18","0740627339","FAILED","00:00:00","00:00:00","2","10",""
"2026-08-14 10:10:44","772552487","ANSWERED","00:00:20","00:00:09","6","10",""
"2026-08-14 10:29:27","763113449","ANSWERED","00:00:43","00:00:15","6","10",""
"2026-08-14 10:36:28","0771249709","ANSWERED","00:01:19","00:00:06","6","10",""
"2026-08-14 11:01:30","0785983627","ANSWERED","00:01:02","00:00:13","6","10",""
"2026-08-14 11:29:15","779837757","ANSWERED","00:00:33","00:00:16","6","10",""
"2026-08-14 12:00:12","771126255","ANSWERED","00:01:39","00:00:30","6","10",""
"2026-08-14 12:02:26","0716527087","ANSWERED","00:00:38","00:00:12","6","10",""
"2026-08-14 12:29:57","0752240580","ANSWERED","00:00:59","00:00:44","6","10",""
"2026-08-14 12:46:13","774560648","ANSWERED","00:01:03","00:00:20","6","10",""
"2026-08-14 14:55:14","0703885137","ANSWERED","00:00:12","00:00:14","6","10",""
"2026-08-14 14:55:58","752803854","ANSWERED","00:00:24","00:00:16","6","10",""
"2026-08-14 15:01:04","713174045","ANSWERED","00:01:34","00:00:15","6","10",""
"2026-08-14 15:17:11","763940789","ANSWERED","00:04:25","00:00:15","6","10",""
"2026-08-14 15:22:57","779707333","ANSWERED","00:01:23","00:00:08","6","10",""
"2026-08-14 15:27:12","772686772","ANSWERED","00:00:23","00:00:15","6","10",""
"2026-08-14 15:29:06","704856854","ANSWERED","00:00:50","00:00:06","6","10",""
"2026-08-14 15:31:30","716493583","NO ANSWER","00:00:00","00:00:29","6","10",""
"2026-08-14 15:32:35","770635102","ANSWERED","00:01:06","00:00:11","6","10",""
"2026-08-14 15:34:43","762216929","ANSWERED","00:01:03","00:00:06","6","10",""
"2026-08-14 15:36:05","715780202","ANSWERED","00:00:52","00:00:14","6","10",""
"2026-08-14 15:37:31","718174232","ANSWERED","00:00:35","00:00:07","6","10",""
"2026-08-14 15:38:41","718322748","ANSWERED","00:00:40","00:00:43","6","10",""
"2026-08-14 15:40:44","94705348747","ANSWERED","00:01:57","00:00:25","6","10",""
"2026-08-14 15:43:25","702415246","ANSWERED","00:01:22","00:00:17","6","10",""
"2026-08-14 15:54:06","750792032","NO ANSWER","00:00:00","00:00:38","6","10",""
"2026-08-14 15:54:57","757502611","ANSWERED","00:00:43","00:00:31","6","10",""
"2026-08-14 15:56:27","703068796","ANSWERED","00:00:52","00:00:14","6","10",""
"2026-08-14 15:57:52","776594550","NO ANSWER","00:00:00","00:00:51","6","10",""
"2026-08-14 15:59:39","776594550","BUSY","00:00:00","00:00:01","6","10",""
"2026-08-14 15:59:39","776594550","FAILED","00:00:00","00:00:00","2","10",""
"2026-08-14 16:00:07","719204438","ANSWERED","00:01:05","00:00:15","6","10",""
"2026-08-14 16:02:01","719245500","BUSY","00:00:00","00:00:24","6","10",""
"2026-08-14 16:02:01","719245500","FAILED","00:00:00","00:00:00","2","10",""
"2026-08-14 16:03:56","777268498","ANSWERED","00:00:39","00:00:18","6","10",""
"2026-08-14 16:05:08","772529288","BUSY","00:00:00","00:00:00","6","10",""
"2026-08-14 16:05:08","772529288","FAILED","00:00:00","00:00:00","2","10",""
"2026-08-14 16:05:20","742396797","NO ANSWER","00:00:00","00:00:53","6","10",""
"2026-08-14 16:05:20","742396797","FAILED","00:00:00","00:00:00","2","10",""
"2026-08-14 16:06:24","759902452","NO ANSWER","00:00:00","00:00:38","6","10",""
"2026-08-14 16:09:14","0707105118","ANSWERED","00:02:26","00:00:08","6","10",""
"2026-08-14 16:10:54","773072864","ANSWERED","00:02:17","00:00:22","6","10",""
"2026-08-14 16:18:10","765578368","ANSWERED","00:00:44","00:00:24","6","10",""
"2026-08-14 16:19:32","785865528","ANSWERED","00:00:53","00:00:16","6","10",""
"2026-08-14 16:21:00","787695038","ANSWERED","00:00:49","00:00:12","6","10",""
"2026-08-14 16:22:26","787695038","ANSWERED","00:00:36","00:00:09","6","10",""
"2026-08-14 16:24:25","774890523","ANSWERED","00:01:01","00:00:11","6","10",""
"2026-08-14 16:27:09","771360465","BUSY","00:00:00","00:00:35","6","10",""
"2026-08-14 16:27:35","0710935666","NO ANSWER","00:00:00","00:00:33","6","10",""
"2026-08-14 16:27:09","771360465","FAILED","00:00:00","00:00:00","2","10",""
"2026-08-14 16:35:43","712397285","ANSWERED","00:02:37","00:00:17","6","10",""
"2026-08-14 16:39:51","742326185","ANSWERED","00:01:10","00:00:12","6","10",""
"2026-08-14 16:41:26","769128285","ANSWERED","00:00:50","00:00:08","6","10",""
"2026-08-14 16:50:39","760061204","BUSY","00:00:00","00:00:14","6","10",""
"2026-08-14 16:50:39","760061204","FAILED","00:00:00","00:00:00","2","10",""
"2026-08-14 16:51:26","786603060","ANSWERED","00:00:14","00:00:12","6","10",""
"2026-08-14 16:53:17","786603060","ANSWERED","00:00:33","00:00:11","6","10",""
"2026-08-14 17:01:15","703335353","NO ANSWER","00:00:00","00:00:33","6","10",""
"2026-08-14 17:02:02","702353203","NO ANSWER","00:00:00","00:00:39","6","10",""
"2026-08-14 17:02:52","769041471","NO ANSWER","00:00:00","00:00:49","6","10",""
"2026-08-14 17:04:01","705371212","ANSWERED","00:00:19","00:00:25","6","10",""
"2026-08-14 17:05:00","768386516","NO ANSWER","00:00:00","00:00:53","6","10",""
"2026-08-14 17:06:16","761793969","NO ANSWER","00:00:00","00:00:09","6","10",""
"2026-08-14 17:06:29","761793969","NO ANSWER","00:00:00","00:00:09","6","10",""
"2026-08-14 17:09:41","704173817","BUSY","00:00:00","00:00:50","6","10",""
"2026-08-14 17:09:41","704173817","FAILED","00:00:00","00:00:00","2","10",""
"2026-08-14 17:10:47","779954478","ANSWERED","00:00:04","00:00:17","6","10",""
"2026-08-14 17:11:25","771748418","BUSY","00:00:00","00:00:51","6","10",""
"2026-08-14 17:11:25","771748418","FAILED","00:00:00","00:00:00","2","10",""
"2026-08-14 17:14:09","774672092","ANSWERED","00:01:36","00:00:22","6","10",""
"2026-08-14 17:16:22","741751325","ANSWERED","00:00:52","00:00:38","6","10",""
"2026-08-14 17:18:08","715147102","ANSWERED","00:01:31","00:00:11","6","10",""
"2026-08-14 17:20:13","710842249","ANSWERED","00:00:58","00:00:15","6","10",""
"2026-08-14 17:21:55","757518113","NO ANSWER","00:00:00","00:00:11","6","10",""
"2026-08-14 17:26:50","771065555","ANSWERED","00:01:19","00:00:22","6","10",""
"2026-08-14 17:32:36","766296377","NO ANSWER","00:00:00","00:00:53","6","10",""
"2026-08-14 17:33:41","768979276","ANSWERED","00:01:12","00:00:14","6","10",""
"2026-08-14 17:47:39","779916098","NO ANSWER","00:00:00","00:00:26","6","10",""
"2026-08-14 17:56:09","717054949","NO ANSWER","00:00:00","00:00:18","6","10",""
"2026-08-15 09:30:54","777327520","ANSWERED","00:00:26","00:00:14","6","10",""
"2026-08-15 09:32:35","722175026","NO ANSWER","00:00:00","00:00:13","6","10",""
"2026-08-15 09:33:04","759989500","ANSWERED","00:00:37","00:00:16","6","10",""
"2026-08-15 09:39:35","759307770","ANSWERED","00:01:28","00:00:16","6","10",""
"2026-08-15 09:45:30","714999215","ANSWERED","00:00:08","00:00:14","6","10",""
"2026-08-15 09:47:32","762357277","ANSWERED","00:00:53","00:00:27","6","10",""
"2026-08-15 09:57:54","743078571","ANSWERED","00:00:31","00:00:19","6","10",""
"2026-08-15 10:00:29","773150971","ANSWERED","00:01:05","00:00:08","6","10",""
"2026-08-15 10:02:39","774238438","ANSWERED","00:01:57","00:00:08","6","10",""
"2026-08-15 10:07:29","778190352","ANSWERED","00:01:03","00:00:26","6","10",""
"2026-08-15 10:11:10","718495805","ANSWERED","00:01:47","00:00:25","6","10",""
"2026-08-15 10:14:32","711815877","NO ANSWER","00:00:00","00:00:39","6","10",""
"2026-08-15 10:15:30","718661471","ANSWERED","00:00:06","00:00:06","6","10",""
"2026-08-15 10:24:15","773243231","NO ANSWER","00:00:00","00:00:53","6","10",""
"2026-08-15 10:26:07","778075001","ANSWERED","00:00:47","00:00:14","6","10",""
"2026-08-15 10:35:02","765389731","ANSWERED","00:00:57","00:00:09","6","10",""
"2026-08-15 10:36:28","777301768","ANSWERED","00:00:25","00:00:16","6","10",""
"2026-08-15 10:40:59","776949029","NO ANSWER","00:00:00","00:00:53","6","10",""
"2026-08-15 10:40:59","776949029","FAILED","00:00:00","00:00:00","2","10",""
"2026-08-15 10:42:08","760600198","ANSWERED","00:01:02","00:00:10","6","10",""
"2026-08-15 10:46:00","761710653","ANSWERED","00:01:01","00:00:12","6","10",""
"2026-08-15 10:47:32","710910264","ANSWERED","00:00:50","00:00:13","6","10",""
"2026-08-15 11:00:43","775283776","ANSWERED","00:01:15","00:00:07","6","10",""
"2026-08-15 11:05:06","711401940","NO ANSWER","00:00:00","00:00:45","6","10",""
"2026-08-15 11:06:03","711392229","NO ANSWER","00:00:00","00:00:40","6","10",""
"2026-08-15 11:07:30","714322022","ANSWERED","00:00:04","00:00:37","6","10",""
"2026-08-15 11:08:34","774009184","BUSY","00:00:00","00:00:28","6","10",""
"2026-08-15 11:08:34","774009184","FAILED","00:00:00","00:00:00","2","10",""
"2026-08-15 11:09:18","784925633","ANSWERED","00:01:17","00:00:15","6","10",""
"2026-08-15 11:13:23","726117879","BUSY","00:00:00","00:00:47","6","10",""
"2026-08-15 11:13:23","726117879","FAILED","00:00:00","00:00:00","2","10",""
"2026-08-15 11:14:28","714992928","ANSWERED","00:00:09","00:00:18","6","10",""
"2026-08-15 11:16:24","779121902","ANSWERED","00:01:07","00:00:08","6","10",""
"2026-08-15 12:57:22","740793741","NO ANSWER","00:00:00","00:00:13","6","10",""
"2026-08-15 16:01:34","0764609304","BUSY","00:00:00","00:00:00","6","10",""
"2026-08-15 16:01:34","0764609304","FAILED","00:00:00","00:00:00","2","10",""
"2026-08-15 17:07:24","0779999699","NO ANSWER","00:00:00","00:00:51","6","10",""
"2026-08-15 17:08:27","0779999699","NO ANSWER","00:00:00","00:00:30","6","10",""
"2026-08-15 17:18:46","0767949912","NO ANSWER","00:00:00","00:00:48","6","10",""
"2026-08-15 17:24:31","0776383682","BUSY","00:00:00","00:00:00","6","10",""
"2026-08-15 17:24:31","0776383682","FAILED","00:00:00","00:00:00","2","10",""
"2026-08-15 17:24:44","0776383682","ANSWERED","00:02:22","00:00:16","6","10",""
"2026-08-15 17:28:32","0764301518","ANSWERED","00:00:59","00:00:04","6","10",""
"2026-08-17 09:19:20","0761961789","NO ANSWER","00:00:00","00:00:54","6","10",""
"2026-08-17 09:19:20","0761961789","FAILED","00:00:00","00:00:00","2","10",""
"2026-08-17 09:32:47","0702202021","ANSWERED","00:00:22","00:00:11","6","10",""
"2026-08-17 09:45:35","0761365447","NO ANSWER","00:00:00","00:00:24","6","10",""
"2026-08-17 11:08:38","755654966","BUSY","00:00:00","00:00:01","6","10",""
"2026-08-17 11:08:38","755654966","FAILED","00:00:00","00:00:00","2","10",""
"2026-08-17 11:31:47","716666366","BUSY","00:00:00","00:00:23","6","10",""
"2026-08-17 11:31:47","716666366","FAILED","00:00:00","00:00:00","2","10",""
"2026-08-17 11:57:35","751568661","BUSY","00:00:00","00:00:02","6","10",""
"2026-08-17 11:57:35","751568661","FAILED","00:00:00","00:00:00","2","10",""
"2026-08-17 12:32:07","771126255","NO ANSWER","00:00:00","00:00:26","6","10",""
"2026-08-17 12:32:37","771126255","ANSWERED","00:01:33","00:00:30","6","10",""
"2026-08-17 12:36:10","0752932195","ANSWERED","00:02:19","00:00:10","6","10",""
"2026-08-17 13:19:48","0763462075","ANSWERED","00:00:39","00:00:10","6","10",""
"2026-08-17 13:24:25","0703885137","ANSWERED","00:00:06","00:00:17","6","10",""
"2026-08-17 16:02:31","701816067","ANSWERED","00:01:00","00:00:19","6","10",""
"2026-08-17 16:04:04","0704762871","ANSWERED","00:01:52","00:00:11","6","10",""
"2026-08-17 16:13:23","0771126255","ANSWERED","00:00:53","00:00:13","6","10",""
"2026-08-17 16:15:13","0716527087","ANSWERED","00:01:04","00:00:28","6","10",""
"2026-08-17 16:20:17","0773588774","ANSWERED","00:07:52","00:00:10","6","10",""
"2026-08-18 09:54:03","0772007759","FAILED","00:00:00","00:00:00","2","10",""
"2026-08-18 11:52:26","0773453890","NO ANSWER","00:00:00","00:00:03","6","10",""
"2026-08-18 13:47:27","0705205820","NO ANSWER","00:00:00","00:00:42","6","10",""
"2026-08-18 14:39:52","0710398918","ANSWERED","00:00:45","00:00:24","6","10",""
"2026-08-18 14:41:08","0710398918","ANSWERED","00:01:36","00:00:07","6","10",""
"2026-08-18 14:56:30","0775691136","ANSWERED","00:00:30","00:00:08","6","10",""
"2026-08-18 14:59:37","7638099291","NO ANSWER","00:00:00","00:00:11","6","10",""
"2026-08-18 14:59:37","7638099291","FAILED","00:00:00","00:00:00","2","10",""
"2026-08-18 15:00:22","716666366","NO ANSWER","00:00:00","00:00:43","6","10",""
"2026-08-18 15:27:29","716666366","ANSWERED","00:00:37","00:00:15","6","10",""
"2026-08-18 16:19:06","761365447","ANSWERED","00:01:00","00:00:13","6","10",""
"2026-08-18 16:22:17","714243232","NO ANSWER","00:00:00","00:00:00","6","10",""
"2026-08-18 16:22:24","714243232","BUSY","00:00:00","00:00:23","6","10",""
"2026-08-18 16:22:24","714243232","FAILED","00:00:00","00:00:00","2","10",""
"2026-08-18 16:24:26","0778346514","FAILED","00:00:00","00:00:00","2","10",""
"2026-08-18 16:25:19","0778346514","BUSY","00:00:00","00:00:01","6","10",""
"2026-08-18 16:25:19","0778346514","FAILED","00:00:00","00:00:00","2","10",""
"2026-08-18 16:27:01","0778346514","ANSWERED","00:01:37","00:00:07","6","10",""
"2026-08-18 17:04:07","0753233812","ANSWERED","00:01:26","00:00:13","6","10",""
"2026-08-18 17:14:22","0777707011","NO ANSWER","00:00:00","00:00:54","6","10",""
"2026-08-18 17:14:22","0777707011","FAILED","00:00:00","00:00:00","2","10",""
"2026-08-18 17:17:04","0778149539","ANSWERED","00:00:05","00:00:24","6","10",""
"2026-08-18 17:24:40","0778149539","ANSWERED","00:05:15","00:00:26","6","10",""
"2026-08-18 17:49:42","292004439","NO ANSWER","00:00:00","00:00:11","6","10",""
"2026-08-18 17:49:42","292004439","FAILED","00:00:00","00:00:00","2","10",""
"2026-08-18 17:52:19","761365447","BUSY","00:00:00","00:00:00","6","10",""
"2026-08-18 17:52:19","761365447","FAILED","00:00:00","00:00:00","2","10",""
"2026-08-18 17:52:35","0761365447","BUSY","00:00:00","00:00:00","6","10",""
"2026-08-18 17:52:35","0761365447","FAILED","00:00:00","00:00:00","2","10",""
"2026-08-19 09:23:44","0729666595","ANSWERED","00:06:10","00:00:08","6","10",""
"2026-08-19 09:54:28","0773588222","ANSWERED","00:02:32","00:00:17","6","10",""
"2026-08-19 11:02:54","761365447","NO ANSWER","00:00:00","00:00:53","6","10",""
"2026-08-19 11:02:54","761365447","FAILED","00:00:00","00:00:00","2","10",""
"2026-08-19 11:05:00","0773588222","ANSWERED","00:01:17","00:00:20","6","10",""
"2026-08-19 12:22:11","0779649171","ANSWERED","00:01:51","00:00:09","6","10",""
"2026-08-19 12:40:25","0775065723","BUSY","00:00:00","00:00:00","6","10",""
"2026-08-19 12:40:25","0775065723","FAILED","00:00:00","00:00:00","2","10",""
"2026-08-19 14:41:42","0761267677","FAILED","00:00:00","00:00:00","2","10",""
"2026-08-19 14:41:55","0761267677","FAILED","00:00:00","00:00:00","2","10",""
"2026-08-19 14:42:00","0761267677","NO ANSWER","00:00:00","00:00:54","6","10",""
"2026-08-19 14:42:00","0761267677","FAILED","00:00:00","00:00:00","2","10",""
"2026-08-19 14:46:47","0777785021","ANSWERED","00:02:20","00:00:13","6","10",""
"2026-08-19 14:48:26","0776204427","ANSWERED","00:00:45","00:00:06","6","10",""
"2026-08-19 15:01:17","763113449","ANSWERED","00:00:43","00:00:09","6","10",""
"2026-08-19 15:02:19","0717254569","BUSY","00:00:00","00:00:23","6","10",""
"2026-08-19 15:02:19","0717254569","FAILED","00:00:00","00:00:00","2","10",""
"2026-08-19 15:14:21","0717254569","ANSWERED","00:00:40","00:00:11","6","10",""
"2026-08-19 15:31:24","712172823","ANSWERED","00:00:35","00:00:21","6","10",""
"2026-08-19 15:52:07","0763011759","ANSWERED","00:00:36","00:00:05","6","10",""
"2026-08-19 17:32:03","716666366","ANSWERED","00:00:31","00:00:07","6","10",""
"2026-08-20 09:16:31","772098797","NO ANSWER","00:00:00","00:00:54","6","10",""
"2026-08-20 09:16:31","772098797","FAILED","00:00:00","00:00:00","2","10",""
"2026-08-20 10:00:01","772098797","NO ANSWER","00:00:00","00:00:54","6","10",""
"2026-08-20 10:00:01","772098797","FAILED","00:00:00","00:00:00","2","10",""
"2026-08-20 10:57:55","761365447","NO ANSWER","00:00:00","00:00:53","6","10",""
"2026-08-20 10:57:55","761365447","FAILED","00:00:00","00:00:00","2","10",""
"2026-08-20 15:12:56","773960221","ANSWERED","00:01:17","00:00:12","6","10",""
"2026-08-20 17:47:51","0760924321","BUSY","00:00:00","00:00:02","6","10",""
"2026-08-20 17:47:51","0760924321","FAILED","00:00:00","00:00:00","2","10",""
"2026-08-20 17:48:14","07753030677","NO ANSWER","00:00:00","00:00:11","6","10",""
"2026-08-20 17:48:14","07753030677","FAILED","00:00:00","00:00:00","2","10",""
"2026-08-20 17:50:11","0740181306","ANSWERED","00:01:31","00:00:03","6","10",""
"2026-08-20 17:53:08","0760892078","ANSWERED","00:01:28","00:00:23","6","10",""
"2026-08-21 09:04:03","0760924321","BUSY","00:00:00","00:00:00","6","10",""
"2026-08-21 09:04:03","0760924321","FAILED","00:00:00","00:00:00","2","10",""
"2026-08-21 09:42:56","717792009","BUSY","00:00:00","00:00:23","6","10",""
"2026-08-21 09:42:56","717792009","FAILED","00:00:00","00:00:00","2","10",""
"2026-08-21 10:37:23","761365447","NO ANSWER","00:00:00","00:00:54","6","10",""
"2026-08-21 10:37:23","761365447","FAILED","00:00:00","00:00:00","2","10",""
"2026-08-21 11:02:27","710935666","NO ANSWER","00:00:00","00:00:43","6","10",""
"2026-08-21 11:32:37","777829480","NO ANSWER","00:00:00","00:01:02","6","10",""
"2026-08-21 15:29:30","762993682","ANSWERED","00:01:09","00:00:15","6","10",""
"2026-08-21 15:38:41","773562853","ANSWERED","00:01:15","00:00:04","6","10",""
"2026-08-21 16:43:18","704263976","BUSY","00:00:00","00:00:24","6","10",""
"2026-08-21 16:43:18","704263976","FAILED","00:00:00","00:00:00","2","10",""
"2026-08-21 17:08:35","752505338","NO ANSWER","00:00:00","00:00:10","6","10",""
"2026-08-21 17:09:34","788178146","ANSWERED","00:01:54","00:00:07","6","10",""
"2026-08-22 09:23:08","0743692648","BUSY","00:00:00","00:00:00","6","10",""
"2026-08-22 09:23:08","0743692648","FAILED","00:00:00","00:00:00","2","10",""
"2026-08-22 09:44:55","763113449","ANSWERED","00:00:26","00:00:12","6","10",""
"2026-08-22 10:16:43","0710197018","BUSY","00:00:00","00:00:55","6","10",""
"2026-08-22 10:16:43","0710197018","FAILED","00:00:00","00:00:00","2","10",""
"2026-08-22 10:17:56","0716718084","ANSWERED","00:01:29","00:00:15","6","10",""
"2026-08-22 10:23:58","761365447","NO ANSWER","00:00:00","00:00:53","6","10",""
"2026-08-22 10:23:58","761365447","FAILED","00:00:00","00:00:00","2","10",""
"2026-08-22 10:25:16","0715269933","ANSWERED","00:00:15","00:00:15","6","10",""
"2026-08-22 13:49:11","750101573","NO ANSWER","00:00:00","00:00:08","6","10",""
"2026-08-22 15:43:06","763384728","ANSWERED","00:02:39","00:00:36","6","10",""
"2026-08-22 17:35:00","0542240254","BUSY","00:00:00","00:01:00","6","10",""
"2026-08-22 17:35:00","0542240254","FAILED","00:00:00","00:00:00","2","10",""
"2026-08-24 10:14:38","710935666","BUSY","00:00:00","00:00:49","6","10",""
"2026-08-24 10:14:38","710935666","FAILED","00:00:00","00:00:00","2","10",""
"2026-08-24 14:42:35","112251431","NO ANSWER","00:00:00","00:00:55","6","10",""
"2026-08-24 14:52:28","0785983627","ANSWERED","00:00:14","00:00:20","6","10",""
"2026-08-24 15:07:14","785983627","ANSWERED","00:02:59","00:00:06","6","10",""
"2026-08-24 15:25:00","0769297576","ANSWERED","00:00:44","00:00:13","6","10",""
"2026-08-24 15:38:10","0759186121","BUSY","00:00:00","00:00:37","6","10",""
"2026-08-24 15:38:10","0759186121","FAILED","00:00:00","00:00:00","2","10",""
"2026-08-24 15:54:34","0815675636","BUSY","00:00:00","00:00:34","6","10",""
"2026-08-24 15:54:34","0815675636","FAILED","00:00:00","00:00:00","2","10",""
"2026-08-25 09:02:47","701812787","ANSWERED","00:01:50","00:00:14","6","10",""
"2026-08-25 12:01:08","774974178","NO ANSWER","00:00:00","00:00:11","6","10",""
"2026-08-25 12:04:55","0382297464","ANSWERED","00:02:00","00:00:07","6","10",""
"2026-08-25 12:09:36","0522258250","ANSWERED","00:05:32","00:00:06","6","10",""
"2026-08-25 12:17:33","774974178","BUSY","00:00:00","00:00:50","6","10",""
"2026-08-25 12:17:33","774974178","FAILED","00:00:00","00:00:00","2","10",""
"2026-08-25 14:37:02","522223904","ANSWERED","00:00:52","00:00:07","6","10",""
"2026-08-25 15:32:38","0704263976","ANSWERED","00:00:41","00:00:14","6","10",""
"2026-08-25 16:34:00","751143285","ANSWERED","00:01:30","00:00:16","6","10",""
"2026-08-25 17:02:26","710935666","BUSY","00:00:00","00:00:49","6","10",""
"2026-08-25 17:02:26","710935666","FAILED","00:00:00","00:00:00","2","10",""
"2026-08-28 09:44:23","0764741171","ANSWERED","00:01:10","00:00:17","6","10",""
"2026-08-28 10:55:16","773052939","NO ANSWER","00:00:00","00:00:07","6","10",""
"2026-08-29 13:04:03","774560648","ANSWERED","00:00:42","00:00:09","6","10",""
"2026-08-29 14:08:31","0112328112","BUSY","00:00:00","00:01:00","6","10",""
"2026-08-29 14:08:31","0112328112","FAILED","00:00:00","00:00:00","2","10",""
"2026-08-29 14:36:51","0112296320","ANSWERED","00:02:13","00:00:13","6","10",""
"2026-08-31 09:16:56","741441965","ANSWERED","00:01:48","00:00:21","6","10",""
"2026-08-31 10:17:47","0112296320","ANSWERED","00:00:58","00:00:06","6","10",""
"2026-08-31 10:36:06","112328112","ANSWERED","00:01:37","00:00:23","6","10",""
"2026-08-31 10:39:03","0112296320","ANSWERED","00:06:19","00:00:07","6","10",""
"2026-08-31 10:45:36","0112296320","BUSY","00:00:00","00:00:01","6","10",""
"2026-08-31 10:45:36","0112296320","FAILED","00:00:00","00:00:00","2","10",""
"2026-08-31 10:50:29","0112296320","ANSWERED","00:00:53","00:00:10","6","10",""
"2026-08-31 11:36:50","0776846675","NO ANSWER","00:00:00","00:00:53","6","10",""
"2026-08-31 11:36:50","0776846675","FAILED","00:00:00","00:00:00","2","10",""
"2026-08-31 13:06:55","0771126255","ANSWERED","00:00:44","00:00:14","6","10",""
"2026-08-31 13:19:17","763933407","NO ANSWER","00:00:00","00:00:53","6","10",""
"2026-08-31 13:19:17","763933407","FAILED","00:00:00","00:00:00","2","10",""
"2026-08-31 13:53:31","0758311632","ANSWERED","00:01:02","00:00:12","6","10",""
"2026-08-31 14:01:03","0112253551","ANSWERED","00:02:38","00:00:06","6","10",""
"2026-08-31 14:06:20","0332255232","ANSWERED","00:02:16","00:00:48","6","10",""
"2026-08-31 15:35:23","0758311632","ANSWERED","00:00:57","00:00:33","6","10",""
"2026-08-31 17:22:09","741080789","ANSWERED","00:01:31","00:00:16","6","10",""
"2026-09-01 11:02:47","0758311632","ANSWERED","00:00:02","00:00:06","6","10",""
"2026-09-01 11:12:08","0758311632","ANSWERED","00:00:42","00:00:08","6","10",""
"2026-09-01 12:35:15","0769669080","NO ANSWER","00:00:00","00:00:24","6","10",""
"2026-09-01 12:35:48","0769669080","BUSY","00:00:00","00:00:39","6","10",""
"2026-09-01 12:35:48","0769669080","FAILED","00:00:00","00:00:00","2","10",""
"2026-09-01 12:37:25","0769669080","BUSY","00:00:00","00:00:01","6","10",""
"2026-09-01 12:37:25","0769669080","FAILED","00:00:00","00:00:00","2","10",""
"2026-09-01 12:54:02","0812085127","ANSWERED","00:03:07","00:00:25","6","10",""
"2026-09-01 12:58:17","0112692692","ANSWERED","00:02:42","00:00:02","6","10",""
"2026-09-01 13:54:52","0711115213","ANSWERED","00:00:50","00:00:25","6","10",""
"2026-09-01 14:49:12","0769669080","ANSWERED","00:00:30","00:00:14","6","10",""
"2026-09-01 15:29:55","0812205064","BUSY","00:00:00","00:01:00","6","10",""
"2026-09-01 15:29:55","0812205064","FAILED","00:00:00","00:00:00","2","10",""
"2026-09-01 16:26:08","0770025415","ANSWERED","00:01:36","00:00:14","6","10",""
"2026-09-01 16:34:35","0773402276","NO ANSWER","00:00:00","00:00:03","6","10",""
"2026-09-01 16:54:54","0770025415","NO ANSWER","00:00:00","00:00:04","6","10",""
"2026-09-02 10:23:02","771126255","ANSWERED","00:00:46","00:00:13","6","10",""
"2026-09-02 11:05:48","771126255","ANSWERED","00:00:34","00:00:10","6","10",""
"2026-09-02 14:18:56","0662284750","ANSWERED","00:01:21","00:00:16","6","10",""
"2026-09-02 14:21:37","552222250","BUSY","00:00:00","00:01:00","6","10",""
"2026-09-02 14:21:37","552222250","FAILED","00:00:00","00:00:00","2","10",""
"2026-09-02 15:31:48","112328112","BUSY","00:00:00","00:00:00","6","10",""
"2026-09-02 15:31:48","112328112","FAILED","00:00:00","00:00:00","2","10",""
"2026-09-02 15:32:26","0112328112","BUSY","00:00:00","00:00:01","6","10",""
"2026-09-02 15:32:26","0112328112","FAILED","00:00:00","00:00:00","2","10",""
"2026-09-03 15:12:19","0767363773","BUSY","00:00:00","00:00:01","6","10",""
"2026-09-03 15:12:19","0767363773","FAILED","00:00:00","00:00:00","2","10",""
"2026-09-04 09:00:29","763933407","NO ANSWER","00:00:00","00:00:53","6","10",""
"2026-09-04 09:00:29","763933407","FAILED","00:00:00","00:00:00","2","10",""
"2026-09-04 09:01:32","763933407","NO ANSWER","00:00:00","00:00:50","6","10",""
"2026-09-04 09:02:48","0789678047","ANSWERED","00:02:50","00:00:10","6","10",""
"2026-09-04 10:00:19","771126255","ANSWERED","00:00:39","00:00:15","6","10",""
"2026-09-04 10:02:12","0775014934","NO ANSWER","00:00:00","00:00:39","6","10",""
"2026-09-04 12:12:56","0522223904","ANSWERED","00:01:33","00:00:05","6","10",""
"2026-09-04 12:15:32","0112692692","ANSWERED","00:01:49","00:00:02","6","10",""
"2026-09-07 09:29:31","0812220311","ANSWERED","00:02:06","00:00:18","6","10",""
"2026-09-09 09:02:09","0767035664","ANSWERED","00:01:37","00:00:14","6","10",""
"2026-09-09 09:38:37","0702483388","ANSWERED","00:01:12","00:00:16","6","10",""
"2026-09-09 09:50:57","774560648","BUSY","00:00:00","00:00:24","6","10",""
"2026-09-09 09:50:57","774560648","FAILED","00:00:00","00:00:00","2","10",""
"2026-09-09 10:21:25","94774560648","ANSWERED","00:00:25","00:00:12","6","10",""
"2026-09-09 11:24:37","552225898","ANSWERED","00:02:12","00:00:36","6","10",""
"2026-09-09 11:31:47","0757512561","ANSWERED","00:01:43","00:00:24","6","10",""
"2026-09-09 11:39:42","0352246241","BUSY","00:00:00","00:01:00","6","10",""
"2026-09-09 11:39:42","0352246241","FAILED","00:00:00","00:00:00","2","10",""
"2026-09-09 11:40:57","0352246241","BUSY","00:00:00","00:01:00","6","10",""
"2026-09-09 11:40:57","0352246241","FAILED","00:00:00","00:00:00","2","10",""
"2026-09-09 11:43:05","0775065723","ANSWERED","00:00:16","00:00:06","6","10",""
"2026-09-09 11:48:28","0775065723","ANSWERED","00:01:23","00:00:04","6","10",""
"2026-09-09 11:51:02","0352246241","BUSY","00:00:00","00:01:00","6","10",""
"2026-09-09 11:51:02","0352246241","FAILED","00:00:00","00:00:00","2","10",""
"2026-09-09 11:52:17","0352246241","BUSY","00:00:00","00:01:00","6","10",""
"2026-09-09 11:52:17","0352246241","FAILED","00:00:00","00:00:00","2","10",""
"2026-09-09 11:53:44","0352246241","BUSY","00:00:00","00:01:00","6","10",""
"2026-09-09 11:53:44","0352246241","FAILED","00:00:00","00:00:00","2","10",""
"2026-09-09 11:54:58","352246241","BUSY","00:00:00","00:01:00","6","10",""
"2026-09-09 11:54:58","352246241","FAILED","00:00:00","00:00:00","2","10",""
"2026-09-09 12:18:33","0771088901","ANSWERED","00:00:55","00:00:15","6","10",""
"2026-09-09 12:50:09","94753111541","BUSY","00:00:00","00:00:37","6","10",""
"2026-09-09 12:50:09","94753111541","FAILED","00:00:00","00:00:00","2","10",""
"2026-09-09 12:50:56","753111541","BUSY","00:00:00","00:00:36","6","10",""
"2026-09-09 12:50:56","753111541","FAILED","00:00:00","00:00:00","2","10",""
"2026-09-09 13:11:06","0763576169","ANSWERED","00:01:53","00:00:13","6","10",""
"2026-09-09 13:18:01","0722734563","ANSWERED","00:03:23","00:00:19","6","10",""
"2026-09-09 13:24:34","0753111541","BUSY","00:00:00","00:00:36","6","10",""
"2026-09-09 13:24:34","0753111541","FAILED","00:00:00","00:00:00","2","10",""
"2026-09-09 13:45:46","0742324584","BUSY","00:00:00","00:00:00","6","10",""
"2026-09-09 13:45:46","0742324584","FAILED","00:00:00","00:00:00","2","10",""
"2026-09-09 13:46:04","0742324584","BUSY","00:00:00","00:00:00","6","10",""
"2026-09-09 13:46:04","0742324584","FAILED","00:00:00","00:00:00","2","10",""
"2026-09-09 15:30:27","0812220311","ANSWERED","00:01:09","00:00:10","6","10",""
"2026-09-09 15:46:34","0740548072","NO ANSWER","00:00:00","00:00:46","6","10",""
"2026-09-09 16:52:04","775568833","ANSWERED","00:00:53","00:00:28","6","10",""
"2026-09-09 17:10:02","0710443376","BUSY","00:00:00","00:00:23","6","10",""
"2026-09-09 17:10:02","0710443376","FAILED","00:00:00","00:00:00","2","10",""
"2026-09-09 17:30:02","777829480","NO ANSWER","00:00:00","00:01:20","6","10",""
"2026-09-09 17:39:04","0777829480","NO ANSWER","00:00:00","00:01:18","6","10",""
"2026-09-09 17:49:29","0777829480","NO ANSWER","00:00:00","00:00:33","6","10",""
"2026-09-10 13:28:01","0768411891","BUSY","00:00:00","00:00:00","6","10",""
"2026-09-10 13:28:01","0768411891","FAILED","00:00:00","00:00:00","2","10",""
"2026-09-10 13:28:11","0768411891","BUSY","00:00:00","00:00:01","6","10",""
"2026-09-10 13:28:11","0768411891","FAILED","00:00:00","00:00:00","2","10",""
"2026-09-10 14:57:23","0812220311","BUSY","00:00:00","00:01:00","6","10",""
"2026-09-10 14:57:23","0812220311","FAILED","00:00:00","00:00:00","2","10",""
"2026-09-10 15:12:28","0774477040","ANSWERED","00:01:48","00:00:12","6","10",""
"2026-09-10 15:47:18","0741676775","NO ANSWER","00:00:00","00:00:53","6","10",""
"2026-09-10 15:47:18","0741676775","FAILED","00:00:00","00:00:00","2","10",""
"2026-09-10 15:57:30","0756160789","BUSY","00:00:00","00:00:37","6","10",""
"2026-09-10 15:57:30","0756160789","FAILED","00:00:00","00:00:00","2","10",""
"2026-09-10 15:58:22","0776636032","ANSWERED","00:01:07","00:00:18","6","10",""
"2026-09-10 17:53:58","0812220311","BUSY","00:00:00","00:01:00","6","10",""
"2026-09-10 17:53:58","0812220311","FAILED","00:00:00","00:00:00","2","10",""
"2026-09-10 17:55:17","0812220311","BUSY","00:00:00","00:01:00","6","10",""
"2026-09-10 17:55:17","0812220311","FAILED","00:00:00","00:00:00","2","10",""
"2026-09-11 12:51:23","0773277737","NO ANSWER","00:00:00","00:00:16","6","10",""
"2026-09-11 12:51:50","0701240185","BUSY","00:00:00","00:00:11","6","10",""
"2026-09-11 12:51:50","0701240185","FAILED","00:00:00","00:00:00","2","10",""
"2026-09-11 12:54:41","773277737","NO ANSWER","00:00:00","00:00:17","6","10",""
"2026-09-11 12:55:18","701240185","BUSY","00:00:00","00:00:11","6","10",""
"2026-09-11 12:55:18","701240185","FAILED","00:00:00","00:00:00","2","10",""
"2026-09-11 13:10:05","112328112","BUSY","00:00:00","00:00:01","6","10",""
"2026-09-11 13:10:05","112328112","FAILED","00:00:00","00:00:00","2","10",""
"2026-09-11 13:10:29","0112328112","BUSY","00:00:00","00:00:01","6","10",""
"2026-09-11 13:10:29","0112328112","FAILED","00:00:00","00:00:00","2","10",""
"2026-09-11 13:38:10","0112328112","BUSY","00:00:00","00:00:01","6","10",""
"2026-09-11 13:38:10","0112328112","FAILED","00:00:00","00:00:00","2","10",""
"2026-09-11 14:43:08","352222001","BUSY","00:00:00","00:01:00","6","10",""
"2026-09-11 14:43:08","352222001","FAILED","00:00:00","00:00:00","2","10",""
"2026-09-11 15:04:14","0758311632","ANSWERED","00:01:15","00:00:06","6","10",""
"2026-09-11 17:06:44","741112395","ANSWERED","00:00:40","00:00:28","6","10",""
"2026-09-14 11:15:37","775752471","ANSWERED","00:02:38","00:00:14","6","10",""
"2026-09-14 11:25:50","0740548072","BUSY","00:00:00","00:00:13","6","10",""
"2026-09-14 11:25:50","0740548072","FAILED","00:00:00","00:00:00","2","10",""
"2026-09-14 11:27:25","0740548072","BUSY","00:00:00","00:01:11","6","10",""
"2026-09-14 11:27:25","0740548072","FAILED","00:00:00","00:00:00","2","10",""
"2026-09-14 11:30:27","0740548072","NO ANSWER","00:00:00","00:00:30","6","10",""
"2026-09-14 12:20:42","776578349","NO ANSWER","00:00:00","00:00:23","6","10",""
"2026-09-14 12:21:10","776578349","NO ANSWER","00:00:00","00:00:20","6","10",""
"2026-09-14 12:21:47","766701331","ANSWERED","00:01:51","00:00:16","6","10",""
"2026-09-14 13:49:30","774287273","ANSWERED","00:01:15","00:00:14","6","10",""
"2026-09-14 13:57:59","741112395","NO ANSWER","00:00:00","00:00:53","6","10",""
"2026-09-14 13:57:59","741112395","FAILED","00:00:00","00:00:00","2","10",""
"2026-09-14 13:59:15","774287273","NO ANSWER","00:00:00","00:00:53","6","10",""
"2026-09-14 13:59:15","774287273","FAILED","00:00:00","00:00:00","2","10",""
"2026-09-14 14:54:28","0772072477","NO ANSWER","00:00:00","00:01:00","6","10",""
"2026-09-14 15:58:14","0760394665","FAILED","00:00:00","00:00:00","2","10",""
"2026-09-14 15:58:45","0761920559","FAILED","00:00:00","00:00:00","2","10",""
"2026-09-14 15:59:04","0760394665","FAILED","00:00:00","00:00:00","2","10",""
"2026-09-14 16:06:28","0773110321","FAILED","00:00:00","00:00:00","2","10",""
"2026-09-14 16:06:41","0773110321","FAILED","00:00:00","00:00:00","2","10",""
"2026-09-14 16:07:02","0769662511","FAILED","00:00:00","00:00:00","2","10",""
"2026-09-14 16:07:08","0769662511","FAILED","00:00:00","00:00:00","2","10",""
"2026-09-16 09:27:53","0768474017","BUSY","00:00:00","00:00:41","6","10",""
"2026-09-16 09:27:53","0768474017","FAILED","00:00:00","00:00:00","2","10",""
"2026-09-16 11:45:13","0775121461","ANSWERED","00:00:17","00:00:24","6","10",""
"2026-09-16 11:46:21","0775121461","ANSWERED","00:01:07","00:00:15","6","10",""
"2026-09-16 11:49:47","0775121461","ANSWERED","00:00:19","00:00:12","6","10",""
"2026-09-16 12:06:41","0812220311","BUSY","00:00:00","00:00:01","6","10",""
"2026-09-16 12:06:41","0812220311","FAILED","00:00:00","00:00:00","2","10",""
"2026-09-16 12:06:54","0812220311","BUSY","00:00:00","00:00:01","6","10",""
"2026-09-16 12:06:54","0812220311","FAILED","00:00:00","00:00:00","2","10",""
"2026-09-16 12:07:09","812220311","BUSY","00:00:00","00:00:01","6","10",""
"2026-09-16 12:07:09","812220311","FAILED","00:00:00","00:00:00","2","10",""
"2026-09-16 12:07:59","0812220311","BUSY","00:00:00","00:00:01","6","10",""
"2026-09-16 12:07:59","0812220311","FAILED","00:00:00","00:00:00","2","10",""
"2026-09-16 12:08:17","0812220311","BUSY","00:00:00","00:00:01","6","10",""
"2026-09-16 12:08:17","0812220311","FAILED","00:00:00","00:00:00","2","10",""
"2026-09-16 12:08:29","0812220311","BUSY","00:00:00","00:00:01","6","10",""
"2026-09-16 12:08:29","0812220311","FAILED","00:00:00","00:00:00","2","10",""
"2026-09-16 12:08:45","0758311632","NO ANSWER","00:00:00","00:00:54","6","10",""
"2026-09-16 12:08:45","0758311632","FAILED","00:00:00","00:00:00","2","10",""
"2026-09-16 12:21:25","0769284691","ANSWERED","00:00:45","00:00:06","6","10",""
"2026-09-16 14:03:10","0768520653","ANSWERED","00:02:17","00:00:04","6","10",""
"2026-09-16 14:36:57","0788922250","BUSY","00:00:00","00:00:48","6","10",""
"2026-09-16 14:36:57","0788922250","FAILED","00:00:00","00:00:00","2","10",""
"2026-09-16 16:28:20","0763933407","ANSWERED","00:00:34","00:00:06","6","10",""
"2026-09-16 16:42:40","0726280078","ANSWERED","00:00:29","00:00:20","6","10",""
"2026-09-16 16:43:51","0776840175","CONGESTION","00:00:00","00:00:18","6","10",""
"2026-09-16 16:43:51","0776840175","FAILED","00:00:00","00:00:00","2","10",""
"2026-09-16 16:45:40","0763933407","NO ANSWER","00:00:00","00:00:53","6","10",""
"2026-09-16 16:45:40","0763933407","FAILED","00:00:00","00:00:00","2","10",""
"2026-09-16 17:08:39","0773259319","ANSWERED","00:00:20","00:00:40","6","10",""
"2026-09-16 17:10:38","0726280078","ANSWERED","00:03:51","00:00:22","6","10",""
"2026-09-16 17:11:44","0776840175","NO ANSWER","00:00:00","00:00:53","6","10",""
"2026-09-16 17:23:05","0763933407","NO ANSWER","00:00:00","00:00:53","6","10",""
"2026-09-16 17:23:05","0763933407","FAILED","00:00:00","00:00:00","2","10",""
"2026-09-17 08:54:30","0788178146","ANSWERED","00:02:22","00:00:09","6","10",""
"2026-09-17 14:06:28","0758311632","ANSWERED","00:00:48","00:00:10","6","10",""
"2026-09-17 15:13:38","0472230250","ANSWERED","00:05:01","00:00:13","6","10",""
"2026-09-17 15:28:00","0758311632","ANSWERED","00:01:05","00:00:16","6","10",""
"2026-09-18 08:58:30","0770125756","ANSWERED","00:01:51","00:00:15","6","10",""
"2026-09-18 09:02:44","0704753062","ANSWERED","00:01:40","00:00:14","6","10",""
"2026-09-18 13:28:23","0472230250","ANSWERED","00:00:37","00:00:36","6","10",""
"2026-09-18 13:30:06","0472230262","BUSY","00:00:00","00:01:00","6","10",""
"2026-09-18 13:30:06","0472230262","FAILED","00:00:00","00:00:00","2","10",""
"2026-09-18 13:37:10","0711856433","ANSWERED","00:00:37","00:00:15","6","10",""
"2026-09-18 14:02:19","0760094100","BUSY","00:00:00","00:00:03","6","10",""
"2026-09-18 14:02:19","0760094100","FAILED","00:00:00","00:00:00","2","10",""
"2026-09-18 14:02:29","0760094100","BUSY","00:00:00","00:00:02","6","10",""
"2026-09-18 14:02:29","0760094100","FAILED","00:00:00","00:00:00","2","10",""
"2026-09-18 14:03:00","0760094100","BUSY","00:00:00","00:00:02","6","10",""
"2026-09-18 14:03:00","0760094100","FAILED","00:00:00","00:00:00","2","10",""
"2026-09-18 14:03:16","0760094100","BUSY","00:00:00","00:00:02","6","10",""
"2026-09-18 14:03:16","0760094100","FAILED","00:00:00","00:00:00","2","10",""
"2026-09-18 14:03:57","0760094100","BUSY","00:00:00","00:00:02","6","10",""
"2026-09-18 14:03:57","0760094100","FAILED","00:00:00","00:00:00","2","10",""
"2026-09-18 15:01:24","0767615608","ANSWERED","00:00:24","00:00:31","6","10",""
"2026-09-18 15:20:49","0472230262","NO ANSWER","00:00:00","00:00:49","6","10",""
"2026-09-18 15:21:46","0472230250","ANSWERED","00:03:48","00:00:21","6","10",""
"2026-09-21 16:14:39","0718643367","ANSWERED","00:02:49","00:00:21","6","10",""
"2026-09-22 08:55:39","0704753062","ANSWERED","00:03:12","00:00:08","6","10",""
"2026-09-22 08:59:54","0718505430","ANSWERED","00:00:40","00:00:16","6","10",""
"2026-09-22 09:03:23","0711318334","ANSWERED","00:01:44","00:00:09","6","10",""
"2026-09-22 09:11:15","0720808613","BUSY","00:00:00","00:00:50","6","10",""
"2026-09-22 09:11:15","0720808613","FAILED","00:00:00","00:00:00","2","10",""
"2026-09-22 09:49:34","0112667510","ANSWERED","00:00:00","00:00:26","6","10",""
"2026-09-22 10:34:01","0754536869","ANSWERED","00:01:59","00:00:05","6","10",""
"2026-09-22 13:09:03","703637386","ANSWERED","00:01:54","00:00:10","6","10",""
"2026-09-22 13:27:16","763933407","ANSWERED","00:00:44","00:00:08","6","10",""
"2026-09-22 14:17:22","763933407","ANSWERED","00:00:18","00:00:10","6","10",""
"2026-09-22 14:18:31","773712895","BUSY","00:00:00","00:00:50","6","10",""
"2026-09-22 14:18:31","773712895","FAILED","00:00:00","00:00:00","2","10",""
"2026-09-22 14:34:50","773712895","NO ANSWER","00:00:00","00:00:19","6","10",""
"2026-09-22 15:01:51","701816067","ANSWERED","00:00:45","00:00:16","6","10",""
"2026-09-22 15:17:29","717371809","ANSWERED","00:00:46","00:00:06","6","10",""
"2026-09-22 16:41:31","0703637073","ANSWERED","00:00:11","00:00:17","6","10",""
"2026-09-23 08:54:56","0711786878","BUSY","00:00:00","00:00:23","6","10",""
"2026-09-23 08:54:56","0711786878","FAILED","00:00:00","00:00:00","2","10",""
"2026-09-23 08:55:44","0711369073","ANSWERED","00:01:29","00:00:10","6","10",""
"2026-09-23 08:58:02","0781632019","BUSY","00:00:00","00:00:22","6","10",""
"2026-09-23 08:58:02","0781632019","FAILED","00:00:00","00:00:00","2","10",""
"2026-09-23 09:11:09","0711786878","ANSWERED","00:01:30","00:00:22","6","10",""
"2026-09-23 09:31:31","773595239","NO ANSWER","00:00:00","00:00:39","6","10",""
"2026-09-23 09:45:52","777285854","NO ANSWER","00:00:00","00:00:52","6","10",""
"2026-09-23 09:59:13","777285854","NO ANSWER","00:00:00","00:00:30","6","10",""
"2026-09-23 10:00:04","0789766680","NO ANSWER","00:00:00","00:00:32","6","10",""
"2026-09-23 11:10:27","0789766680","ANSWERED","00:00:39","00:00:11","6","10",""
"2026-09-23 12:42:10","768513713","ANSWERED","00:00:38","00:00:18","6","10",""
"2026-09-23 12:56:47","777829480","NO ANSWER","00:00:00","00:00:53","6","10",""
"2026-09-23 13:24:33","0767002378","ANSWERED","00:01:11","00:00:15","6","10",""
"2026-09-23 15:06:43","701772888","ANSWERED","00:00:58","00:00:16","6","10",""
"2026-09-24 10:13:53","754536869","ANSWERED","00:00:49","00:00:21","6","10",""
"2026-09-24 10:51:07","702862024","ANSWERED","00:01:12","00:00:09","6","10",""
"2026-09-24 11:09:28","712975558","ANSWERED","00:01:50","00:00:11","6","10",""
"2026-09-24 11:12:12","773129103","ANSWERED","00:03:20","00:00:09","6","10",""
"2026-09-24 11:38:49","778094688","NO ANSWER","00:00:00","00:00:54","6","10",""
"2026-09-24 11:38:49","778094688","FAILED","00:00:00","00:00:00","2","10",""
"2026-09-24 11:40:25","778094688","ANSWERED","00:01:28","00:00:17","6","10",""
"2026-09-24 13:53:35","0788791708","BUSY","00:00:00","00:01:01","6","10",""
"2026-09-24 13:53:35","0788791708","FAILED","00:00:00","00:00:00","2","10",""
"2026-09-24 13:56:58","741105110","ANSWERED","00:01:01","00:00:24","6","10",""
"2026-09-24 14:22:38","701260288","ANSWERED","00:00:51","00:00:13","6","10",""
"2026-09-24 15:13:06","778094688","ANSWERED","00:02:59","00:00:47","6","10",""
"2026-09-24 15:17:21","0758623255","BUSY","00:00:00","00:00:36","6","10",""
"2026-09-24 15:17:21","0758623255","FAILED","00:00:00","00:00:00","2","10",""
"2026-09-24 15:18:08","0758623255","BUSY","00:00:00","00:00:36","6","10",""
"2026-09-24 15:18:08","0758623255","FAILED","00:00:00","00:00:00","2","10",""
"2026-09-24 15:47:55","0758623255","BUSY","00:00:00","00:00:52","6","10",""
"2026-09-24 15:47:55","0758623255","FAILED","00:00:00","00:00:00","2","10",""
"2026-09-24 15:53:06","776033685","ANSWERED","00:00:41","00:00:12","6","10",""
"2026-09-24 16:05:41","702862024","ANSWERED","00:00:48","00:00:07","6","10",""
"2026-09-24 16:07:50","771126255","ANSWERED","00:01:38","00:00:22","6","10",""
"2026-09-25 08:55:11","0771711970","ANSWERED","00:03:09","00:00:13","6","10",""
"2026-09-25 10:25:50","764239832","BUSY","00:00:00","00:00:01","6","10",""
"2026-09-25 10:25:50","764239832","FAILED","00:00:00","00:00:00","2","10",""
"2026-09-25 10:26:03","764239832","BUSY","00:00:00","00:00:01","6","10",""
"2026-09-25 10:26:03","764239832","FAILED","00:00:00","00:00:00","2","10",""
"2026-09-25 10:27:28","772002015","CONGESTION","00:00:00","00:00:50","6","10",""
"2026-09-25 10:27:28","772002015","FAILED","00:00:00","00:00:00","2","10",""
"2026-09-25 10:32:06","772002015","BUSY","00:00:00","00:00:53","6","10",""
"2026-09-25 10:32:06","772002015","FAILED","00:00:00","00:00:00","2","10",""
"2026-09-25 10:42:16","772002015","NO ANSWER","00:00:00","00:00:24","6","10",""
"2026-09-25 10:42:46","772002015","CONGESTION","00:00:00","00:00:34","6","10",""
"2026-09-25 10:42:46","772002015","FAILED","00:00:00","00:00:00","2","10",""
"2026-09-25 11:40:46","0750456148","ANSWERED","00:01:24","00:00:12","6","10",""
"2026-09-25 13:08:32","0702372000","ANSWERED","00:04:12","00:00:11","6","10",""
"2026-09-25 13:16:28","0777030624","ANSWERED","00:00:52","00:00:08","6","10",""
"2026-09-25 13:19:46","0773916587","ANSWERED","00:00:27","00:00:09","6","10",""
"2026-09-25 14:59:48","0713060382","ANSWERED","00:01:50","00:00:10","6","10",""
"2026-09-25 17:17:35","764396941","NO ANSWER","00:00:00","00:00:15","6","10",""
"2026-09-25 17:17:54","764396941","NO ANSWER","00:00:00","00:01:09","6","10",""
"2026-09-25 17:40:37","0760004776","ANSWERED","00:02:25","00:00:07","6","10",""
"2026-09-28 12:53:44","0775226425","ANSWERED","00:04:40","00:00:05","6","10",""
"2026-09-28 14:05:10","0764396941","NO ANSWER","00:00:00","00:01:21","6","10",""
"2026-09-28 14:05:10","0764396941","FAILED","00:00:00","00:00:00","2","10",""
"2026-09-28 14:54:20","0716321360","ANSWERED","00:02:06","00:00:08","6","10",""
"2026-09-28 15:04:18","0711463981","ANSWERED","00:00:22","00:00:11","6","10",""
"2026-09-28 15:27:49","0723282296","BUSY","00:00:00","00:01:02","6","10",""
"2026-09-28 15:27:49","0723282296","FAILED","00:00:00","00:00:00","2","10",""
"2026-09-28 17:54:32","0715781282","ANSWERED","00:01:40","00:00:12","6","10",""
"2026-09-29 10:56:08","0725553687","ANSWERED","00:01:00","00:00:15","6","10",""
"2026-09-29 10:57:29","0777713967","ANSWERED","00:00:38","00:00:06","6","10",""
"2026-09-29 11:43:35","0775226425","ANSWERED","00:02:50","00:00:03","6","10",""
"2026-09-29 11:50:49","94777829480","NO ANSWER","00:00:00","00:00:41","6","10",""
"2026-09-29 11:52:53","0756848273","BUSY","00:00:00","00:00:00","6","10",""
"2026-09-29 11:52:53","0756848273","FAILED","00:00:00","00:00:00","2","10",""
"2026-09-29 11:53:03","0756848273","BUSY","00:00:00","00:00:00","6","10",""
"2026-09-29 11:53:03","0756848273","FAILED","00:00:00","00:00:00","2","10",""
"2026-09-29 11:53:12","0756848273","BUSY","00:00:00","00:00:00","6","10",""
"2026-09-29 11:53:12","0756848273","FAILED","00:00:00","00:00:00","2","10",""
"2026-09-29 11:53:47","756848273","BUSY","00:00:00","00:00:00","6","10",""
"2026-09-29 11:53:47","756848273","FAILED","00:00:00","00:00:00","2","10",""
"2026-09-29 11:55:00","0756848273","ANSWERED","00:00:45","00:00:06","6","10",""
"2026-09-29 11:56:35","0756848273","NO ANSWER","00:00:00","00:00:20","6","10",""
"2026-09-29 11:58:22","0703273793","NO ANSWER","00:00:00","00:00:03","6","10",""
"2026-09-29 12:12:48","0752227922","ANSWERED","00:03:12","00:00:08","6","10",""
"2026-09-29 12:17:17","0777829480","NO ANSWER","00:00:00","00:01:21","6","10",""
"2026-09-29 12:17:17","0777829480","FAILED","00:00:00","00:00:00","2","10",""
"2026-09-29 12:27:57","741441965","ANSWERED","00:02:25","00:00:14","6","10",""
"2026-09-29 12:30:59","0701272009","ANSWERED","00:00:50","00:00:08","6","10",""
"2026-09-29 15:14:15","0710228732","ANSWERED","00:01:34","00:00:11","6","10",""
"2026-09-29 15:16:37","0785531683","BUSY","00:00:00","00:00:21","6","10",""
"2026-09-29 15:16:37","0785531683","FAILED","00:00:00","00:00:00","2","10",""
"2026-09-29 15:17:06","0785531683","BUSY","00:00:00","00:00:21","6","10",""
"2026-09-29 15:17:06","0785531683","FAILED","00:00:00","00:00:00","2","10",""
"2026-09-29 15:20:04","0785531683","BUSY","00:00:00","00:00:21","6","10",""
"2026-09-29 15:20:04","0785531683","FAILED","00:00:00","00:00:00","2","10",""
"2026-09-29 16:08:06","0762133324","BUSY","00:00:00","00:00:41","6","10",""
"2026-09-29 16:08:06","0762133324","FAILED","00:00:00","00:00:00","2","10",""
"2026-09-29 16:58:35","0704753062","NO ANSWER","00:00:00","00:00:26","6","10",""
"2026-09-30 09:35:12","773129103","ANSWERED","00:02:33","00:00:16","6","10",""
"2026-09-30 09:38:46","703273793","ANSWERED","00:00:30","00:00:32","6","10",""
"2026-09-30 09:48:52","777829480","NO ANSWER","00:00:00","00:01:21","6","10",""
"2026-09-30 09:48:52","777829480","FAILED","00:00:00","00:00:00","2","10",""
"2026-09-30 10:00:16","0777749752","ANSWERED","00:02:03","00:00:06","6","10",""
"2026-09-30 10:23:24","777829480","NO ANSWER","00:00:00","00:00:57","6","10",""
"2026-09-30 10:24:32","775181263","ANSWERED","00:01:02","00:00:05","6","10",""
"2026-09-30 10:25:57","775226425","ANSWERED","00:01:05","00:00:11","6","10",""
"2026-09-30 11:34:21","772002015","BUSY","00:00:00","00:00:52","6","10",""
"2026-09-30 11:34:21","772002015","FAILED","00:00:00","00:00:00","2","10",""
"2026-09-30 11:35:21","772002015","BUSY","00:00:00","00:00:51","6","10",""
"2026-09-30 11:35:21","772002015","FAILED","00:00:00","00:00:00","2","10",""
"2026-09-30 11:36:24","772002015","ANSWERED","00:00:52","00:00:31","6","10",""
"2026-09-30 11:44:34","741105110","ANSWERED","00:01:42","00:00:19","6","10",""
"2026-09-30 13:07:03","757096071","NO ANSWER","00:00:00","00:00:14","6","10",""
"2026-09-30 13:07:23","757096071","NO ANSWER","00:00:00","00:00:06","6","10",""
"2026-09-30 14:43:44","0741441965","ANSWERED","00:01:43","00:00:17","6","10",""
"2026-09-30 16:14:48","773129103","ANSWERED","00:01:21","00:00:45","6","10",""
"2026-09-30 16:17:37","0774398671","ANSWERED","00:01:00","00:00:22","6","10",""
